,Close_diff_MA_7,Volume_diff_MA_7,Close_diff_MA_30,Volume_diff_MA_30,Close_diff_MA_90,Volume_diff_MA_90,Close_diff_MA_180,Volume_diff_MA_180,price_change_term_7,price_change_term_30,price_change_term_120,price_change_term_240,Symbol,Close,Volume,reportedEPS,estimatedEPS,surprise,surprisePercentage,Margin_Gross,Margin_Operating,Margin_Net_Profit,insider_acquisition,insider_disposal,mean_sentiment,mean_outlook,^VIX,SPY,CL=F,BZ=F,BTC=F,10year,5year,3year,2year
2024-08-23,0.03694679233738766,0.3177361552505239,0.0525592567621664,0.024650122836558368,0.04567649199779314,0.12063334389592277,-0.046014729907287256,0.3604033104993235,-0.031600915527321805,0.1619221889447704,0.0,0.0,CZR,38.290000915527344,5568000.0,0.34,0.12,0.05,17.2414,0.4176678445229682,0.2250883392226148,0.0307308970099667,0.0059555110432073,0.0009504399727897,0.2,0.5,15.859999656677246,562.1300048828125,74.83000183105469,79.0199966430664,63815.0,3.72,3.5,3.72,3.62
2024-08-26,0.012449260580696748,0.23301139406474491,0.030077178986275276,-0.12018364250957604,0.02182093487714222,-0.043226319278534514,-0.06709264080575442,0.16353231004107333,-0.008553854480872314,0.15584073389024589,0.0,0.0,CZR,37.40999984741211,4769200.0,0.34,0.12,0.05,17.2414,0.4176678445229682,0.2250883392226148,0.0307308970099667,0.0059555110432073,0.0009504399727897,0.2,0.5,16.149999618530273,560.7899780273438,77.41999816894531,81.43000030517578,63330.0,3.72,3.5,3.72,3.62
2024-08-27,0.019771061412510064,0.27590629852156884,0.042701066334083104,-0.005060067962995548,0.03259877587643188,0.0772417822632806,-0.05662995594069998,0.31419885045458174,-0.024603183173188325,0.1748677445440494,0.0,0.0,CZR,37.79999923706055,5400000.0,0.34,0.12,0.05,17.2414,0.4176678445229682,0.2250883392226148,0.0307308970099667,0.0059555110432073,0.0009504399727897,0.2,0.5,15.43000030517578,561.5599975585938,75.52999877929688,79.55000305175781,62055.0,3.72,3.5,3.72,3.62
2024-08-28,-0.0007314232247051635,-0.020159756561430202,0.024177405990844173,-0.18554745982632992,0.013342449983237444,-0.1265079466394332,-0.07334745221847068,0.06952852637797508,-0.029126261535137754,0.17610567575074842,0.0,0.0,CZR,37.08000183105469,4379200.0,0.34,0.12,0.05,17.2414,0.4176678445229682,0.2250883392226148,0.0307308970099667,0.0059555110432073,0.0009504399727897,0.2,0.5,17.110000610351562,558.2999877929688,74.5199966430664,78.6500015258789,58950.0,3.72,3.5,3.72,3.62
2024-08-29,-0.0018802105725767573,-0.30871831710560804,0.025820334014910573,-0.4247689199173691,0.016133435831353807,-0.39270519257611497,-0.06986705335570983,-0.24938645826174038,-0.028525333090517635,0.19779328590694178,0.0,0.0,CZR,37.15999984741211,3051900.0,0.34,0.12,0.05,17.2414,0.4176678445229682,0.2250883392226148,0.0307308970099667,0.0059555110432073,0.0009504399727897,0.2,0.5,15.649999618530272,558.3499755859375,75.91000366210938,79.94000244140625,59275.0,3.72,3.5,3.72,3.62
2024-08-30,0.006071237319470824,1.1567942023352273,0.03832571102439219,1.152956669503786,0.02952168881938407,1.3522221689576805,-0.05649974258594612,1.9407233538208422,-0.03427207588855896,0.20961741545134838,0.0,0.0,CZR,37.63999938964844,12048900.0,0.34,0.12,0.05,17.2414,0.4176678445229682,0.2250883392226148,0.0307308970099667,0.0059555110432073,0.0009504399727897,0.2,0.5,15.0,563.6799926757812,73.55000305175781,78.80000305175781,59165.640625,3.72,3.5,3.72,3.62
2024-09-01,0.006071237319470824,1.1567942023352273,0.03832571102439219,1.152956669503786,0.02952168881938407,1.3522221689576805,-0.05649974258594612,1.9407233538208422,-0.03427207588855896,0.20961741545134838,0.0,0.0,CZR,37.63999938964844,12048900.0,0.34,0.12,0.05,17.2414,0.4176678445229682,0.2250883392226148,0.0307308970099667,0.0059555110432073,0.0009504399727897,0.2,0.5,15.0,563.6799926757812,73.55000305175781,78.80000305175781,59165.640625,3.72,3.5,3.72,3.62
2024-09-03,-0.028966698398471512,-0.11049033556581185,0.0014805855329976588,-0.0933389612288305,-0.006604416174513836,-0.00341508647009314,-0.0886965958122829,0.247922806288704,0.006336075676869779,0.23994488340319764,0.0,0.0,CZR,36.29999923706055,5126600.0,0.34,0.12,0.05,17.2414,0.4176678445229682,0.2250883392226148,0.0307308970099667,0.0059555110432073,0.0009504399727897,0.2,0.5,20.719999313354492,552.0800170898438,70.33999633789062,73.75,58240.0,3.72,3.5,3.72,3.62
2024-09-04,-0.0034936399549107696,0.025612518621596927,0.022717914601965077,0.03390109366746621,0.014596346368654044,0.16126710563428226,-0.06754379340990178,0.44906738154828696,0.04827392158678223,0.2038834192360317,0.0,0.0,CZR,37.08000183105469,5969900.0,0.34,0.12,0.05,17.2414,0.4176678445229682,0.2250883392226148,0.0307308970099667,0.0059555110432073,0.0009504399727897,0.2,0.5,21.31999969482422,550.9500122070312,69.19999694824219,72.69999694824219,58355.0,3.72,3.5,3.72,3.62
2024-09-05,-0.0019988485670330842,-0.40379138483446064,0.02029213815233682,-0.4153365284191773,0.015018048104642981,-0.3467830165967884,-0.06608286857092396,-0.1878522273884447,0.0630897854667336,0.22809380020674852,0.0,0.0,CZR,37.09000015258789,3349500.0,0.34,0.12,0.05,17.2414,0.4176678445229682,0.2250883392226148,0.0307308970099667,0.0059555110432073,0.0009504399727897,0.2,0.5,19.899999618530273,549.6099853515625,69.1500015258789,72.69000244140625,56215.0,3.72,3.5,3.72,3.62
2024-09-06,-0.0043592650728661985,-0.3076060886956476,0.010884729007159208,-0.34514103238920973,0.008675373262237667,-0.26800567915896734,-0.07021774420771393,-0.09944672111326415,0.09167347887260835,0.22538653686004362,0.0,0.0,CZR,36.869998931884766,3724100.0,0.34,0.12,0.05,17.2414,0.4176678445229682,0.2250883392226148,0.0307308970099667,0.0059555110432073,0.0009504399727897,0.2,0.5,22.3799991607666,540.3599853515625,67.66999816894531,71.05999755859375,53695.0,3.72,3.5,3.72,3.62
2024-09-09,-0.02378554042057018,-0.3030121786197564,-0.013815715773792108,-0.3492814108954816,-0.015011949573544995,-0.264143207160358,-0.09077898662945737,-0.11125288973860636,0.11861112382676864,0.21666664547390413,0.0,0.0,CZR,36.0,3679100.0,0.34,0.12,0.05,17.2414,0.4176678445229682,0.2250883392226148,0.0307308970099667,0.0059555110432073,0.0009504399727897,0.2,0.5,19.450000762939453,546.4099731445312,68.70999908447266,71.83999633789062,57410.0,3.72,3.5,3.72,3.62
2024-09-10,-0.017037532018461667,-0.32970459722896517,-0.010696941331060165,-0.3559678423478459,-0.012564094631535384,-0.27893377733238994,-0.0867862683717251,-0.1348566235058561,0.15180065342279803,0.21939064593922808,0.0,0.0,CZR,36.099998474121094,3589700.0,0.34,0.12,0.05,17.2414,0.4176678445229682,0.2250883392226148,0.0307308970099667,0.0059555110432073,0.0009504399727897,0.2,0.5,19.079999923706055,548.7899780273438,65.75,69.19000244140625,58195.0,3.72,3.5,3.72,3.62
2024-09-11,-0.00523870283111276,-0.0311357978696382,-0.0033450735032259714,-0.24959877975181272,-0.006034022359027809,-0.17979232216891608,-0.07906297434725384,-0.017767141050859407,0.14030268233571563,0.17744156901496022,0.0,0.0,CZR,36.349998474121094,4086600.0,0.34,0.12,0.05,17.2414,0.4176678445229682,0.2250883392226148,0.0307308970099667,0.0059555110432073,0.0009504399727897,0.2,0.5,17.690000534057617,554.4199829101562,67.30999755859375,70.61000061035156,57860.0,3.72,3.5,3.72,3.62
2024-09-12,-0.0012108631827712005,0.10398240781015901,0.0047307016568958705,-0.11166550322102681,-0.0012576892925010809,-0.08610239502896962,-0.07302958363698024,0.09410692639016566,0.13331516313496494,0.1960032873439348,0.0,0.0,CZR,36.529998779296875,4568500.0,0.34,0.12,0.05,17.2414,0.4176678445229682,0.2250883392226148,0.0307308970099667,0.0059555110432073,0.0009504399727897,0.2,0.5,17.06999969482422,559.0900268554688,68.97000122070312,71.97000122070312,58580.0,3.72,3.5,3.72,3.62
2024-09-13,0.0553896246298441,0.3094409920323513,0.06761270041580432,0.0521666054724831,0.06190577265267574,0.0550717638692898,-0.012535631080510125,0.26212062691173027,0.05093901715063209,0.13660924927207185,0.0,0.0,CZR,38.869998931884766,5291900.0,0.34,0.12,0.05,17.2414,0.4176678445229682,0.2250883392226148,0.0307308970099667,0.0059555110432073,0.0009504399727897,0.2,0.5,16.559999465942383,562.010009765625,68.6500015258789,71.61000061035156,59935.0,3.72,3.5,3.72,3.62
2024-09-16,0.0609648610872423,0.15471746125283353,0.0792686381437442,-0.008366929194081761,0.07615608637318762,-0.02193311871147471,0.002745142533003796,0.1707763748262959,0.029672791272886023,0.1547044997948015,0.0,0.0,CZR,39.43000030517578,4926800.0,0.34,0.12,0.05,17.2414,0.4176678445229682,0.2250883392226148,0.0307308970099667,0.0059555110432073,0.0009504399727897,0.2,0.5,17.139999389648438,562.8400268554688,70.08999633789062,72.75,57985.0,3.72,3.5,3.72,3.62
2024-09-17,0.06913825895928051,0.41409371594624045,0.09467214638228795,0.3529123563991843,0.09755432398657206,0.30445694767993836,0.024688701114551802,0.5648156406689866,0.02062116350446419,0.124968913771351,0.0,0.0,CZR,40.25,6618100.0,0.34,0.12,0.05,17.2414,0.4176678445229682,0.2250883392226148,0.0307308970099667,0.0059555110432073,0.0009504399727897,0.2,0.5,17.610000610351562,563.0700073242188,71.19000244140625,73.69999694824219,60105.0,3.72,3.5,3.72,3.62
2024-09-18,0.05261392092169472,0.028821757405631098,0.0895857728749671,0.04448698395272331,0.09674062550118355,-0.011913878271386704,0.025884173255452014,0.18299510931732302,0.03476527676353025,0.03215788811086662,0.0,0.0,CZR,40.27000045776367,5010700.0,0.34,0.12,0.05,17.2414,0.4176678445229682,0.2250883392226148,0.0307308970099667,0.0059555110432073,0.0009504399727897,0.2,0.5,18.229999542236328,561.4000244140625,70.91000366210938,73.6500015258789,60140.0,3.72,3.5,3.72,3.62
2024-09-19,0.06506152706933087,-0.11297299928139319,0.11837332555671401,-0.06193041006236707,0.13060139229823126,-0.13075232936484635,0.05975610293177859,0.041966492721779804,0.003848000008807473,-0.0367965975617498,0.0,0.0,CZR,41.58000183105469,4426100.0,0.34,0.12,0.05,17.2414,0.4176678445229682,0.2250883392226148,0.0307308970099667,0.0059555110432073,0.0009504399727897,0.2,0.5,16.329999923706055,570.97998046875,71.94999694824219,74.87999725341797,63415.0,3.72,3.5,3.72,3.62
2024-09-20,0.0422803514164115,0.4191624660721209,0.10953479420597609,0.616948313896353,0.1254548166015149,0.5242257092932159,0.056960570888542957,0.8328298766478105,-0.0156815805528302,-0.0537997467114687,0.0,0.0,CZR,41.45000076293945,7842900.0,0.34,0.12,0.05,17.2414,0.4176678445229682,0.2250883392226148,0.0307308970099667,0.0059555110432073,0.0009504399727897,0.2,0.5,16.149999618530273,568.25,71.91999816894531,74.48999786376953,62935.0,3.72,3.5,3.72,3.62
2024-09-23,0.02312447229741302,-0.3811586341786662,0.1024027805036916,-0.31259297426223104,0.12236018840931305,-0.35712203873580756,0.05641144031549314,-0.22796864262677435,0.03743959371817063,-0.04227052984300217,0.0,0.0,CZR,41.400001525878906,3308600.0,0.34,0.12,0.05,17.2414,0.4176678445229682,0.2250883392226148,0.0307308970099667,0.0059555110432073,0.0009504399727897,0.2,0.5,15.890000343322754,569.6699829101562,70.37000274658203,73.9000015258789,63360.0,3.72,3.5,3.72,3.62
2024-09-24,0.002524229405884271,-0.36293790169276724,0.08258757081714826,-0.3294063207393789,0.10560451399942343,-0.37431539951064235,0.04310296540817177,-0.24933384562018074,0.07343941522789854,0.0,0.0,0.0,CZR,40.849998474121094,3217200.0,0.34,0.12,0.05,17.2414,0.4176678445229682,0.2250883392226148,0.0307308970099667,0.0059555110432073,0.0009504399727897,0.2,0.5,15.390000343322754,571.2999877929688,71.55999755859375,75.16999816894531,64460.0,3.72,3.5,3.72,3.62
2024-09-25,-0.0076816068271998396,-0.46471600688468157,0.07089158273261621,-0.4639490427788142,0.09716216944629678,-0.5088627996373645,0.037419752142537045,-0.4124314371818872,0.09532026827658169,0.0,0.0,0.0,CZR,40.599998474121094,2519100.0,0.34,0.12,0.05,17.2414,0.4176678445229682,0.2250883392226148,0.0307308970099667,0.0059555110432073,0.0009504399727897,0.2,0.5,15.40999984741211,570.0399780273438,69.69000244140625,73.45999908447266,63200.0,3.72,3.5,3.72,3.62
2024-09-26,0.0011489379820781116,-0.006891201168309602,0.07758361844304312,-0.072913796874068,0.10809074022561681,-0.15209560306182288,0.050290227941701224,0.012092068550273345,0.08300875597416102,0.0,0.0,0.0,CZR,41.08000183105469,4352200.0,0.34,0.12,0.05,17.2414,0.4176678445229682,0.2250883392226148,0.0307308970099667,0.0059555110432073,0.0009504399727897,0.2,0.5,15.369999885559082,572.2999877929688,67.66999816894531,71.5999984741211,64735.0,3.72,3.5,3.72,3.62
2024-09-27,0.010601760396279076,0.13631571904608034,0.08884239254716926,0.07707044116044166,0.12196080088634519,-0.03112238139721729,0.06578790916213478,0.15479926797342453,0.03767707171850887,0.0,0.0,0.0,CZR,41.66999816894531,4973800.0,0.34,0.12,0.05,17.2414,0.4176678445229682,0.2250883392226148,0.0307308970099667,0.0059555110432073,0.0009504399727897,0.2,0.5,16.959999084472656,571.469970703125,68.18000030517578,71.9800033569336,66196.90625,3.72,3.5,3.72,3.62
2024-09-30,0.011738671086232765,-0.14280358063457843,0.08616835854697254,-0.21246054767505787,0.1214903489056111,-0.2855885800069397,0.0680351800061433,-0.15134206505990833,0.06396737090508386,0.0,0.0,0.0,CZR,41.7400016784668,3658000.0,0.34,0.12,0.05,17.2414,0.7039086821169146,0.2227602905569007,0.0307308970099667,0.0059555110432073,0.0009504399727897,0.2,0.5,16.729999542236328,573.760009765625,68.16999816894531,71.7699966430664,63745.0,3.72,3.5,3.72,3.62
2024-10-01,-0.008815175732647205,-0.13220632856523623,0.05803639204582294,-0.3307557389402094,0.09353407081780321,-0.3843856363231037,0.04448591888573511,-0.27753498850057334,0.06887258396658402,0.0,0.0,0.0,CZR,40.79999923706055,3117400.0,0.34,0.12,0.05,17.2414,0.7039086821169146,0.2227602905569007,0.0307308970099667,0.0059555110432073,0.0009504399727897,0.2,0.5,19.260000228881836,568.6199951171875,69.83000183105469,73.55999755859375,61965.0,4.1,3.91,4.1,3.97
2024-10-02,0.037833569559956044,0.9232866612643967,0.10742496819705859,0.716616165004527,0.14797283963962532,0.6226597333018352,0.10008638885041686,0.9134815205437155,0.036321246353500314,0.0,0.0,0.0,CZR,42.95000076293945,8273100.0,0.34,0.12,0.05,17.2414,0.7039086821169146,0.2227602905569007,0.0307308970099667,0.0010777103311316,0.0009504399727897,1.0,1.0,18.899999618530273,568.8599853515625,70.0999984741211,73.9000015258789,60430.0,4.1,3.91,4.1,3.97
2024-10-03,0.048720457682346695,-0.06431703019350524,0.12339876900859016,-0.14080013914503103,0.16835360521492254,-0.18742217297090538,0.12360345979766668,-0.04002609592875743,0.0383124370270449,0.0,0.0,0.0,CZR,43.849998474121094,4149500.0,0.34,0.12,0.05,17.2414,0.7039086821169146,0.2227602905569007,0.0307308970099667,0.0010777103311316,0.0009504399727897,1.0,1.0,20.489999771118164,567.8200073242188,73.70999908447266,77.62000274658203,61295.0,4.1,3.91,4.1,3.97
2024-10-04,0.04966956805847083,-0.17968208378726347,0.1315905863278618,-0.21543275108265472,0.1805672627494727,-0.2576186047605945,0.13970768921083068,-0.12322772689141623,0.01214295223762396,0.0,0.0,0.0,CZR,44.470001220703125,3786400.0,0.34,0.12,0.05,17.2414,0.7039086821169146,0.2227602905569007,0.0307308970099667,0.0010777103311316,0.0009504399727897,1.0,1.0,19.209999084472656,572.97998046875,74.37999725341797,78.05000305175781,62715.0,4.1,3.91,4.1,3.97
2024-10-07,0.03820385532529544,-0.41423861245305027,0.12617709889453319,-0.45970958226174846,0.17671091824529428,-0.497026324758038,0.14042486752067923,-0.4090348325035471,0.003371492594351544,0.0,0.0,0.0,CZR,44.4900016784668,2553200.0,0.34,0.12,0.05,17.2414,0.7039086821169146,0.2227602905569007,0.0307308970099667,0.0010777103311316,0.0009504399727897,1.0,1.0,22.63999938964844,567.7999877929688,77.13999938964844,80.93000030517578,63560.0,4.1,3.91,4.1,3.97
2024-10-08,0.0037806161741719105,0.032095773199662184,0.08917795155782571,-0.06308007255216012,0.14107443997931227,-0.08572854658705109,0.10851744341146907,0.022465771184361008,0.05342269817126555,0.0,0.0,0.0,CZR,43.2400016784668,4416500.0,0.34,0.12,0.05,17.2414,0.7039086821169146,0.2227602905569007,0.0307308970099667,0.0010777103311316,0.0009504399727897,0.75,0.65,21.420000076293945,573.1699829101562,73.56999969482422,77.18000030517578,62400.0,4.1,3.91,4.1,3.97
2024-10-09,0.02189275819086828,0.11727878199064252,0.11247494395132783,0.06254317075834438,0.16893713239438624,0.034588478517109875,0.13859143020415104,0.1531712227868092,0.017338447656142897,0.0,0.0,0.0,CZR,44.40999984741211,4994300.0,0.34,0.12,0.05,17.2414,0.7039086821169146,0.2227602905569007,0.0307308970099667,0.0010777103311316,0.0009504399727897,0.75,0.65,20.86000061035156,577.1400146484375,73.23999786376953,76.58000183105469,61115.0,4.1,3.91,4.1,3.97
2024-10-10,-0.005699954321044779,-0.5204496611010084,0.0865106069527612,-0.5518469012116571,0.14516713899203892,-0.5667369797469054,0.11822106873746416,-0.5212553952794313,0.004356767348081325,0.0,0.0,0.0,CZR,43.61000061035156,2072000.0,0.34,0.12,0.05,17.2414,0.7039086821169146,0.2227602905569007,0.0307308970099667,0.0010777103311316,0.0009504399727897,0.75,0.65,20.93000030517578,576.1300048828125,75.8499984741211,79.4000015258789,59795.0,4.1,3.91,4.1,3.97
2024-10-11,0.009689501594191916,-0.1736409651224867,0.10220552559724108,-0.36338178981858216,0.16609898434809828,-0.38198214941980707,0.14144785568496882,-0.3209717474324797,-0.011008714496681504,0.0,0.0,0.0,CZR,44.5099983215332,2941000.0,0.34,0.12,0.05,17.2414,0.7039086821169146,0.2227602905569007,0.0307308970099667,0.0010777103311316,0.0009504399727897,0.75,0.65,20.459999084472656,579.5800170898438,75.55999755859375,79.04000091552734,63305.0,4.1,3.91,4.1,3.97
2024-10-14,0.02723518745783213,-0.0932621199671323,0.12016858260854002,-0.28494838489700897,0.1897530548061545,-0.348966637121277,0.16739595139497512,-0.28789186728067456,-0.05996045718054566,0.0,0.0,0.0,CZR,45.529998779296875,3089800.0,0.34,0.12,0.05,17.2414,0.7039086821169146,0.2227602905569007,0.0307308970099667,0.0010777103311316,0.0009504399727897,0.6,0.7,19.700000762939453,584.3200073242188,73.83000183105469,77.45999908447266,66145.0,4.1,3.91,4.1,3.97
2024-10-15,0.013738703423917916,-0.06787216947307485,0.0995211646041406,-0.2751860275918067,0.1731163628575085,-0.35044401567452943,0.15387568717748198,-0.28940049425948733,-0.02932681057650066,0.0,0.0,0.0,CZR,45.0099983215332,3082600.0,0.34,0.12,0.05,17.2414,0.7039086821169146,0.2227602905569007,0.0307308970099667,0.0010777103311316,0.0009504399727897,0.6,0.7,20.63999938964844,579.780029296875,70.58000183105469,74.25,67220.0,4.1,3.91,4.1,3.97
2024-10-16,0.004920401332409614,-0.22349132349132347,0.0838108077477007,-0.3792178824931455,0.16069647043812454,-0.45826767079598923,0.1442860979611035,-0.40695432859594927,-0.01030463912997559,0.0,0.0,0.0,CZR,44.63999938964844,2569800.0,0.34,0.12,0.05,17.2414,0.7039086821169146,0.2227602905569007,0.0307308970099667,0.0010777103311316,0.0009504399727897,0.6,0.7,19.579999923706055,582.2999877929688,70.38999938964844,74.22000122070312,67925.0,4.1,3.91,4.1,3.97
2024-10-17,0.01784460272812114,-0.1883330897226139,0.0983843605641201,-0.40164576611824016,0.18135761089090663,-0.4814070577826431,0.16725698707873704,-0.4315496274912306,-0.000439087993384657,0.0,0.0,0.0,CZR,45.54999923706055,2459200.0,0.34,0.12,0.05,17.2414,0.7039086821169146,0.2227602905569007,0.0307308970099667,0.0010777103311316,0.0009504399727897,0.6,0.7,19.11000061035156,582.3499755859375,70.66999816894531,74.44999694824219,66905.0,4.1,3.91,4.1,3.97
2024-10-18,0.007101255317608196,-0.3985568114553091,0.08223346463921737,-0.6224303912031723,0.16940262259526176,-0.674964219026947,0.15737506108544036,-0.64686583095004,0.002213334958956148,0.0,0.0,0.0,CZR,45.18000030517578,1524100.0,0.34,0.12,0.05,17.2414,0.7039086821169146,0.2227602905569007,0.0307308970099667,0.0010777103311316,0.0009504399727897,0.6,0.7,18.030000686645508,584.5900268554688,69.22000122070312,73.05999755859375,68785.0,4.1,3.91,4.1,3.97
2024-10-21,-0.02425052220513937,-0.19848747760325117,0.04268334804829578,-0.491196359158072,0.1317601791992446,-0.5677130321283475,0.12195654211598952,-0.5298704463306665,-0.0510274120840728,0.0,0.0,0.0,CZR,43.79999923706055,2025800.0,0.34,0.12,0.05,17.2414,0.7039086821169146,0.2227602905569007,0.0307308970099667,0.0010777103311316,0.0009504399727897,0.6,0.7,18.3700008392334,583.6300048828125,70.55999755859375,74.29000091552734,67790.0,4.1,3.91,4.1,3.97
2024-10-22,-0.017817845278804773,0.00541641993799851,0.041375897260639276,-0.37274200050198897,0.13484157685951698,-0.469954722070735,0.12743954999388718,-0.4255159820768024,-0.09018630575690845,0.0,0.0,0.0,CZR,44.02000045776367,2474100.0,0.34,0.12,0.05,17.2414,0.7039086821169146,0.2227602905569007,0.0307308970099667,0.0010777103311316,0.0009504399727897,0.6,0.7,18.200000762939453,583.3200073242188,72.08999633789062,76.04000091552734,67490.0,4.1,3.91,4.1,3.97
2024-10-23,-0.036655953909036226,0.22379965558506748,0.007390653478102108,-0.23363323711846712,0.10128252108101901,-0.3583166886083423,0.0964191101282732,-0.3045063455755141,-0.08364481495732135,0.0,0.0,0.0,CZR,42.79999923706055,2994900.0,0.34,0.12,0.05,17.2414,0.7039086821169146,0.2227602905569007,0.0307308970099667,0.0010777103311316,0.0009504399727897,0.6,0.7,19.239999771118164,577.989990234375,70.7699966430664,74.95999908447266,66360.0,4.1,3.91,4.1,3.97
2024-10-24,-0.012432207915095389,0.4431717364646846,0.02259425545412216,-0.05902379263653362,0.12217141781154953,-0.21650485228397726,0.11934750028306783,-0.15339981049496906,-0.09246960924279612,0.0,0.0,0.0,CZR,43.689998626708984,3648400.0,0.34,0.12,0.05,17.2414,0.7039086821169146,0.2227602905569007,0.0307308970099667,0.0010777103311316,0.0009504399727897,0.6,0.7,19.079999923706055,579.239990234375,70.19000244140625,74.37999725341797,68215.0,4.1,3.91,4.1,3.97
2024-10-25,0.000129373037191073,-0.0019328983839609376,0.029796829914102846,-0.3353766480830713,0.1330174245419067,-0.45778327905242244,0.1319868463331623,-0.4166245235139466,0.0,0.0,0.0,0.0,CZR,44.18000030517578,2515400.0,0.34,0.12,0.05,17.2414,0.7039086821169146,0.2227602905569007,0.0307308970099667,0.0010777103311316,0.0009504399727897,0.5,0.6,20.329999923706055,579.0399780273438,71.77999877929688,76.05000305175781,68430.5078125,4.1,3.91,4.1,3.97
2024-10-28,0.030756774258402928,0.0994192631415311,0.05625794826314726,-0.2384723684104265,0.1655232106858189,-0.3874441460004061,0.1660654871776895,-0.34185574237656874,0.0,0.0,0.0,0.0,CZR,45.529998779296875,2828900.0,0.34,0.12,0.05,17.2414,0.7039086821169146,0.2227602905569007,0.0307308970099667,0.0010777103311316,0.0009504399727897,0.5,0.6,19.799999237060547,580.8300170898438,67.37999725341797,71.41999816894531,70300.0,4.1,3.91,4.1,3.97
2024-10-29,0.024765587281224372,0.4744867670152056,0.04638799477054596,0.2084354546178657,0.15705338839757294,-0.04974674984029379,0.15924215754368762,0.021450109207169058,0.0,0.0,0.0,0.0,CZR,45.279998779296875,4399700.0,0.34,0.12,0.05,17.2414,0.7039086821169146,0.2227602905569007,0.0307308970099667,0.0010777103311316,0.0009504399727897,0.5,0.6,19.34000015258789,581.77001953125,67.20999908447266,71.12000274658203,73340.0,4.1,3.91,4.1,3.97
2024-10-30,-0.05246447721894029,1.5258847090956535,-0.0404201974443691,1.7811475131527053,0.06098569146067679,1.2569887740156864,0.06437352967337999,1.4459454820564386,0.0,0.0,0.0,0.0,CZR,41.564998626708984,10648300.0,0.34,0.12,0.05,17.2414,0.7039086821169146,0.2227602905569007,0.0307308970099667,0.0010777103311316,0.0009504399727897,0.5,0.6,20.350000381469727,580.010009765625,68.61000061035156,72.55000305175781,72535.0,4.1,3.91,4.1,3.97
2024-10-31,-0.07504247649353782,0.46191213351164545,-0.07430593402894498,0.8210063713661907,0.021763298696620633,0.49644064064973586,0.02593730755212207,0.6315106923397465,0.0,0.0,0.0,0.0,CZR,40.04999923706055,7136700.0,0.34,0.12,0.05,17.2414,0.7039086821169146,0.2227602905569007,0.0307308970099667,0.0010777103311316,0.0009504399727897,0.5,0.6,23.15999984741211,568.6400146484375,69.26000213623047,73.16000366210938,70465.0,4.1,3.91,4.1,3.97
2024-11-01,-0.08338476336414179,-0.2428644167672619,-0.09192990479344747,-0.0006624896926470282,0.0005343408067554842,-0.19710199089488348,0.00502329463504756,-0.13171539713327376,0.0,0.0,0.0,0.0,CZR,39.220001220703125,3781200.0,0.34,0.12,0.05,17.2414,0.7039086821169146,0.2227602905569007,0.0307308970099667,0.0010777103311316,0.0009504399727897,0.5,0.6,21.8799991607666,571.0399780273438,69.48999786376953,73.0999984741211,69730.0,4.1,3.91,4.1,3.97
2024-11-04,-0.060664989882515244,-0.3824035604947207,-0.0807324366195739,-0.19729289016680018,0.011529805633036187,-0.351186748194016,0.016416942953644372,-0.30106726597809746,0.0,0.0,0.0,0.0,CZR,39.650001525878906,3029747.0,0.34,0.12,0.05,17.2414,0.7039086821169146,0.2227602905569007,0.0307308970099667,0.0010777103311316,0.0009504399727897,0.5,0.6,21.979999542236328,569.8099975585938,71.47000122070312,75.08000183105469,67680.0,4.1,3.91,4.1,3.97
2024-11-05,-0.060664989882515244,-0.3824035604947207,-0.0807324366195739,-0.19729289016680018,0.011529805633036187,-0.351186748194016,0.016416942953644372,-0.30106726597809746,0.0,0.0,0.0,0.0,CZR,39.650001525878906,3029747.0,0.34,0.12,0.05,17.2414,0.7039086821169146,0.2227602905569007,0.0307308970099667,0.0010777103311316,0.0009504399727897,0.5,0.6,20.489999771118164,576.7000122070312,71.98999786376953,75.52999877929688,69860.0,4.1,3.91,4.1,3.97
2024-11-06,-0.060664989882515244,-0.3824035604947207,-0.0807324366195739,-0.19729289016680018,0.011529805633036187,-0.351186748194016,0.016416942953644372,-0.30106726597809746,0.0,0.0,0.0,0.0,CZR,39.650001525878906,3029747.0,0.34,0.12,0.05,17.2414,0.7039086821169146,0.2227602905569007,0.0307308970099667,0.0010777103311316,0.0009504399727897,0.5,0.6,16.270000457763672,591.0399780273438,71.69000244140625,74.91999816894531,76875.0,4.1,3.91,4.1,3.97
2024-11-07,-0.060664989882515244,-0.3824035604947207,-0.0807324366195739,-0.19729289016680018,0.011529805633036187,-0.351186748194016,0.016416942953644372,-0.30106726597809746,0.0,0.0,0.0,0.0,CZR,39.650001525878906,3029747.0,0.34,0.12,0.05,17.2414,0.7039086821169146,0.2227602905569007,0.0307308970099667,0.0010777103311316,0.0009504399727897,0.5,0.6,15.199999809265137,595.6099853515625,72.36000061035156,75.62999725341797,77180.0,4.1,3.91,4.1,3.97
2024-11-08,-0.060664989882515244,-0.3824035604947207,-0.0807324366195739,-0.19729289016680018,0.011529805633036187,-0.351186748194016,0.016416942953644372,-0.30106726597809746,0.0,0.0,0.0,0.0,CZR,39.650001525878906,3029747.0,0.34,0.12,0.05,17.2414,0.7039086821169146,0.2227602905569007,0.0307308970099667,0.0010777103311316,0.0009504399727897,0.5,0.6,14.9399995803833,598.1900024414062,70.37999725341797,73.87000274658203,77360.0,4.1,3.91,4.1,3.97
2024-11-11,-0.060664989882515244,-0.3824035604947207,-0.0807324366195739,-0.19729289016680018,0.011529805633036187,-0.351186748194016,0.016416942953644372,-0.30106726597809746,0.0,0.0,0.0,0.0,CZR,39.650001525878906,3029747.0,0.34,0.12,0.05,17.2414,0.7039086821169146,0.2227602905569007,0.0307308970099667,0.0010777103311316,0.0009504399727897,0.5,0.6,14.970000267028809,598.760009765625,68.04000091552734,71.83000183105469,87735.0,4.1,3.91,4.1,3.97
2024-11-12,-0.060664989882515244,-0.3824035604947207,-0.0807324366195739,-0.19729289016680018,0.011529805633036187,-0.351186748194016,0.016416942953644372,-0.30106726597809746,0.0,0.0,0.0,0.0,CZR,39.650001525878906,3029747.0,0.34,0.12,0.05,17.2414,0.7039086821169146,0.2227602905569007,0.0307308970099667,0.0010777103311316,0.0009504399727897,0.5,0.6,14.710000038146973,596.9000244140625,68.12000274658203,71.88999938964844,90090.0,4.1,3.91,4.1,3.97
2024-11-13,-0.060664989882515244,-0.3824035604947207,-0.0807324366195739,-0.19729289016680018,0.011529805633036187,-0.351186748194016,0.016416942953644372,-0.30106726597809746,0.0,0.0,0.0,0.0,CZR,39.650001525878906,3029747.0,0.34,0.12,0.05,17.2414,0.7039086821169146,0.2227602905569007,0.0307308970099667,0.0010777103311316,0.0009504399727897,0.5,0.6,14.020000457763672,597.1900024414062,68.43000030517578,72.27999877929688,90255.0,4.1,3.91,4.1,3.97
2024-11-14,-0.060664989882515244,-0.3824035604947207,-0.0807324366195739,-0.19729289016680018,0.011529805633036187,-0.351186748194016,0.016416942953644372,-0.30106726597809746,0.0,0.0,0.0,0.0,CZR,39.650001525878906,3029747.0,0.34,0.12,0.05,17.2414,0.7039086821169146,0.2227602905569007,0.0307308970099667,0.0010777103311316,0.0009504399727897,0.5,0.6,14.3100004196167,593.3499755859375,68.69999694824219,72.55999755859375,87920.0,4.1,3.91,4.1,3.97
2024-11-15,-0.060664989882515244,-0.3824035604947207,-0.0807324366195739,-0.19729289016680018,0.011529805633036187,-0.351186748194016,0.016416942953644372,-0.30106726597809746,0.0,0.0,0.0,0.0,CZR,39.650001525878906,3029747.0,0.34,0.12,0.05,17.2414,0.7039086821169146,0.2227602905569007,0.0307308970099667,0.0010777103311316,0.0009504399727897,0.5,0.6,16.139999389648438,585.75,67.0199966430664,71.04000091552734,91985.0,4.1,3.91,4.1,3.97
2024-11-18,-0.060664989882515244,-0.3824035604947207,-0.0807324366195739,-0.19729289016680018,0.011529805633036187,-0.351186748194016,0.016416942953644372,-0.30106726597809746,0.0,0.0,0.0,0.0,CZR,39.650001525878906,3029747.0,0.34,0.12,0.05,17.2414,0.7039086821169146,0.2227602905569007,0.0307308970099667,0.0010777103311316,0.0009504399727897,0.5,0.6,15.579999923706056,588.1500244140625,69.16000366210938,73.30000305175781,92060.0,4.1,3.91,4.1,3.97
2024-11-19,-0.060664989882515244,-0.3824035604947207,-0.0807324366195739,-0.19729289016680018,0.011529805633036187,-0.351186748194016,0.016416942953644372,-0.30106726597809746,0.0,0.0,0.0,0.0,CZR,39.650001525878906,3029747.0,0.34,0.12,0.05,17.2414,0.7039086821169146,0.2227602905569007,0.0307308970099667,0.0010777103311316,0.0009504399727897,0.5,0.6,16.350000381469727,590.2999877929688,69.38999938964844,73.30999755859375,93060.0,4.1,3.91,4.1,3.97
2024-11-20,-0.060664989882515244,-0.3824035604947207,-0.0807324366195739,-0.19729289016680018,0.011529805633036187,-0.351186748194016,0.016416942953644372,-0.30106726597809746,0.0,0.0,0.0,0.0,CZR,39.650001525878906,3029747.0,0.34,0.12,0.05,17.2414,0.7039086821169146,0.2227602905569007,0.0307308970099667,0.0010777103311316,0.0009504399727897,0.5,0.6,17.15999984741211,590.5,68.87000274658203,72.80999755859375,94740.0,4.1,3.91,4.1,3.97
2024-11-21,-0.060664989882515244,-0.3824035604947207,-0.0807324366195739,-0.19729289016680018,0.011529805633036187,-0.351186748194016,0.016416942953644372,-0.30106726597809746,0.0,0.0,0.0,0.0,CZR,39.650001525878906,3029747.0,0.34,0.12,0.05,17.2414,0.7039086821169146,0.2227602905569007,0.0307308970099667,0.0010777103311316,0.0009504399727897,0.5,0.6,16.729999542236328,591.489990234375,69.69000244140625,74.06999969482422,97240.0,4.1,3.91,4.1,3.97
