Unnamed: 0,Close_diff_MA_7,Volume_diff_MA_7,Close_diff_MA_30,Volume_diff_MA_30,Close_diff_MA_90,Volume_diff_MA_90,Close_diff_MA_180,Volume_diff_MA_180,Close,Volume,reportedEPS,estimatedEPS,surprise,surprisePercentage,Margin_Gross,Margin_Operating,Margin_Net_Profit,^VIX,SPY,CL=F,BZ=F,BTC=F,10year,5year,3year,2year,insider_acquisition,insider_disposal,mean_sentiment,mean_outlook,delta_Close,delta_Volume,delta_reportedEPS,delta_estimatedEPS,delta_surprise,delta_surprisePercentage,delta_Margin_Gross,delta_Margin_Operating,delta_Margin_Net_Profit,delta_^VIX,delta_SPY,delta_CL=F,delta_BZ=F,delta_BTC=F,delta_10year,delta_5year,delta_3year,delta_2year,delta_insider_acquisition,delta_insider_disposal,delta_mean_sentiment,delta_mean_outlook,PQ
1996-09-30 00:00:00+00:00,0.0131861392210978,-0.0312345679012345,0.0661847752428281,-0.132666219631712,0.0989522700814901,-0.1425220340135476,0.1433031448910658,-0.4356372505146335,29.5,11861800.0,0.54,0.53,0.01,1.8868,0.0,0.0,0.0,16.950000762939453,68.625,32.04999923706055,75.73999786376953,19100.0,6.83,6.6,6.83,6.23,0.0,0.0,0.0,0.0,,,,,,,,,,,,,,,,,,,,,,,1
1996-12-31 00:00:00+00:00,-0.0184367696702154,-0.1348785494355114,0.0087801232953484,-0.4165859173126615,0.0876863166375722,-0.5004916345311804,0.1880897667823791,-0.5163242877359104,33.75,38604600.0,0.64,0.57,0.07,12.2807,0.0,0.0,0.0,20.920000076293945,73.84375,32.04999923706055,75.73999786376953,19100.0,6.3,6.07,6.3,5.78,0.0,0.0,0.0,0.0,4.25,26742800.0,0.09999999999999998,0.039999999999999925,0.060000000000000005,10.393899999999999,0.0,0.0,0.0,3.969999313354492,5.21875,0.0,0.0,0.0,-0.5300000000000002,-0.5299999999999994,-0.5300000000000002,-0.4500000000000002,0.0,0.0,0.0,0.0,1
1997-03-31 00:00:00+00:00,-0.0208484848484849,0.2685906723577553,-0.0496843261048585,0.2194136556061058,0.0083690945455251,0.3535022015695323,0.1173508907823393,0.4864247580437947,36.0625,48864000.0,0.83,0.76,0.07,9.2105,0.0,0.0,0.0,22.13999938964844,75.375,32.04999923706055,75.73999786376953,19100.0,6.69,6.54,6.69,6.22,0.0,0.0,0.0,0.0,2.3125,10259400.0,0.18999999999999995,0.19000000000000006,0.0,-3.0702,0.0,0.0,0.0,1.2199993133544957,1.53125,0.0,0.0,0.0,0.39000000000000057,0.46999999999999975,0.39000000000000057,0.4399999999999995,0.0,0.0,0.0,0.0,1
1997-06-30 00:00:00+00:00,-0.0168664474382094,0.03401550214688,0.02442421272535,-0.2920267260579064,0.0871766798959902,-0.2030099820149897,0.1471645799939348,-0.2092379947859658,41.375,41301000.0,0.76,0.73,0.03,4.1096,0.0,0.0,0.0,21.530000686645508,88.3125,32.04999923706055,75.73999786376953,19100.0,6.49,6.38,6.49,6.09,0.0,0.0,0.0,0.0,5.3125,-7563000.0,-0.06999999999999995,-0.030000000000000027,-0.04000000000000001,-5.100899999999999,0.0,0.0,0.0,-0.6099987030029332,12.9375,0.0,0.0,0.0,-0.20000000000000018,-0.16000000000000014,-0.20000000000000018,-0.1299999999999999,0.0,0.0,0.0,0.0,1
1997-09-30 00:00:00+00:00,-0.003102699348433,0.205144390089948,0.0277142004179521,-0.024867420104475,0.0276545462083835,-0.0264562505164008,0.0910051279794,-0.0411491757307262,43.03125,41510800.0,0.77,0.76,0.01,1.3158,0.0,0.0,0.0,22.90999984741211,94.375,32.04999923706055,75.73999786376953,19100.0,6.21,6.11,6.21,5.88,0.0,0.0,0.0,0.0,1.65625,209800.0,0.010000000000000009,0.030000000000000027,-0.019999999999999997,-2.7938,0.0,0.0,0.0,1.3799991607666016,6.0625,0.0,0.0,0.0,-0.28000000000000025,-0.2699999999999996,-0.28000000000000025,-0.20999999999999996,0.0,0.0,0.0,0.0,1
1997-12-31 00:00:00+00:00,0.0437250996015936,0.5985823692357831,0.0704581207989702,0.1607586549610734,0.1027985364775601,-0.1561973187765915,0.1279479601831775,-0.1234690154792306,46.78125,42113400.0,0.78,0.77,0.01,1.2987,0.0,0.0,0.0,24.010000228881836,97.0625,32.04999923706055,75.73999786376953,19100.0,5.81,5.77,5.81,5.72,0.0,0.0,0.0,0.0,3.75,602600.0,0.010000000000000009,0.010000000000000009,0.0,-0.017100000000000115,0.0,0.0,0.0,1.1000003814697266,2.6875,0.0,0.0,0.0,-0.40000000000000036,-0.34000000000000075,-0.40000000000000036,-0.16000000000000014,0.0,0.0,0.0,0.0,1
1998-03-31 00:00:00+00:00,0.0062934746604836,-0.144351105777473,0.0632043116119549,-0.3873693255047973,0.1583887541982694,-0.3153349882990603,0.2205248788185343,-0.3647844916477624,54.25,44357200.0,0.86,0.85,0.01,1.1765,0.0,0.0,0.0,24.219999313354492,109.9375,32.04999923706055,75.73999786376953,19100.0,5.65,5.61,5.65,5.56,0.0,0.0,0.0,0.0,7.46875,2243800.0,0.07999999999999996,0.07999999999999996,0.0,-0.12219999999999986,0.0,0.0,0.0,0.20999908447265625,12.875,0.0,0.0,0.0,-0.15999999999999925,-0.15999999999999925,-0.15999999999999925,-0.16000000000000014,0.0,0.0,0.0,0.0,1
1998-06-30 00:00:00+00:00,0.0567563108397953,0.5208400646203554,0.0506774860292428,0.513942941687305,0.0592797926461413,0.5038605584053676,0.1703095244862575,0.5081221364262599,57.1875,37264000.0,0.84,0.84,0.0,0.0,0.0,0.0,0.0,19.709999084472656,113.3125,32.04999923706055,75.73999786376953,19100.0,5.5,5.52,5.5,5.52,0.0,0.0,0.0,0.0,2.9375,-7093200.0,-0.020000000000000018,-0.010000000000000009,-0.01,-1.1765,0.0,0.0,0.0,-4.510000228881836,3.375,0.0,0.0,0.0,-0.15000000000000036,-0.09000000000000075,-0.15000000000000036,-0.040000000000000036,0.0,0.0,0.0,0.0,0
1998-09-30 00:00:00+00:00,-0.0439085837682203,0.4117748440246802,-0.0345967947087255,0.0955971388268192,-0.0991573144839046,0.0254398024637505,-0.0893760539629004,-0.0352420001978653,47.4375,34466500.0,0.78,0.77,0.01,1.2987,0.0,0.0,0.0,40.95000076293945,101.75,32.04999923706055,75.73999786376953,19100.0,4.81,4.62,4.81,4.67,0.0,0.0,0.0,0.0,-9.75,-2797500.0,-0.05999999999999994,-0.06999999999999995,0.01,1.2987,0.0,0.0,0.0,21.240001678466797,-11.5625,0.0,0.0,0.0,-0.6900000000000004,-0.8999999999999995,-0.6900000000000004,-0.8499999999999996,0.0,0.0,0.0,0.0,1
1998-12-31 00:00:00+00:00,-0.0222717149220489,0.4149646879175414,-0.0067498774463592,-0.0989790130459443,0.0746926340985747,-0.0579912114760805,0.0382580075090413,-0.0552674957897898,54.875,37040800.0,0.91,0.86,0.05,5.814,0.0,0.0,0.0,24.420000076293945,123.3125,32.04999923706055,75.73999786376953,19100.0,4.65,4.45,4.65,4.51,0.0,0.0,0.0,0.0,7.4375,2574300.0,0.13,0.08999999999999997,0.04,4.5153,0.0,0.0,0.0,-16.530000686645508,21.5625,0.0,0.0,0.0,-0.15999999999999925,-0.16999999999999993,-0.15999999999999925,-0.16000000000000014,0.0,0.0,0.0,0.0,1
1999-03-31 00:00:00+00:00,-0.0068674886842516,0.8250312444206391,0.023264540337711,0.3636363636363636,0.0499229979466118,0.6125091362897812,0.0884344690871839,0.7521759832396915,56.8125,40329200.0,0.97,0.94,0.03,3.1915,0.0,0.0,0.0,23.260000228881836,128.375,32.04999923706055,75.73999786376953,19100.0,5.23,5.14,5.23,5.05,0.0,0.0,0.0,0.0,1.9375,3288400.0,0.05999999999999994,0.07999999999999996,-0.020000000000000004,-2.6225,0.0,0.0,0.0,-1.1599998474121094,5.0625,0.0,0.0,0.0,0.5800000000000001,0.6899999999999995,0.5800000000000001,0.54,0.0,0.0,0.0,0.0,1
1999-06-30 00:00:00+00:00,0.0026097635861222,0.6815395930375092,-0.0442532267977873,0.5583795942169477,-0.0143209296865829,0.2376398412125586,0.0429047823089963,0.2110897374903008,58.3125,31358600.0,0.96,0.92,0.04,4.3478,0.0,0.0,0.0,21.09000015258789,137.0,32.04999923706055,75.73999786376953,19100.0,5.9,5.81,5.9,5.62,0.0,0.0,0.0,0.0,1.5,-8970600.0,-0.010000000000000009,-0.019999999999999907,0.010000000000000002,1.1563000000000003,0.0,0.0,0.0,-2.1700000762939453,8.625,0.0,0.0,0.0,0.6699999999999999,0.6699999999999999,0.6699999999999999,0.5700000000000003,0.0,0.0,0.0,0.0,0
1999-09-30 00:00:00+00:00,-0.0466472303206997,0.0713051889725695,-0.1296633101184402,0.3257915843658346,-0.2481798441691148,0.66230279176812,-0.2617908407382092,0.5569368526796827,40.875,37082800.0,0.92,0.93,-0.01,-1.0753,0.0,0.0,0.0,25.40999984741211,128.75,32.04999923706055,75.73999786376953,19100.0,5.92,5.8,5.92,5.66,0.0,0.0,0.0,0.0,-17.4375,5724200.0,-0.039999999999999925,0.010000000000000009,-0.05,-5.4231,0.0,0.0,0.0,4.319999694824219,-8.25,0.0,0.0,0.0,0.019999999999999574,-0.009999999999999787,0.019999999999999574,0.040000000000000036,0.0,0.0,0.0,0.0,1
1999-12-31 00:00:00+00:00,0.0255121762659451,-0.4661161870327844,0.0432748001422231,-0.5930055708611803,0.0404187906771033,-0.6440208991075818,-0.0917910733393352,-0.5414544110411277,47.375,60816100.0,0.82,0.8,0.02,2.5,0.0,0.0,0.0,24.63999938964844,146.875,32.04999923706055,75.73999786376953,19100.0,6.28,6.19,6.28,6.1,0.0,0.0,0.0,0.0,6.5,23733300.0,-0.10000000000000009,-0.13,0.03,3.5753,0.0,0.0,0.0,-0.7700004577636683,18.125,0.0,0.0,0.0,0.3600000000000003,0.39000000000000057,0.3600000000000003,0.4399999999999995,0.0,0.0,0.0,0.0,1
2000-03-31 00:00:00+00:00,0.1825460368294636,0.864500663062328,0.4846956725694851,1.377552971599756,0.3217388278181129,1.6981823359010189,0.1987619421490048,1.9810367201860173,52.75,65681500.0,0.99,1.0,-0.01,-1.0,0.0,0.0,0.0,24.11000061035156,150.375,32.04999923706055,75.73999786376953,19100.0,6.26,6.5,6.26,6.53,0.0,0.0,0.0,0.0,5.375,4865400.0,0.17000000000000004,0.19999999999999996,-0.03,-3.5,0.0,0.0,0.0,-0.5299987792968821,3.5,0.0,0.0,0.0,-0.020000000000000462,0.3099999999999996,-0.020000000000000462,0.4300000000000006,0.0,0.0,0.0,0.0,1
2000-06-30 00:00:00+00:00,0.0255780642520973,0.4215977273595842,-0.0065214374913278,0.3740813312723742,0.1624592760425873,0.5214558164047629,0.2224502881598367,0.6173031758672639,55.9375,66630900.0,1.1,0.97,0.13,13.4021,0.0,0.0,0.0,19.540000915527344,145.28125,32.04999923706055,75.73999786376953,19100.0,6.1,6.3,6.1,6.48,0.0,0.0,0.0,0.0,3.1875,949400.0,0.1100000000000001,-0.030000000000000027,0.14,14.4021,0.0,0.0,0.0,-4.569999694824215,-5.09375,0.0,0.0,0.0,-0.16000000000000014,-0.20000000000000018,-0.16000000000000014,-0.04999999999999982,0.0,0.0,0.0,0.0,1
2000-09-30 00:00:00+00:00,0.0282186948853615,-0.3050784334172538,0.077833240894805,-0.1453342225414251,0.1734546969218339,-0.3040225029939008,0.3927122819532344,-0.3193687569650764,72.875,55954800.0,0.97,1.02,-0.05,-4.902,0.0,0.0,0.0,20.56999969482422,143.625,30.86000061035156,75.73999786376953,19100.0,5.8,5.93,5.8,6.08,0.0,0.0,0.0,0.0,16.9375,-10676100.0,-0.13000000000000012,0.050000000000000044,-0.18,-18.304100000000002,0.0,0.0,0.0,1.029998779296875,-1.65625,-1.189998626708988,0.0,0.0,-0.2999999999999998,-0.3700000000000001,-0.2999999999999998,-0.40000000000000036,0.0,0.0,0.0,0.0,0
2000-12-31 00:00:00+00:00,0.0164482138267796,-0.2580897121178308,-0.0268966903005425,-0.2649194053611833,-0.0076499746301862,-0.254324261346007,0.0980186808930444,-0.2805388654609722,70.625,59174200.0,1.07,1.05,0.02,1.9048,0.0,0.0,0.0,26.850000381469727,131.1875,26.799999237060547,75.73999786376953,19100.0,5.24,5.17,5.24,5.35,0.0,0.0,0.0,0.0,-2.25,3219400.0,0.10000000000000009,0.030000000000000027,0.07,6.8068,0.0,0.0,0.0,6.280000686645508,-12.4375,-4.060001373291012,0.0,0.0,-0.5599999999999996,-0.7599999999999998,-0.5599999999999996,-0.7300000000000004,0.0,0.0,0.0,0.0,0
2001-03-31 00:00:00+00:00,0.0174418650546701,0.3071012641678315,-0.0517670810733438,0.2608540151933577,-0.1004124377239824,0.3662486233513942,-0.1192171149096423,0.6378809279002271,59.0,96803700.0,1.09,1.08,0.01,0.9259,0.0,0.0,0.0,28.63999938964844,116.69000244140624,26.399999618530273,75.73999786376953,19100.0,4.89,4.64,4.89,4.34,0.0,0.0,0.0,0.0,-11.625,37629500.0,0.020000000000000018,0.030000000000000027,-0.01,-0.9789000000000001,0.0,0.0,0.0,1.7899990081787145,-14.497497558593764,-0.39999961853027344,0.0,0.0,-0.35000000000000053,-0.5300000000000002,-0.35000000000000053,-1.0099999999999998,0.0,0.0,0.0,0.0,1
2001-06-30 00:00:00+00:00,-0.0126002617698407,0.1570601095999318,0.007903120513832,0.4535399058688406,0.0747882468844179,0.0228999883835686,0.0334197619166013,-0.0064993244684634,68.4000015258789,65555500.0,1.07,1.06,0.01,0.9434,0.0,0.0,0.0,19.059999465942383,122.5999984741211,26.25,75.73999786376953,19100.0,5.28,4.81,5.28,4.08,0.0,0.0,0.0,0.0,9.400001525878906,-31248200.0,-0.020000000000000018,-0.020000000000000018,0.0,0.01750000000000007,0.0,0.0,0.0,-9.579999923706058,5.909996032714858,-0.14999961853027344,0.0,0.0,0.39000000000000057,0.16999999999999993,0.39000000000000057,-0.2599999999999998,0.0,0.0,0.0,0.0,0
2001-09-30 00:00:00+00:00,0.07534590291566,-0.177221103257082,-0.0438363540731689,0.4454654188942711,-0.0946765383219929,0.6699832919460409,-0.0728164412060734,0.3075239992446325,58.7400016784668,60512900.0,1.09,1.08,0.01,0.9259,0.0,0.0,0.0,31.93000030517578,104.44000244140624,23.43000030517578,75.73999786376953,19100.0,4.73,4.12,4.73,3.12,0.0,0.0,0.0,0.0,-9.65999984741211,-5042600.0,0.020000000000000018,0.020000000000000018,0.0,-0.01750000000000007,0.0,0.0,0.0,12.870000839233398,-18.159996032714858,-2.8199996948242188,0.0,0.0,-0.5499999999999998,-0.6899999999999995,-0.5499999999999998,-0.96,0.0,0.0,0.0,0.0,1
2001-12-31 00:00:00+00:00,0.0157275122803298,-0.0070130210609106,0.049516447184804,-0.1630179307262954,0.0660536141057571,-0.3682384038660086,0.0135887549817439,-0.3353869460065157,62.83000183105469,63511700.0,-0.22,-0.22,0.0,0.0,0.0,0.0,0.0,23.799999237060547,114.3000030517578,19.84000015258789,75.73999786376953,19100.0,5.09,4.39,5.09,3.11,0.0,0.0,0.0,0.0,4.090000152587891,2998800.0,-1.31,-1.3,-0.01,-0.9259,0.0,0.0,0.0,-8.130001068115234,9.860000610351562,-3.5900001525878906,0.0,0.0,0.35999999999999943,0.2699999999999996,0.35999999999999943,-0.010000000000000231,0.0,0.0,0.0,0.0,1
2002-03-31 00:00:00+00:00,0.0182797054520616,-0.0752288758817349,0.0181854912497466,-0.2051709412964223,0.0758035931083939,-0.1846286456792187,0.0990800235463381,-0.2708442389930016,68.12000274658203,55105400.0,1.06,1.03,0.03,2.9126,0.0,0.0,0.0,17.399999618530273,114.5199966430664,26.229999542236328,75.73999786376953,19100.0,5.28,4.74,5.28,3.56,0.0,0.0,0.0,0.0,5.290000915527344,-8406300.0,1.28,1.25,0.03,2.9126,0.0,0.0,0.0,-6.399999618530273,0.21999359130860796,6.3899993896484375,0.0,0.0,0.1900000000000004,0.35000000000000053,0.1900000000000004,0.4500000000000002,0.0,0.0,0.0,0.0,0
2002-06-30 00:00:00+00:00,-0.0033994650419264,0.287177701359567,-0.052467196270641,0.3946296907670298,-0.0992775242379432,0.4071209149117287,-0.0583087228787603,0.3943330350462833,59.470001220703125,59844900.0,1.17,1.11,0.06,5.4054,0.0,0.0,0.0,25.399999618530273,98.95999908447266,26.86000061035156,75.73999786376953,19100.0,4.93,4.19,4.93,2.99,0.0,0.0,0.0,0.0,-8.650001525878906,4739500.0,0.10999999999999988,0.08000000000000007,0.03,2.4928000000000003,0.0,0.0,0.0,8.0,-15.55999755859375,0.6300010681152308,0.0,0.0,-0.35000000000000053,-0.5499999999999998,-0.35000000000000053,-0.5699999999999998,0.0,0.0,0.0,0.0,0
2002-09-30 00:00:00+00:00,-0.0510514678505496,0.7102385021175422,-0.1456078771650851,0.7610546798293376,-0.2324077876288484,1.3783795512737056,-0.3168924713947041,1.8550480452683331,41.0,101583800.0,1.16,1.15,0.01,0.8696,0.0,0.0,0.0,39.689998626708984,81.79000091552734,30.469999313354492,75.73999786376953,19100.0,3.87,2.94,3.87,2.0,0.0,0.0,0.0,0.0,-18.470001220703125,41738900.0,-0.010000000000000009,0.039999999999999813,-0.049999999999999996,-4.5358,0.0,0.0,0.0,14.289999008178711,-17.169998168945312,3.6099987030029332,0.0,0.0,-1.0599999999999996,-1.2500000000000004,-1.0599999999999996,-0.9900000000000002,0.0,0.0,0.0,0.0,1
2002-12-31 00:00:00+00:00,-0.0143198057111538,-0.2577075497044599,-0.0316873903560817,-0.4603794007063917,-0.007035531558143,-0.628426196819378,-0.1349229826938487,-0.5434846255887169,45.43000030517578,102100800.0,1.15,1.11,0.04,3.6036,0.0,0.0,0.0,28.6200008392334,88.2300033569336,31.200000762939453,75.73999786376953,19100.0,4.03,3.03,4.03,1.84,0.0,0.0,0.0,0.0,4.430000305175781,517000.0,-0.010000000000000009,-0.039999999999999813,0.03,2.734,0.0,0.0,0.0,-11.069997787475586,6.44000244140625,0.7300014495849609,0.0,0.0,0.16000000000000014,0.08999999999999986,0.16000000000000014,-0.15999999999999992,0.0,0.0,0.0,0.0,0
2003-03-31 00:00:00+00:00,-0.0328099805538711,0.1122142365984382,-0.0216065118343114,-0.1786918211637309,-0.1630962167474177,0.0389073584138684,-0.2059035136249291,-0.0058403897478682,35.290000915527344,117970700.0,1.17,1.1,0.07,6.3636,0.0,0.0,0.0,29.149999618530273,84.73999786376953,31.040000915527344,75.73999786376953,19100.0,3.81,2.78,3.81,1.57,0.0,0.0,0.0,0.0,-10.139999389648438,15869900.0,0.020000000000000018,-0.010000000000000009,0.030000000000000006,2.76,0.0,0.0,0.0,0.529998779296875,-3.4900054931640625,-0.15999984741210938,0.0,0.0,-0.2200000000000002,-0.25,-0.2200000000000002,-0.27,0.0,0.0,0.0,0.0,1
2003-06-30 00:00:00+00:00,-0.0112472955778133,0.1260887198006992,0.0431324493587434,-0.3586497168374766,0.1973466426737834,-0.0900204483422438,0.1596071831704968,0.1482469463554098,50.36000061035156,193525700.0,-5.33,-2.11,-3.22,-152.6066,0.0,0.0,0.0,19.520000457763672,97.62999725341795,30.190000534057617,75.73999786376953,19100.0,3.33,2.27,3.33,1.23,0.0,0.0,0.0,0.0,15.069999694824219,75555000.0,-6.5,-3.21,-3.29,-158.97019999999998,0.0,0.0,0.0,-9.629999160766602,12.889999389648423,-0.8500003814697266,0.0,0.0,-0.48,-0.5099999999999998,-0.48,-0.3400000000000001,0.0,0.0,0.0,0.0,1
2003-09-30 00:00:00+00:00,-0.010102905293154,-0.2895824846367867,-0.0205213262622198,-0.1890750094650624,0.0205743969923219,-0.408549737082704,0.1499803579358318,-0.4660201677069919,52.630001068115234,102464500.0,1.26,1.18,0.08,6.7797,0.0,0.0,0.0,22.719999313354492,99.9499969482422,29.200000762939453,75.73999786376953,19100.0,4.27,3.18,4.27,1.71,0.0,0.0,0.0,0.0,2.270000457763672,-91061200.0,6.59,3.29,3.3000000000000003,159.38629999999998,0.0,0.0,0.0,3.1999988555908203,2.319999694824247,-0.9899997711181641,0.0,0.0,0.9399999999999995,0.9100000000000001,0.9399999999999995,0.48,0.0,0.0,0.0,0.0,1
2003-12-31 00:00:00+00:00,0.0149836523481039,-0.3084156157570228,0.0413444529369276,-0.4802104757898648,0.0711326047304543,-0.5179529153294419,0.1387313546900687,-0.6653245716377723,59.029998779296875,87529000.0,1.18,1.17,0.01,0.8547,0.0,0.0,0.0,18.309999465942383,111.27999877929688,32.52000045776367,75.73999786376953,19100.0,4.27,3.27,4.27,1.91,0.0,0.0,0.0,0.0,6.399997711181641,-14935500.0,-0.08000000000000007,-0.010000000000000009,-0.07,-5.925,0.0,0.0,0.0,-4.409999847412109,11.330001831054673,3.3199996948242188,0.0,0.0,0.0,0.08999999999999986,0.0,0.19999999999999996,0.0,0.0,0.0,0.0,1
2004-03-31 00:00:00+00:00,0.0145851043435886,-0.0424006323396566,-0.0094288091972724,-0.0425750503145316,0.0314434762633702,-0.1096109105429874,0.1046604754047333,-0.1477342675544581,63.70000076293945,89616800.0,1.52,1.47,0.05,3.4014,0.0,0.0,0.0,16.739999771118164,113.0999984741211,35.7599983215332,75.73999786376953,19100.0,3.83,2.79,3.83,1.58,0.0,0.0,0.0,0.0,4.670001983642578,2087800.0,0.3400000000000001,0.30000000000000004,0.04,2.5467000000000004,0.0,0.0,0.0,-1.5699996948242188,1.8199996948242188,3.2399978637695312,0.0,0.0,-0.4399999999999995,-0.48,-0.4399999999999995,-0.32999999999999985,0.0,0.0,0.0,0.0,1
2004-06-30 00:00:00+00:00,0.0143130876820216,0.2073295423969002,0.0350954369750387,0.3493032459057803,0.0597866276504245,0.3457339603627813,0.1113076743359696,0.3511793835649058,68.73999786376953,93891100.0,1.7,1.47,0.23,15.6463,0.0,0.0,0.0,14.34000015258789,114.52999877929688,37.04999923706055,75.73999786376953,19100.0,4.73,3.93,4.73,2.76,0.0,0.0,0.0,0.0,5.039997100830078,4274300.0,0.17999999999999994,0.0,0.18,12.2449,0.0,0.0,0.0,-2.3999996185302734,1.4300003051757812,1.2900009155273438,0.0,0.0,0.9000000000000004,1.1400000000000001,0.9000000000000004,1.1799999999999997,0.0,0.0,0.0,0.0,0
2004-09-30 00:00:00+00:00,-0.0070546604995421,0.1964966001711172,0.0016497428362737,0.2934230493135,-0.03209000137277,0.3219990310092517,-0.0340191157304233,0.3069856485689888,61.93000030517578,93699300.0,1.35,1.57,-0.22,-14.0127,0.0,0.0,0.0,13.34000015258789,111.76000213623048,49.63999938964844,75.73999786376953,19100.0,4.13,3.36,4.13,2.53,0.0,0.0,0.0,0.0,-6.80999755859375,-191800.0,-0.34999999999999987,0.10000000000000009,-0.45,-29.659,0.0,0.0,0.0,-1.0,-2.769996643066392,12.59000015258789,0.0,0.0,-0.6000000000000005,-0.5700000000000003,-0.6000000000000005,-0.22999999999999998,0.0,0.0,0.0,0.0,1
2004-12-31 00:00:00+00:00,0.008606514846106,-0.2755703475075768,0.0462728745864284,-0.4789918063988717,0.1039592723452398,-0.678222702983252,0.0903808433160306,-0.6519918385437761,69.30999755859375,116624900.0,1.57,0.69,0.88,127.5362,0.0,0.0,0.0,13.289999961853027,120.87000274658205,43.45000076293945,75.73999786376953,19100.0,4.23,3.6,4.23,3.01,0.0,0.0,0.0,0.0,7.379997253417969,22925600.0,0.21999999999999997,-0.8800000000000001,1.1,141.5489,0.0,0.0,0.0,-0.05000019073486328,9.110000610351562,-6.189998626708984,0.0,0.0,0.10000000000000053,0.2400000000000002,0.10000000000000053,0.48,0.0,0.0,0.0,0.0,0
2005-03-31 00:00:00+00:00,0.0013144067128994,-0.0085121490795101,-0.0323081868040266,0.220483408031597,-0.0011736200060232,0.2870136750612413,0.0539053531770147,0.0468770333897259,68.55999755859375,83671000.0,2.0,1.78,0.22,12.3596,0.0,0.0,0.0,14.020000457763672,117.95999908447266,55.400001525878906,75.73999786376953,19100.0,4.5,4.17,4.5,3.73,0.1483087509509497,0.11545231280862629,0.0,0.0,-0.75,-32953900.0,0.42999999999999994,1.09,-0.66,-115.1766,0.0,0.0,0.0,0.7300004959106445,-2.910003662109389,11.950000762939453,0.0,0.0,0.2699999999999996,0.5699999999999998,0.2699999999999996,0.7200000000000002,0.1483087509509497,0.11545231280862629,0.0,0.0,1
2005-06-30 00:00:00+00:00,-0.0163484894527234,0.2388535936449624,-0.0014643972586992,0.505549559418142,0.0413462271230827,0.2768108418262794,0.0904892672763587,0.178551274735737,74.77999877929688,101153800.0,1.93,1.81,0.12,6.6298,0.0,0.0,0.0,12.039999961853027,119.18000030517578,56.5,75.73999786376953,19100.0,4.0,3.77,4.0,3.64,0.0002386102400246,0.0,0.0,0.0,6.220001220703125,17482800.0,-0.07000000000000006,0.030000000000000027,-0.1,-5.7298,0.0,0.0,0.0,-1.9800004959106445,1.220001220703125,1.0999984741210938,0.0,0.0,-0.5,-0.3999999999999999,-0.5,-0.08999999999999986,-0.14807014071092509,-0.11545231280862629,0.0,0.0,1
2005-09-30 00:00:00+00:00,0.0243092788161399,-0.1460972472343709,0.0265562647559217,-0.1491041690593775,0.0109503739428557,-0.0689649755734864,0.0536455879916531,-0.1537028178968936,77.16999816894531,83085600.0,2.02,1.89,0.13,6.8783,0.0,0.0,0.0,11.920000076293944,123.04000091552734,66.23999786376953,75.73999786376953,19100.0,4.2,4.01,4.2,3.95,0.5204817003475782,0.8565131907847285,0.0,0.0,2.3899993896484375,-18068200.0,0.09000000000000008,0.07999999999999985,0.010000000000000009,0.24849999999999994,0.0,0.0,0.0,-0.11999988555908381,3.8600006103515625,9.739997863769531,0.0,0.0,0.20000000000000018,0.23999999999999977,0.20000000000000018,0.31000000000000005,0.5202430901075537,0.8565131907847285,0.0,0.0,1
2005-12-31 00:00:00+00:00,-0.0001829258173769,-0.4696473551637279,-0.0116036010484798,-0.5748168242354074,0.0679987191347502,-0.66950775412821,0.1044790746787192,-0.6829372663535276,85.88999938964844,75906900.0,1.82,1.52,0.3,19.7368,0.0,0.0,0.0,12.06999969482422,124.51000213623048,61.040000915527344,75.73999786376953,19100.0,4.47,4.39,4.47,4.4,0.3142497930930913,0.5175142716564607,0.0,0.0,8.720001220703125,-7178700.0,-0.19999999999999996,-0.3699999999999999,0.16999999999999998,12.8585,0.0,0.0,0.0,0.149999618530277,1.4700012207031392,-5.1999969482421875,0.0,0.0,0.2699999999999996,0.3799999999999999,0.2699999999999996,0.4500000000000002,-0.20623190725448692,-0.33899891912826785,0.0,0.0,0
2006-03-31 00:00:00+00:00,-0.0004431567780643,0.3831256248966706,-0.0208035852416253,0.6672276201695262,-0.0469610730743716,0.924376785344605,-0.007687832148105,0.8990417860318086,80.55000305175781,90262500.0,1.63,1.81,-0.18,-9.9448,0.0,0.0,0.0,11.390000343322754,129.8300018310547,66.62999725341797,75.73999786376953,19100.0,4.72,4.72,4.72,4.73,1.8662540767833888,1.7152387106207996,0.0,0.0,-5.339996337890625,14355600.0,-0.19000000000000017,0.29000000000000004,-0.48,-29.6816,0.0,0.0,0.0,-0.6799993515014666,5.3199996948242045,5.589996337890625,0.0,0.0,0.25,0.33000000000000007,0.25,0.33000000000000007,1.5520042836902976,1.1977244389643389,0.0,0.0,1
2006-06-30 00:00:00+00:00,0.0201022906332608,-0.0089341477098308,-0.0117246025284709,-0.1502991158875535,-0.0035244620802994,-0.1741074185222234,0.0015844405227308,-0.0685385398708063,84.5999984741211,107126600.0,2.56,2.11,0.45,21.327,0.0,0.0,0.0,13.079999923706056,127.27999877929688,73.9800033569336,75.73999786376953,19100.0,5.11,5.07,5.11,5.12,0.33294096800263984,0.5103651054294538,0.0,0.0,4.049995422363281,16864100.0,0.9300000000000002,0.2999999999999998,0.63,31.271800000000002,0.0,0.0,0.0,1.6899995803833026,-2.5500030517578125,7.350006103515625,0.0,0.0,0.39000000000000057,0.35000000000000053,0.39000000000000057,0.3899999999999997,-1.533313108780749,-1.2048736051913458,0.0,0.0,1
2006-09-30 00:00:00+00:00,-9.87923117270761e-05,-0.0797199287873537,0.0151779355192104,-0.0544218076817307,0.0256265390510836,-0.2267279285160426,0.027151259486202,-0.2692990799368079,86.75,87951700.0,1.83,1.7,0.13,7.6471,0.0,0.0,0.0,11.979999542236328,133.5800018310547,62.90999984741211,75.73999786376953,19100.0,4.72,4.67,4.72,4.77,0.0149184556378229,0.15617114526955592,0.0,0.0,2.1500015258789062,-19174900.0,-0.73,-0.4099999999999999,-0.32,-13.679900000000002,0.0,0.0,0.0,-1.1000003814697283,6.3000030517578125,-11.070003509521484,0.0,0.0,-0.39000000000000057,-0.40000000000000036,-0.39000000000000057,-0.35000000000000053,-0.31802251236481693,-0.3541939601598979,0.0,0.0,1
2006-12-31 00:00:00+00:00,0.0042588889572246,-0.1969948933790526,0.0487450875334952,-0.4893212788259958,0.0638494325788847,-0.4694736555537574,0.0780968062675984,-0.4912318997707625,93.30999755859376,101007200.0,2.3,2.25,0.05,2.2222,0.0,0.0,0.0,11.5600004196167,141.6199951171875,61.04999923706055,75.73999786376953,19100.0,4.56,4.53,4.56,4.67,0.40764207594556506,0.6576869344936402,0.0,0.0,6.559997558593764,13055500.0,0.46999999999999975,0.55,-0.08,-5.4249,0.0,0.0,0.0,-0.4199991226196289,8.039993286132812,-1.8600006103515625,0.0,0.0,-0.16000000000000014,-0.13999999999999968,-0.16000000000000014,-0.09999999999999964,0.39272362030774216,0.5015157892240844,0.0,0.0,1
2007-03-31 00:00:00+00:00,-0.003648489095639,0.1041625658542233,0.0004082197078867,-0.1987051919762683,0.0294515564267486,-0.1445424435524439,0.0701170556969364,-0.1108946890955937,95.58000183105467,100742700.0,2.37,2.26,0.11,4.8673,0.0,0.0,0.0,14.640000343322754,142.0,65.87000274658203,75.73999786376953,19100.0,4.56,4.48,4.56,4.57,1.4023688900613152,1.0697591058997415,0.0,0.0,2.270004272460909,-264500.0,0.07000000000000028,0.009999999999999787,0.06,2.6451000000000002,0.0,0.0,0.0,3.0799999237060547,0.3800048828125,4.820003509521484,0.0,0.0,0.0,-0.04999999999999982,0.0,-0.09999999999999964,0.9947268141157501,0.4120721714061013,0.0,0.0,1
2007-06-30 00:00:00+00:00,-0.0024159344457489,0.0429364353614189,-0.0282613797239723,0.0050232033261686,-0.0077835791147867,-0.0078915216688392,0.0371311650489057,-0.0595920558839815,98.51000213623048,80520600.0,2.61,2.37,0.24,10.1266,0.0,0.0,0.0,16.229999542236328,150.42999267578125,70.68000030517578,75.73999786376953,19100.0,5.1,5.03,5.1,4.98,0.786806761870323,1.2657154205025756,0.0,0.0,2.9300003051758097,-20222100.0,0.23999999999999977,0.11000000000000032,0.13,5.2593,0.0,0.0,0.0,1.5899991989135742,8.42999267578125,4.80999755859375,0.0,0.0,0.54,0.5499999999999998,0.54,0.41000000000000014,-0.6155621281909922,0.19595631460283403,0.0,0.0,0
2007-09-30 00:00:00+00:00,0.0041384007484698,0.0169216261525566,0.0313395320379745,-0.0712551285271707,-0.0224233771504988,-0.1353274699918061,-0.036359617247163,-0.0044276250025348,92.5500030517578,138734600.0,2.39,2.27,0.12,5.2863,0.0,0.0,0.0,18.0,152.5800018310547,81.66000366210938,79.16999816894531,19100.0,4.52,4.2,4.52,4.01,0.3598789319920247,0.499090052225667,0.0,0.0,-5.959999084472685,58214000.0,-0.21999999999999975,-0.10000000000000009,-0.12,-4.8403,0.0,0.0,0.0,1.7700004577636719,2.1500091552734375,10.980003356933594,3.4300003051757812,0.0,-0.5800000000000001,-0.8300000000000001,-0.5800000000000001,-0.9700000000000006,-0.42692782987829825,-0.7666253682769086,0.0,0.0,0
2007-12-31 00:00:00+00:00,-0.0114352067684676,-0.1119177579771741,-0.0378326449890082,-0.4097384868641175,-0.0518027583031357,-0.3502748391017319,-0.0837290449746326,-0.3474996393799554,87.19000244140625,121223000.0,3.33,2.47,0.86,34.8178,0.0,0.0,0.0,22.5,146.2100067138672,95.9800033569336,93.8499984741211,19100.0,4.1,3.49,4.1,3.12,0.0792700113422371,0.1291315679753711,0.0,0.0,-5.360000610351548,-17511600.0,0.94,0.20000000000000018,0.74,29.531499999999998,0.0,0.0,0.0,4.5,-6.3699951171875,14.319999694824219,14.680000305175781,0.0,-0.41999999999999993,-0.71,-0.41999999999999993,-0.8899999999999997,-0.2806089206497876,-0.36995848425029587,0.0,0.0,0
2008-03-31 00:00:00+00:00,0.0134323904824877,-0.0001143946615824,0.0576296204300987,-0.0985358340772386,-0.0569954488381642,-0.0261722550823098,-0.1230386499429768,0.1025723323947374,75.7699966430664,188891500.0,2.66,2.5,0.16,6.4,0.0,0.0,0.0,25.61000061035156,131.97000122070312,101.58000183105467,100.3000030517578,19100.0,3.51,2.48,3.51,1.62,1.0984935490531997,0.5959855593955812,0.0,0.0,-11.420005798339844,67668500.0,-0.6699999999999999,0.029999999999999805,-0.7,-28.4178,0.0,0.0,0.0,3.110000610351559,-14.240005493164062,5.5999984741210795,6.4500045776367045,0.0,-0.5899999999999999,-1.0100000000000002,-0.5899999999999999,-1.5,1.0192235377109626,0.4668539914202101,0.0,0.0,0
2008-06-30 00:00:00+00:00,-0.0456493950715507,0.709992664124135,-0.0810415950414468,0.8854486396280955,-0.0985312972924217,1.091734154864905,-0.185378221233276,1.215003409030744,64.56999969482422,171750100.0,2.51,2.46,0.05,2.0325,0.8604558176729308,0.0868985739037718,0.0723710515793682,23.950000762939453,127.9800033569336,140.0,139.8300018310547,19100.0,4.1,3.49,4.1,2.77,0.1165279483394685,0.15096043456181207,0.0,0.0,-11.199996948242188,-17141400.0,-0.15000000000000036,-0.040000000000000036,-0.11,-4.3675,0.8604558176729308,0.0868985739037718,0.0723710515793682,-1.6599998474121058,-3.9899978637695312,38.41999816894533,39.52999877929689,0.0,0.5899999999999999,1.0100000000000002,0.5899999999999999,1.15,-0.9819656007137312,-0.4450251248337691,0.0,0.0,0
2008-09-30 00:00:00+00:00,-0.2156310443127016,0.1315407736836601,-0.3044368276463136,-0.0945729905224094,-0.3552857363960973,-0.0315617539359489,-0.4017989091122186,0.0943267280098756,40.9900016784668,251490700.0,2.22,2.09,0.13,6.2201,3.618320610687023,10.643765903307887,6.694656488549619,39.38999938964844,115.98999786376952,100.63999938964844,98.16999816894533,19100.0,3.69,2.88,3.69,2.08,0.0003543204241285,0.0026675993384353,0.0,0.0,-23.579998016357422,79740600.0,-0.2899999999999996,-0.3700000000000001,0.08,4.1876,2.7578647930140923,10.556867329404115,6.622285436970251,15.439998626708984,-11.990005493164077,-39.36000061035156,-41.66000366210936,0.0,-0.4099999999999997,-0.6100000000000003,-0.4099999999999997,-0.69,-0.11617362791534,-0.14829283522337677,0.0,0.0,0
2008-12-31 00:00:00+00:00,0.0356821139678794,0.0599463310225856,0.3402987565848025,-0.688624925490488,-0.4328173752869108,-0.5518852033301634,-0.6587149720093098,-0.2629662218613209,16.420000076293945,1271241600.0,-1.4,-1.34,-0.06,-4.4776,9.249557522123894,-2.0371681415929204,-1.4265486725663716,40.0,90.23999786376952,44.599998474121094,45.59000015258789,19100.0,2.42,1.52,2.42,0.82,0.0298284723745387,0.0,0.0,0.0,-24.57000160217285,1019750900.0,-3.62,-3.4299999999999997,-0.19,-10.697700000000001,5.63123691143687,-12.680934044900807,-8.12120516111599,0.6100006103515625,-25.75,-56.040000915527344,-52.579998016357436,0.0,-1.27,-1.3599999999999999,-1.27,-1.2600000000000002,0.0294741519504102,-0.0026675993384353,0.0,0.0,0
2009-03-31 00:00:00+00:00,-0.1151368853975023,0.658740096197565,0.1184991567750283,0.4135622026105323,-0.3093166549452861,0.9238150409660236,-0.7216706884574874,1.8083846996267896,7.849999904632568,1640066800.0,-0.72,1.3,-2.02,-155.3846,0.8335187245087133,-0.3739340007415647,-0.2241379310344827,44.13999938964844,79.5199966430664,49.65999984741211,49.22999954223633,19100.0,2.82,1.82,2.82,0.93,1.732178435522148,0.024761249859209897,0.0,0.0,-8.570000171661377,368825200.0,0.6799999999999999,2.64,-1.96,-150.907,-8.41603879761518,1.6632341408513556,1.202410741531889,4.1399993896484375,-10.72000122070311,5.060001373291016,3.6399993896484375,0.0,0.3999999999999999,0.30000000000000004,0.3999999999999999,0.1100000000000001,1.7023499631476091,0.024761249859209897,0.0,0.0,1
2009-06-30 00:00:00+00:00,0.0160185799733406,-0.3483878809021039,-0.1241145291358083,-0.3907938731065972,0.0975835166904691,-0.6119656775411175,-0.0783565264846536,-0.567089185988572,11.869999885559082,1440975400.0,-3.66,-3.05,-0.61,-20.0,1.0,0.0023569464449391,-0.0019641220374492,26.350000381469727,91.9499969482422,69.88999938964844,69.30000305175781,19100.0,3.72,2.71,3.72,1.18,0.0035250041001989,0.0,0.0,0.0,4.019999980926514,-199091400.0,-2.9400000000000004,-4.35,1.4100000000000001,135.3846,0.16648127549128666,0.3762909471865038,0.2221738089970335,-17.78999900817871,12.430000305175795,20.229999542236328,20.070003509521484,0.0,0.9000000000000004,0.8899999999999999,0.9000000000000004,0.2499999999999999,-1.728653431421949,-0.024761249859209897,0.0,0.0,1
2009-09-30 00:00:00+00:00,-0.0170102324993385,0.316719940684135,0.0919729671450317,0.0827070980242826,0.5177258917606324,0.0335391197229488,0.8773097390398396,-0.2378796998125082,26.5,1056366500.0,1.9,1.16,0.74,63.7931,1.0,-0.0873804971319311,-0.0420650095602294,25.61000061035156,105.58999633789062,70.61000061035156,69.06999969482422,19100.0,3.4,2.37,3.4,0.96,0.6967477822369499,0.0,0.0,0.0,14.630000114440918,-384608900.0,5.5600000000000005,4.21,1.35,83.79310000000001,0.0,-0.0897374435768702,-0.040100887522780196,-0.7399997711181676,13.639999389648423,0.720001220703125,-0.23000335693359375,0.0,-0.3200000000000003,-0.33999999999999986,-0.3200000000000003,-0.21999999999999997,0.693222778136751,0.0,0.0,0.0,0
2009-12-31 00:00:00+00:00,-0.0136903331949,-0.2389760041902641,-0.0379816525341165,-0.5066931767667654,-0.0728717260869842,-0.7213180921486793,0.1897191172417006,-0.8033459502154944,23.260000228881836,577525700.0,1.56,1.11,0.45,40.5405,1.0,0.1130434782608695,0.0864906832298136,21.68000030517578,111.44000244140624,79.36000061035156,77.93000030517578,19100.0,3.59,2.34,3.59,0.87,0.2062411964281831,0.0196996757384803,0.0,0.0,-3.239999771118164,-478840800.0,-0.33999999999999986,-0.04999999999999982,-0.29,-23.2526,0.0,0.2004239753928006,0.128555692790043,-3.9300003051757777,5.850006103515611,8.75,8.860000610351562,0.0,0.18999999999999995,-0.03000000000000025,0.18999999999999995,-0.08999999999999997,-0.4905065858087668,0.0196996757384803,0.0,0.0,1
2010-03-31 00:00:00+00:00,0.0126234324020978,0.8646999207108813,0.0711862699118244,1.0175022020066955,0.1266699863380797,1.5403654635610324,0.1870959363222081,0.8664373776137878,28.420000076293945,599256700.0,1.51,1.4,0.11,7.8571,1.0099089020297267,0.0855042352565127,0.0509828991529487,17.59000015258789,117.0,83.76000213623047,82.69999694824219,19100.0,3.73,2.43,3.73,0.96,1.0924572198082092,0.0160637180801978,0.0,0.0,5.159999847412109,21731000.0,-0.050000000000000044,0.2899999999999998,-0.34,-32.6834,0.009908902029726718,-0.027539243004356798,-0.0355077840768649,-4.090000152587891,5.559997558593764,4.400001525878906,4.769996643066406,0.0,0.14000000000000012,0.0900000000000003,0.14000000000000012,0.08999999999999997,0.8862160233800261,-0.0036359576582825,0.0,0.0,0
2010-06-30 00:00:00+00:00,-0.0601262213028764,0.5445063355727527,-0.0846672797674946,0.2755481629576218,-0.1590419048699172,0.0890679054018601,-0.1353273626972357,0.1639788137058538,22.1299991607666,557691400.0,0.14,0.11,0.03,27.2727,0.974885145482389,-0.0021439509954058,0.0232771822358346,34.540000915527344,103.22000122070312,75.62999725341797,75.01000213623047,19100.0,3.2,2.0,3.2,0.72,0.1832224868744232,0.0030008042318005,0.0,0.0,-6.290000915527344,-41565300.0,-1.37,-1.2899999999999998,-0.08,19.4156,-0.03502375654733769,-0.0876481862519185,-0.0277057169171141,16.950000762939453,-13.779998779296875,-8.1300048828125,-7.689994812011719,0.0,-0.5299999999999998,-0.43000000000000016,-0.5299999999999998,-0.24,-0.909234732933786,-0.013062913848397301,0.0,0.0,1
2010-09-30 00:00:00+00:00,0.009805790813001,-0.3333485447651045,0.0539125920649059,-0.1423309542727197,0.0098170844536647,-0.0888447539649802,-0.0663224879334066,-0.2115965374092484,22.950000762939453,464872400.0,0.92,0.71,0.21,29.5775,1.0107543168736746,0.1396546501060284,0.100878521660103,23.700000762939453,114.12999725341795,79.97000122070312,82.30999755859375,19100.0,2.65,1.41,2.65,0.48,0.838912374301731,0.0072550521367468,0.0,0.0,0.8200016021728516,-92819000.0,0.78,0.6,0.18,2.3048,0.03586917139128554,0.1417986011014342,0.0776013394242684,-10.84000015258789,10.90999603271483,4.340003967285156,7.299995422363281,0.0,-0.5500000000000003,-0.5900000000000001,-0.5500000000000003,-0.24,0.6556898874273078,0.0042542479049463,0.0,0.0,1
2010-12-31 00:00:00+00:00,-0.0083426994769801,-0.6285185232810833,0.0617092474922707,-0.7045775448153431,0.1086980636500727,-0.7559713693571706,0.1014603774097813,-0.773406101069554,26.489999771118164,402111900.0,1.43,0.97,0.46,47.4227,1.021079258010118,0.1372681281618887,0.1043844856661045,17.75,125.75,91.37999725341795,94.75,19100.0,3.29,1.93,3.29,0.62,0.16232099301879369,0.0835116672891063,0.0,0.0,3.539999008178711,-62760500.0,0.5099999999999999,0.26,0.25,17.8452,0.010324941136443444,-0.0023865219441397134,0.003505964006001505,-5.950000762939453,11.620002746582045,11.40999603271483,12.44000244140625,0.0,0.6400000000000001,0.52,0.6400000000000001,0.14,-0.6765913812829374,0.0762566151523595,0.0,0.0,1
2011-03-31 00:00:00+00:00,0.0094243755621444,0.0056325175321214,-0.0260280277810437,-0.3731261377021094,-0.0072580614547803,-0.3445105979650616,0.0753671055094753,-0.4122731201382886,26.93000030517578,361765900.0,1.06,0.96,0.1,10.4167,0.9992063492063492,-0.1176190476190476,0.0795238095238095,17.739999771118164,132.58999633789062,106.72000122070312,117.36000061035156,19100.0,3.41,2.11,3.41,0.7,1.817115567516939,0.168285313581242,0.0,0.0,0.4400005340576172,-40346000.0,-0.3699999999999999,-0.010000000000000009,-0.36,-37.006,-0.021872908803768798,-0.2548871757809363,-0.024860676142295007,-0.010000228881835938,6.839996337890625,15.34000396728517,22.610000610351562,0.0,0.1200000000000001,0.17999999999999994,0.1200000000000001,0.07999999999999996,1.6547945744981454,0.08477364629213568,0.0,0.0,0
2011-06-30 00:00:00+00:00,0.0474974724546041,-0.1901934461474794,0.0400589301843198,0.0769650001057114,-0.013853306679093,-0.0508853618668485,-0.0051121160184931,-0.1538905899050076,26.3700008392334,275932700.0,1.16,0.95,0.21,22.1053,0.9953712275504536,-0.2664321421958897,0.0061099796334012,16.520000457763672,131.97000122070312,95.41999816894533,112.4800033569336,19100.0,3.0,1.58,3.0,0.41,0.3400492747093798,0.1219928794857659,0.0,0.0,-0.5599994659423828,-85833200.0,0.09999999999999987,-0.010000000000000009,0.10999999999999999,11.6886,-0.0038351216558956125,-0.14881309457684208,-0.0734138298904083,-1.2199993133544922,-0.6199951171875,-11.300003051757798,-4.879997253417969,0.0,-0.41000000000000014,-0.5299999999999998,-0.41000000000000014,-0.29,-1.4770662928075593,-0.04629243409547609,0.0,0.0,0
2011-09-30 00:00:00+00:00,-0.0113755956041655,-0.1775166693092772,-0.0736914904876569,-0.0168093130064932,-0.2571379165501822,0.3288063616291285,-0.3484901049821126,0.573718227349096,16.139999389648438,554124100.0,0.0269,0.01,0.0169,169.0,0.9902654867256636,-0.2670353982300885,0.0132743362831858,42.959999084472656,113.1500015258789,79.19999694824219,102.76000213623048,19100.0,1.98,0.9,1.98,0.21,0.6217205614605006,0.762149301780573,0.0,0.0,-10.230001449584961,278191400.0,-1.1331,-0.94,-0.1931,146.8947,-0.005105740824789984,-0.0006032560341988069,0.0071643566497846005,26.439998626708984,-18.81999969482422,-16.22000122070314,-9.72000122070311,0.0,-1.02,-0.68,-1.02,-0.19999999999999998,0.2816712867511208,0.6401564222948072,0.0,0.0,1
2011-12-31 00:00:00+00:00,-0.0086282009159229,-0.3394726766216448,-0.0279550194847288,-0.5959095286647732,-0.0667951388000309,-0.6759630669531748,-0.2291555779058345,-0.608896401446201,16.25,539758100.0,0.05,0.23,-0.18,-78.2609,0.9902654867256636,-0.2670353982300885,0.0132743362831858,23.399999618530273,125.5,98.83000183105467,107.37999725341795,19100.0,1.98,0.89,1.98,0.26,0.17338281255866228,0.0196237222693168,0.0,0.0,0.1100006103515625,-14366000.0,0.023100000000000002,0.22,-0.1969,-247.2609,0.0,0.0,0.0,-19.559999465942383,12.349998474121094,19.630004882812486,4.619995117187472,0.0,0.0,-0.010000000000000009,0.0,0.05000000000000002,-0.4483377489018383,-0.7425255795112562,0.0,0.0,1
2012-03-31 00:00:00+00:00,-0.0141635544823024,-0.4451050389752889,0.0102075068027656,-0.5286289237028979,0.1273598052213357,-0.4987092180981717,0.1226998715902228,-0.5287309445124436,21.079999923706055,555004000.0,0.69,0.53,0.16,30.1887,1.0,0.0163178432068109,0.0209294075913444,15.5,140.80999755859375,103.0199966430664,122.87999725341795,19100.0,2.17,1.02,2.17,0.34,2.234023522495766,0.52393725727316,0.0,0.0,4.829999923706055,15245900.0,0.6399999999999999,0.30000000000000004,0.33999999999999997,108.4496,0.009734513274336387,0.2833532414368994,0.0076550713081586005,-7.899999618530273,15.30999755859375,4.189994812011733,15.5,0.0,0.18999999999999995,0.13,0.18999999999999995,0.08000000000000002,2.0606407099371036,0.5043135350038432,0.0,0.0,0
2012-06-30 00:00:00+00:00,0.0442544745869438,0.2650901787008469,0.0397498831079667,0.0255364363804833,-0.0859286345533719,-0.1000714404372514,-0.052142092719615,-0.2061557918626835,17.6299991607666,393883000.0,1.25,0.91,0.34,37.3626,1.0075747508305648,-0.1845847176079734,0.0127574750830564,17.079999923706055,136.10000610351562,84.95999908447266,97.8000030517578,19100.0,1.62,0.71,1.62,0.29,0.2853055310202282,0.0775593847132725,0.0,0.0,-3.450000762939453,-161121000.0,0.56,0.38,0.18000000000000002,7.1739,0.007574750830564803,-0.2009025608147843,-0.008171932508288002,1.5799999237060547,-4.709991455078125,-18.05999755859375,-25.079994201660156,0.0,-0.5499999999999998,-0.31000000000000005,-0.5499999999999998,-0.050000000000000044,-1.9487179914755377,-0.4463778725598875,0.0,0.0,1
2012-09-30 00:00:00+00:00,0.0138578783680844,1.0585115457025396,0.0353827072675693,1.5857788872967828,0.1103073017113411,1.946740926923096,0.038344467235267,1.6280574325303891,19.440000534057617,448468400.0,0.23,0.45,-0.22,-48.8889,0.9631982475355968,-0.380065717415115,-0.0221248630887185,15.729999542236328,143.97000122070312,92.19000244140624,112.38999938964844,19100.0,1.72,0.67,1.72,0.26,0.2148280350858472,0.04687516129096,0.0,0.0,1.8100013732910156,54585400.0,-1.02,-0.46,-0.56,-86.2515,-0.044376503294968006,-0.19548099980714162,-0.0348823381717749,-1.3500003814697266,7.8699951171875,7.2300033569335795,14.58999633789064,0.0,0.09999999999999987,-0.039999999999999925,0.09999999999999987,-0.02999999999999997,-0.07047749593438102,-0.030684223422312508,0.0,0.0,1
2012-12-31 00:00:00+00:00,0.0014664027192845,0.2652610791659405,0.0360270473125431,0.1915620026882257,0.0876836094248532,-0.228978945265743,0.1694911082214994,-0.2126566539225512,22.440000534057617,375043100.0,0.78,0.8,-0.02,-2.5,1.0045454545454546,-0.0335064935064935,-0.0059740259740259,18.020000457763672,142.41000366210938,91.81999969482422,111.11000061035156,19100.0,1.72,0.7,1.72,0.26,0.054849786098052904,0.0524627028116497,0.0,0.0,3.0,-73425300.0,0.55,0.35000000000000003,0.2,46.3889,0.041347207009857834,0.34655922390862154,0.0161508371146926,2.2900009155273438,-1.55999755859375,-0.37000274658201704,-1.279998779296875,0.0,0.0,0.029999999999999916,0.0,0.0,-0.15997824898779428,0.005587541520689701,0.0,0.0,1
2013-03-31 00:00:00+00:00,-0.0107362226788579,-0.2310033582829666,0.0338609170296798,-0.2319536605931737,0.0905196806617564,-0.1062505886506303,0.2090758445716919,-0.2424806159302571,25.799999237060547,364837600.0,0.54,0.32,0.22,68.75,1.0045454545454546,-0.0335064935064935,-0.0059740259740259,12.699999809265137,156.6699981689453,97.2300033569336,110.0199966430664,19100.0,1.96,0.82,1.96,0.26,2.3457410942690085,1.1792804567720467,0.0,0.0,3.3599987030029297,-10205500.0,-0.24,-0.48000000000000004,0.24,71.25,0.0,0.0,0.0,-5.320000648498535,14.259994506835938,5.410003662109375,-1.0900039672851562,0.0,0.24,0.12,0.24,0.0,2.2908913081709557,1.126817753960397,0.0,0.0,1
2013-06-30 00:00:00+00:00,0.0355485397686204,-0.1420467527153063,0.0254029375205806,0.2112866715721243,0.114577870805681,0.1336677489086458,0.2279397379231425,0.2055279568903662,30.920000076293945,409627400.0,0.92,0.82,0.1,12.1951,1.445873015873016,-0.246031746031746,-0.0382539682539682,16.860000610351562,160.4199981689453,96.55999755859376,102.16000366210938,19100.0,2.3,1.2,2.3,0.33,0.21284924783578643,0.34097590762597474,0.0,0.0,5.120000839233398,44789800.0,0.38,0.49999999999999994,-0.12,-56.5549,0.44132756132756135,-0.2125252525252525,-0.0322799422799423,4.160000801086426,3.75,-0.6700057983398295,-7.859992980957031,0.0,0.33999999999999986,0.38,0.33999999999999986,0.07,-2.132891846433222,-0.838304549146072,0.0,0.0,1
2013-09-30 00:00:00+00:00,-0.005342204694692,-0.1195662940696886,0.0045514944725124,-0.0456965676988685,0.0079860343537884,-0.2611445264825798,0.0917340658324504,-0.3862296106007937,31.1200008392334,251364900.0,0.66,0.71,-0.05,-7.0423,1.1452077334430275,-0.148704236939531,0.060263266145619,16.600000381469727,168.00999450683594,102.33000183105467,108.37000274658205,19100.0,2.81,1.6,2.81,0.4,0.1633650362694709,0.3084404522667677,0.0,0.0,0.20000076293945312,-158262500.0,-0.26,-0.10999999999999999,-0.15000000000000002,-19.2374,-0.30066528242998847,0.09732750909221499,0.0985172343995872,-0.26000022888183594,7.589996337890625,5.770004272460909,6.2099990844726705,0.0,0.5100000000000002,0.40000000000000013,0.5100000000000002,0.07,-0.04948421156631552,-0.032535455359207044,0.0,0.0,1
2013-12-31 00:00:00+00:00,-0.0042013644897099,0.0006569268775617,0.0153578643294582,-0.1550120002880433,0.0829795978369675,-0.1836852107007978,0.1376089017612055,-0.3117840828353604,36.22999954223633,250844500.0,1.03,0.83,0.2,24.0964,1.2742306887167678,0.0789198241574209,0.065731630730584,13.720000267028809,184.69000244140625,98.41999816894533,110.8000030517578,19100.0,2.9,1.58,2.9,0.34,0.4288363939589742,0.126080624732005,0.0,0.0,5.10999870300293,-520400.0,0.37,0.12,0.25,31.1387,0.1290229552737403,0.22762406109695188,0.0054683645849649964,-2.880000114440918,16.680007934570312,-3.9100036621093466,2.430000305175753,0.0,0.08999999999999986,-0.020000000000000018,0.08999999999999986,-0.06,0.2654713576895033,-0.1823598275347627,0.0,0.0,0
2014-03-31 00:00:00+00:00,0.0050069181954752,-0.3107599664953705,0.0043568715589362,-0.3753321249967685,0.0053525165736267,-0.4354561667507469,0.0509274328677132,-0.439161069801341,35.27000045776367,252574500.0,0.94,0.9,0.04,4.4444,0.9577189939288812,-0.0728534258456201,0.1073287077189939,13.880000114440918,187.0099945068359,101.58000183105467,107.76000213623048,19100.0,2.72,1.64,2.72,0.4,2.0293612032256214,0.3922479112697178,0.0,0.0,-0.9599990844726562,1730000.0,-0.09000000000000008,0.07000000000000006,-0.16,-19.652,-0.31651169478788665,-0.15177325000304098,0.041597076988409906,0.15999984741210938,2.319992065429659,3.1600036621093466,-3.0400009155273153,0.0,-0.17999999999999972,0.05999999999999983,-0.17999999999999972,0.06,1.600524809266647,0.2661672865377128,0.0,0.0,1
2014-06-30 00:00:00+00:00,-0.001593156852245,-0.1214890653818646,0.0096615108142179,-0.3089024769406156,0.0175447843240241,-0.5072774269227851,0.0245186778350259,-0.5476816343621956,35.810001373291016,211059100.0,1.18,0.93,0.25,26.8817,0.9971837088388216,-0.1819757365684575,-0.1011698440207972,11.56999969482422,195.72000122070312,105.37000274658205,112.36000061035156,19100.0,2.6,1.68,2.6,0.45,0.0088919977947845,0.085181386875016,0.0,0.0,0.5400009155273438,-41515400.0,0.24,0.030000000000000027,0.21,22.4373,0.03946471490994041,-0.1091223107228374,-0.2084985517397911,-2.3100004196166974,8.710006713867216,3.790000915527372,4.5999984741210795,0.0,-0.1200000000000001,0.040000000000000036,-0.1200000000000001,0.04999999999999999,-2.020469205430837,-0.30706652439470183,0.0,0.0,1
2014-09-30 00:00:00+00:00,-0.0021812471370977,0.342152534496318,0.0063397159027173,0.3845900666012701,0.0338224175707119,0.4989298930514079,0.052345767784701,0.2505164867759957,37.25,200794300.0,0.31,0.68,-0.37,-54.4118,-0.1113440972950304,-0.3159991612497378,0.0813587754246173,16.309999465942383,197.02000427246097,91.16000366210938,94.66999816894533,19100.0,2.53,1.77,2.53,0.57,0.9492598893835473,1.5734860385754623,0.0,0.0,1.4399986267089844,-10264800.0,-0.8699999999999999,-0.25,-0.62,-81.2935,-1.108527806133852,-0.1340234246812803,0.1825286194454145,4.739999771118162,1.300003051757841,-14.20999908447267,-17.690002441406236,0.0,-0.07000000000000028,0.09000000000000008,-0.07000000000000028,0.11999999999999994,0.9403678915887628,1.4883046517004463,0.0,0.0,1
2014-12-31 00:00:00+00:00,-0.0088306683983592,-0.2029058786788215,0.0071750923096282,-0.4650081165239385,0.0726108098535768,-0.5416984086500909,0.1229394021440667,-0.5253572579778661,41.689998626708984,225471700.0,1.06,0.83,0.23,27.7108,1.0,1.0,0.0827377084687026,19.200000762939453,205.5399932861328,53.27000045776367,57.33000183105469,19100.0,2.21,1.64,2.21,0.64,0.6508468145899898,0.8959699489994526,0.0,0.0,4.439998626708984,24677400.0,0.75,0.1499999999999999,0.6,82.1226,1.1113440972950304,1.3159991612497377,0.0013789330440853037,2.8900012969970703,8.519989013671847,-37.8900032043457,-37.33999633789064,0.0,-0.31999999999999984,-0.13000000000000012,-0.31999999999999984,0.07000000000000006,-0.2984130747935575,-0.6775160895760097,0.0,0.0,1
2015-03-31 00:00:00+00:00,-0.0119148161762579,0.4008529634501175,0.001716633576565,0.1752379444983798,0.0168090314274351,0.136651192173229,0.0722817195741778,0.0673106463658297,41.81999969482422,205010300.0,0.96,0.93,0.03,3.2258,-0.1137102014294996,-0.3190383365821962,0.1011479315572882,15.289999961853027,206.42999267578125,47.599998474121094,55.11000061035156,19100.0,2.04,1.52,2.04,0.64,1.58610124981969,1.2064662607963672,0.0,0.0,0.13000106811523438,-20461400.0,-0.10000000000000009,0.10000000000000009,-0.2,-24.485,-1.1137102014294995,-1.3190383365821963,0.0184102230885856,-3.910000801086426,0.8899993896484375,-5.670001983642578,-2.220001220703125,0.0,-0.16999999999999993,-0.11999999999999988,-0.16999999999999993,0.0,0.9352544352297002,0.3104963117969146,0.0,0.0,0
2015-06-30 00:00:00+00:00,-0.011045405191665,0.0143326574844438,-0.0045736509987015,0.1328017740044324,-0.0046875214289522,0.0926220896736367,0.0153332537203694,-0.0316124699585305,41.56999969482422,157631000.0,1.04,0.97,0.07,7.2165,-0.2004268943436499,-0.3946638207043756,0.0881536819637139,18.229999542236328,205.8500061035156,59.470001220703125,63.59000015258789,19100.0,2.36,1.68,2.36,0.69,0.2554277951995067,0.49224123792417296,0.0,0.0,-0.25,-47379300.0,0.08000000000000007,0.039999999999999925,0.04000000000000001,3.9907,-0.08671669291415031,-0.0756254841221794,-0.0129942495935743,2.939999580383301,-0.5799865722656534,11.870002746582031,8.479999542236328,0.0,0.31999999999999984,0.15999999999999992,0.31999999999999984,0.04999999999999993,-1.3306734546201833,-0.7142250228721942,0.0,0.0,1
2015-09-30 00:00:00+00:00,0.019436911120138,0.3537899124046341,0.0023280814422511,0.2304563508783757,0.0197858295601197,0.2083521322923615,0.0618114076842047,0.3386691848463039,45.779998779296875,261204000.0,0.91,0.76,0.15,19.7368,-0.188075405523893,-0.4009206488382288,0.0835160017536168,24.5,191.6300048828125,45.09000015258789,48.369998931884766,19100.0,2.17,1.49,2.17,0.71,0.3145096152136153,0.4470588235294118,0.0,0.0,4.209999084472656,103573000.0,-0.13,-0.20999999999999996,0.07999999999999999,12.520299999999999,0.012351488819756895,-0.006256828133853198,-0.004637680210097098,6.270000457763672,-14.220001220703097,-14.380001068115234,-15.220001220703125,0.0,-0.18999999999999995,-0.18999999999999995,-0.18999999999999995,0.020000000000000018,0.05908182001410861,-0.04518241439476117,0.0,0.0,0
2015-12-31 00:00:00+00:00,-0.0031457065106075,-0.1530577354493824,-0.0279724680741149,-0.4040502238714006,-0.0496091906125366,-0.5068293849191136,-0.0287171070776621,-0.541894102218115,43.459999084472656,180741900.0,0.86,0.99,-0.13,-13.1313,1.0,1.0,0.0932860624861511,18.209999084472656,203.8699951171875,37.040000915527344,37.279998779296875,19100.0,2.24,1.7,2.24,0.98,0.2104439478099009,0.2499639380089433,0.0,0.0,-2.3199996948242188,-80462100.0,-0.050000000000000044,0.22999999999999998,-0.28,-32.8681,1.1880754055238931,1.4009206488382289,0.009770060732534294,-6.290000915527344,12.239990234375,-8.049999237060547,-11.09000015258789,0.0,0.07000000000000028,0.20999999999999996,0.07000000000000028,0.27,-0.10406566740371442,-0.1970948855204685,0.0,0.0,1
2016-03-31 00:00:00+00:00,0.0017391583728296,0.2040521212376164,0.0439511056752523,0.2730475798824934,0.0746046314357609,0.1366489051802255,0.0295008783414872,0.0163182813115728,46.08000183105469,190504200.0,1.07,0.98,0.09,9.1837,-0.2267175572519084,-0.4580152671755725,0.0821882951653944,13.949999809265137,205.52000427246097,38.34000015258789,39.599998474121094,19100.0,1.89,1.38,1.89,0.88,3.1176370825948037,1.5524254405984907,0.0,0.0,2.6200027465820312,9762300.0,0.21000000000000008,-0.010000000000000009,0.22,22.314999999999998,-1.2267175572519085,-1.4580152671755724,-0.011097767320756693,-4.2599992752075195,1.650009155273466,1.2999992370605469,2.3199996948242188,0.0,-0.3500000000000003,-0.32000000000000006,-0.3500000000000003,-0.09999999999999998,2.9071931347849027,1.3024615025895474,0.0,0.0,0
2016-06-30 00:00:00+00:00,0.0285052287305339,0.3948984532273271,0.0042769105867455,0.7197673549157049,-0.0048137048099559,0.6002983221652004,0.0066294833279557,0.4192025485151305,44.380001068115234,154568300.0,0.95,1.01,-0.06,-5.9406,-0.393390452876377,-0.6166462668298653,0.052876376988984,15.630000114440918,209.47999572753903,48.33000183105469,49.68000030517578,19100.0,1.64,1.17,1.64,0.73,0.0077656780741118,9.287197696774971e-05,0.0,0.0,-1.7000007629394531,-35935900.0,-0.1200000000000001,0.030000000000000027,-0.15,-15.1243,-0.16667289562446858,-0.15863099965429284,-0.0293119181764104,1.6800003051757812,3.959991455078068,9.990001678466797,10.080001831054688,0.0,-0.25,-0.20999999999999996,-0.25,-0.15000000000000002,-3.1098714045206917,-1.552332568621523,0.0,0.0,0
2016-09-30 00:00:00+00:00,0.0022067669245337,0.4131771794900836,0.0324374631195063,0.0952719898813517,0.0075294015696524,0.2011348244189416,-0.0024642097902046,0.23853370382695,42.81999969482422,207474300.0,0.31,0.8,-0.49,-61.25,-0.2102576567817209,-0.4285367039377734,0.1064657267865824,13.289999961853027,216.3000030517578,48.2400016784668,49.060001373291016,19100.0,1.63,1.18,1.63,0.77,0.45421225020896183,0.200366350309145,0.0,0.0,-1.5600013732910156,52906000.0,-0.6399999999999999,-0.20999999999999996,-0.43,-55.3094,0.18313279609465608,0.18810956289209196,0.05358934979759839,-2.3400001525878906,6.820007324218778,-0.09000015258789062,-0.6199989318847656,0.0,-0.010000000000000009,0.010000000000000009,-0.010000000000000009,0.040000000000000036,0.44644657213485,0.20027347833217726,0.0,0.0,1
2016-12-31 00:00:00+00:00,-0.0072029958947466,0.0902767903692117,-0.002880770556126,-0.4031077448416158,0.0687664338569102,-0.5145091209334163,0.0828014542339922,-0.5138575560108583,47.650001525878906,157147700.0,1.06,0.95,0.11,11.5789,-0.2102576567817209,-0.4285367039377734,0.1064657267865824,14.039999961853027,223.52999877929688,53.720001220703125,56.130001068115234,19100.0,2.49,1.96,2.49,1.2,0.0141110819980516,0.0640026241273492,0.0,0.0,4.8300018310546875,-50326600.0,0.75,0.1499999999999999,0.6,72.8289,0.0,0.0,0.0,0.75,7.2299957275390625,5.479999542236328,7.069999694824219,0.0,0.8600000000000003,0.78,0.8600000000000003,0.42999999999999994,-0.4401011682109102,-0.13636372618179582,0.0,0.0,1
2017-03-31 00:00:00+00:00,0.009873940856233,0.7309248823024652,-0.010749301747269,0.5138521607951017,-0.0032255905139585,0.6287589953013754,0.0581333690512435,0.4994257633051033,48.06999969482422,175401200.0,1.08,0.94,0.14,14.8936,-0.2082034060925881,-0.4396737826816982,0.090669225233869,12.369999885559082,235.7400054931641,50.599998474121094,52.83000183105469,19100.0,2.48,2.01,2.48,1.31,1.057264080478508,0.1398375333202915,0.0,0.0,0.4199981689453125,18253500.0,0.020000000000000018,-0.010000000000000009,0.030000000000000013,3.3146999999999984,0.002054250689132786,-0.011137078743924833,-0.015796501552713393,-1.6700000762939453,12.210006713867216,-3.1200027465820312,-3.299999237060547,0.0,-0.010000000000000231,0.04999999999999982,-0.010000000000000231,0.1100000000000001,1.0431529984804564,0.0758349091929423,0.0,0.0,1
2017-06-30 00:00:00+00:00,0.0073086558939443,-0.0295316036914503,0.0347678304766758,0.0525326263375512,0.0670645010982488,-0.0871332645132578,0.0921568605272665,-0.0765668099879444,52.56999969482422,164027800.0,1.0,0.99,0.01,1.0101,-0.1836734693877551,-0.5851922164214522,-0.0094921689606074,11.18000030517578,241.8000030517578,46.040000915527344,47.91999816894531,19100.0,2.19,1.77,2.19,1.34,0.0,0.01786582963327416,0.0,0.0,4.5,-11373400.0,-0.08000000000000007,0.050000000000000044,-0.13,-13.8835,0.024529936704833,-0.14551843373975404,-0.1001613941944764,-1.1899995803833026,6.059997558593722,-4.55999755859375,-4.910003662109375,0.0,-0.29000000000000004,-0.23999999999999977,-0.29000000000000004,0.030000000000000027,-1.057264080478508,-0.12197170368701735,0.0,0.0,1
2017-09-30 00:00:00+00:00,0.0105216576885785,-0.1924729485628102,0.0210422282345994,-0.3964842316443618,0.038572523195453,-0.380379305995936,0.0889528757391079,-0.4642112927230676,55.43000030517578,130914200.0,1.04,0.94,0.1,10.6383,-0.1836734693877551,-0.5851922164214522,-0.0094921689606074,9.510000228881836,251.22999572753903,51.66999816894531,57.540000915527344,19100.0,2.2,1.8,2.2,1.38,0.1021052840202895,0.0600585291054847,0.0,0.0,2.8600006103515625,-33113600.0,0.040000000000000036,-0.050000000000000044,0.09000000000000001,9.6282,0.0,0.0,0.0,-1.6700000762939435,9.429992675781222,5.629997253417969,9.620002746582031,0.0,0.010000000000000231,0.030000000000000027,0.010000000000000231,0.039999999999999813,0.1021052840202895,0.042192699472210535,0.0,0.0,1
2017-12-31 00:00:00+00:00,0.0026468321566203,-0.3740430290460397,0.005137597462908,-0.5778137103749107,0.0177705767864031,-0.5472732844784481,0.0518741197123245,-0.567524702436975,56.279998779296875,129179900.0,0.6,0.57,0.03,5.2632,-0.3983778625954198,-0.6357347328244275,0.0558206106870229,11.039999961853027,266.8599853515625,60.41999816894531,66.5999984741211,14470.0,2.4,2.18,2.4,1.84,0.0,0.0,0.0,0.0,0.8499984741210938,-1734300.0,-0.44000000000000006,-0.37,-0.07,-5.375099999999999,-0.21470439320766468,-0.050542516402975246,0.0653127796476303,1.5299997329711914,15.629989624023466,8.75,9.05999755859375,-4630.0,0.19999999999999973,0.3800000000000001,0.19999999999999973,0.4600000000000002,-0.1021052840202895,-0.0600585291054847,0.0,0.0,0
2018-03-31 00:00:00+00:00,-0.0021305455022311,0.1615985318557779,-0.0347480649805007,0.0435930063947528,-0.0653346463003597,0.0811058122634852,-0.0640328385432745,0.1745170834306846,51.52000045776367,151886300.0,0.81,0.76,0.05,6.5789,0.9895356442119032,0.9895356442119032,-0.8072814475692174,19.969999313354492,263.1499938964844,64.94000244140625,70.2699966430664,7389.91015625,2.84,2.63,2.84,2.28,3.5930028446488946,1.767138574869633,0.0,0.0,-4.759998321533203,22706400.0,0.21000000000000008,0.19000000000000006,0.020000000000000004,1.3156999999999996,1.387913506807323,1.6252703770363306,-0.8631020582562403,8.929999351501465,-3.709991455078125,4.5200042724609375,3.6699981689453125,-7080.08984375,0.43999999999999995,0.44999999999999973,0.43999999999999995,0.4399999999999997,3.5930028446488946,1.767138574869633,0.0,0.0,0
2018-06-30 00:00:00+00:00,-0.0039517834497873,0.4795946705244871,-0.0273981910772293,0.5157886936465444,-0.0285931230303293,0.5281009395772601,-0.0569107832929142,0.4927040183897049,51.130001068115234,132362900.0,1.27,1.08,0.19,17.5926,-0.2257514389256022,-0.4468130462587934,0.1272649754849712,16.09000015258789,271.2799987792969,74.1500015258789,79.44000244140625,5885.8798828125,2.91,2.78,2.91,2.53,0.3002017495499657,0.5327006182902464,0.0,0.0,-0.3899993896484375,-19523400.0,0.45999999999999996,0.32000000000000006,0.14,11.0137,-1.2152870831375053,-1.4363486904706966,0.9345464230541886,-3.8799991607666016,8.1300048828125,9.209999084472656,9.170005798339844,-1504.0302734375,0.07000000000000028,0.1499999999999999,0.07000000000000028,0.25,-3.292801095098929,-1.2344379565793866,0.0,0.0,0
2018-09-30 00:00:00+00:00,-0.005855936672858,-0.1265442599247273,-0.0066212160644266,-0.1316898256326534,-0.0338114577148129,0.0723798124146248,-0.0520254060471174,0.0406141316381286,49.959999084472656,144921500.0,1.13,1.03,0.1,9.7087,-0.2190436416788473,-0.4418458968469409,0.1215285028189601,12.119999885559082,290.7200012207031,73.25,82.72000122070312,6647.7998046875,3.0,2.89,3.0,2.77,0.1997855838979751,0.0944278789818859,0.0,0.0,-1.1700019836425781,12558600.0,-0.14000000000000012,-0.050000000000000044,-0.09,-7.883900000000001,0.00670779724675491,0.004967149411852501,-0.0057364726660111,-3.9700002670288086,19.44000244140625,-0.9000015258789062,3.279998779296875,761.919921875,0.08999999999999986,0.11000000000000032,0.08999999999999986,0.2400000000000002,-0.1004161656519906,-0.4382727393083605,0.0,0.0,0
2018-12-31 00:00:00+00:00,0.0358201335734573,-0.35721720099227,0.0328722454186668,-0.3353990354983837,-0.0444718639672217,-0.2674604829993392,-0.1019445904106452,-0.1029538502757374,44.45000076293945,199316700.0,1.15,1.06,0.09,8.4906,1.0,1.0,0.04230520181308,25.420000076293945,249.9199981689453,45.40999984741211,53.79999923706055,3650.0,2.83,2.68,2.83,2.68,0.0197599950995212,0.2620214870186712,0.0,0.0,-5.509998321533203,54395200.0,0.020000000000000018,0.030000000000000027,-0.010000000000000009,-1.2180999999999997,1.2190436416788473,1.441845896846941,-0.0792233010058801,13.300000190734863,-40.80000305175781,-27.84000015258789,-28.920001983642578,-2997.7998046875,-0.16999999999999993,-0.20999999999999996,-0.16999999999999993,-0.08999999999999986,-0.1800255887984539,0.16759360803678527,0.0,0.0,1
2019-03-31 00:00:00+00:00,0.0138662488783465,-0.0701553753079622,0.0173167784094499,-0.0951871863464642,0.0798367086865949,-0.2816784377132711,0.0403173224932661,-0.2698663644149474,49.720001220703125,140094700.0,0.78,0.57,0.21,36.8421,1.0,1.0,0.04230520181308,13.710000038146973,282.4800109863281,60.13999938964844,68.38999938964844,4079.360107421875,2.57,2.37,2.57,2.41,2.5738477061609686,0.5309315059289864,0.0,0.0,5.270000457763672,-59222000.0,-0.3699999999999999,-0.4900000000000001,0.12,28.3515,0.0,0.0,0.0,-11.710000038146973,32.56001281738281,14.729999542236328,14.59000015258789,429.360107421875,-0.26000000000000023,-0.31000000000000005,-0.26000000000000023,-0.27,2.5540877110614475,0.26891001891031524,0.0,0.0,1
2019-06-30 00:00:00+00:00,0.0024931375501854,0.294474941412166,0.0241392157984164,0.5083329119319209,0.0794707478606074,0.6895516139943345,0.1515886638491762,0.3930936686699265,55.720001220703125,132715300.0,1.39,1.24,0.15,12.0968,-0.1615384615384615,-0.3736842105263158,0.1275303643724696,15.079999923706056,293.0,58.470001220703125,66.55000305175781,11763.7900390625,2.07,1.83,2.07,1.81,0.261142167236742,0.5240374412387141,0.0,0.0,6.0,-7379400.0,0.6099999999999999,0.67,-0.06,-24.7453,-1.1615384615384614,-1.3736842105263158,0.08522516255938958,1.3699998855590838,10.519989013671875,-1.6699981689453125,-1.839996337890625,7684.429931640625,-0.5,-0.54,-0.5,-0.6000000000000001,-2.3127055389242264,-0.006894064690272317,0.0,0.0,1
2019-09-30 00:00:00+00:00,0.0025283727125111,-0.0627675428861337,0.0159406121859254,0.0040423255260967,0.0566228608498482,-0.1252607500971068,0.1343177544013449,-0.1556620659756697,60.61000061035156,115683900.0,1.33,1.14,0.19,16.6667,-0.1752384514681129,-0.3934916775762109,0.1000561062277912,16.239999771118164,296.7699890136719,54.06999969482422,60.779998779296875,8335.0,1.7,1.57,1.7,1.65,0.3641220013713433,0.5703730489474834,0.0,0.0,4.8899993896484375,-17031400.0,-0.05999999999999983,-0.10000000000000009,0.04000000000000001,4.569899999999999,-0.013699989929651407,-0.01980746704989511,-0.027474258144678396,1.1599998474121076,3.769989013671875,-4.400001525878906,-5.7700042724609375,-3428.7900390625,-0.3699999999999999,-0.26,-0.3699999999999999,-0.16000000000000014,0.10297983413460132,0.04633560770876932,0.0,0.0,1
2019-12-31 00:00:00+00:00,0.0047949796652198,-0.1383968310486024,-0.0062196360875996,-0.3110449545969781,0.0139674846923192,-0.3804120131288577,0.0557984728893305,-0.417417268049909,60.77000045776367,116652600.0,1.5,1.24,0.26,20.9677,1.0,1.0,0.102219735124044,13.779999732971191,321.8599853515625,61.060001373291016,66.0,7210.0,1.86,1.68,1.86,1.61,0.1617454398871308,0.393696354083304,0.0,0.0,0.15999984741210938,968700.0,0.16999999999999993,0.10000000000000009,0.07,4.301000000000002,1.175238451468113,1.393491677576211,0.002163628896252809,-2.4600000381469727,25.089996337890625,6.990001678466797,5.220001220703125,-1125.0,0.16000000000000014,0.10999999999999988,0.16000000000000014,-0.039999999999999813,-0.2023765614842125,-0.17667669486417942,0.0,0.0,0
2020-03-31 00:00:00+00:00,0.0291197787405569,-0.1176697740176101,-0.2015105405876036,-0.0270746962071777,-0.3580471508024557,0.4914268883460562,-0.380889049390816,0.7505251491728979,35.2400016784668,202455000.0,1.43,1.32,0.11,8.3333,-0.2687651331719128,-0.5060532687651331,0.0550847457627118,53.540000915527344,257.75,20.479999542236328,22.739999771118164,6475.0,0.87,0.59,0.87,0.45,4.109008766917025,1.1978356877367493,0.0,0.0,-25.529998779296875,85802400.0,-0.07000000000000006,0.08000000000000007,-0.15000000000000002,-12.634400000000001,-1.2687651331719128,-1.5060532687651331,-0.0471349893613322,39.76000118255615,-64.1099853515625,-40.58000183105469,-43.260000228881836,-735.0,-0.9900000000000001,-1.0899999999999999,-0.9900000000000001,-1.1600000000000001,3.9472633270298942,0.8041393336534453,0.0,0.0,1
2020-06-30 00:00:00+00:00,0.0024890198138363,-0.0362282132499067,-0.0351162808261482,-0.26714358944475,-0.0228302211500408,-0.3287276473245546,-0.2241839215393517,-0.1274002940457596,38.54999923706055,215836100.0,1.34,1.35,-0.01,-0.7407,-0.4337016574585635,-0.659234411996843,0.0923441199684293,30.43000030517578,308.3599853515625,39.27000045776367,41.150001525878906,9185.0,0.73,0.34,0.73,0.19,0.0,0.0001027519745175,0.0,0.0,3.30999755859375,13381100.0,-0.08999999999999986,0.030000000000000027,-0.12,-9.074,-0.16493652428665068,-0.15318114323170984,0.037259374205717496,-23.110000610351562,50.6099853515625,18.790000915527344,18.410001754760742,2710.0,-0.14,-0.24999999999999994,-0.14,-0.26,-4.109008766917025,-1.1977329357622317,0.0,0.0,0
2020-09-30 00:00:00+00:00,0.0214164270972559,0.0641663743202946,-0.0525314514208104,0.1890977223323477,-0.080219464211627,0.093008591471585,-0.1316479554619771,-0.0613365704409355,36.86000061035156,144004100.0,1.22,1.22,0.0,0.0,-0.4587120479597756,-0.690388706246374,0.0887642622316766,26.3700008392334,334.8900146484375,40.220001220703125,40.95000076293945,10770.0,0.68,0.27,0.68,0.13,0.1586398207373243,0.0081035739903136,0.0,0.0,-1.6899986267089844,-71832000.0,-0.1200000000000001,-0.13000000000000012,0.01,0.7407,-0.02501039050121212,-0.03115429424953109,-0.0035798577367526924,-4.059999465942383,26.530029296875,0.9500007629394531,-0.20000076293945312,1585.0,-0.04999999999999993,-0.07,-0.04999999999999993,-0.06,0.1586398207373243,0.0080008220157961,0.0,0.0,1
2020-12-31 00:00:00+00:00,0.017479299151229,0.1033729806497426,0.0488072788285229,-0.240246377286969,0.1706376438500836,-0.2618930621956536,0.2069753739565444,-0.310556651026193,48.97999954223633,157544300.0,1.46,0.9,0.56,62.2222,1.0,1.0,0.1007882882882882,22.75,373.8800048828125,48.52000045776367,51.79999923706055,29385.0,0.93,0.39,0.93,0.14,0.5079701940233918,0.8132430973397117,0.0,0.0,12.119998931884766,13540200.0,0.24,-0.31999999999999995,0.56,62.2222,1.4587120479597755,1.690388706246374,0.012024026056611598,-3.6200008392333984,38.989990234375,8.299999237060547,10.849998474121094,18615.0,0.25,0.12,0.25,0.010000000000000009,0.34933037328606753,0.8051395233493981,0.0,0.0,1
2021-03-31 00:00:00+00:00,-0.008798324910531,-0.3128831974088852,0.1517238405276913,-0.1559652861177058,0.2924595391353589,0.231044951908865,0.4536647705514237,0.3664906913821295,66.79000091552734,191718700.0,1.76,1.33,0.43,32.3308,-0.5642574070579355,-0.7856199282883563,0.0469899981128514,19.399999618530273,396.3299865722656,59.15999984741211,63.540000915527344,59285.0,1.61,0.82,1.61,0.15,3.4027476707905775,2.0528400173492756,0.0,0.0,17.810001373291016,34174400.0,0.30000000000000004,0.43000000000000005,-0.13000000000000006,-29.891399999999997,-1.5642574070579354,-1.7856199282883563,-0.0537982901754368,-3.3500003814697266,22.449981689453125,10.639999389648438,11.740001678466797,29900.0,0.68,0.42999999999999994,0.68,0.009999999999999981,2.8947774767671857,1.2395969200095638,0.0,0.0,0
2021-06-30 00:00:00+00:00,-0.004178030951722,0.0398621171007557,-0.0356914829583899,0.0012608968368771,-0.0245604295016072,-0.3328931489012683,0.1291829795702903,-0.2262838134008672,61.970001220703125,165592700.0,0.56,0.62,-0.06,-9.6774,-0.2896761495795312,-0.5077831454643049,0.1619252102343889,15.829999923706056,428.05999755859375,73.47000122070312,75.12999725341797,34725.0,1.52,0.84,1.52,0.2,0.0,0.08242289155912279,0.0,0.0,-4.819999694824219,-26126000.0,-1.2,-0.7100000000000001,-0.49,-42.0082,0.2745812574784043,0.27783678282405133,0.11493521212153751,-3.569999694824217,31.730010986328125,14.310001373291016,11.589996337890625,-24560.0,-0.09000000000000008,0.020000000000000018,-0.09000000000000008,0.05000000000000002,-3.4027476707905775,-1.9704171257901528,0.0,0.0,1
2021-09-30 00:00:00+00:00,0.0009974463596532,0.1719919150815855,0.0228695729007613,0.1433133051394865,0.0721953346400802,0.3152440349479262,0.123623460866835,-0.0007061598353507,70.25,121203400.0,2.33,1.34,0.99,73.8806,-0.4887442842068237,-0.7008441786844882,0.0847696095673584,23.13999938964844,429.1400146484375,75.02999877929688,78.5199966430664,43615.0,1.37,0.86,1.37,0.24,0.2959632124219232,0.2304750500421874,0.0,0.0,8.279998779296875,-44389300.0,1.77,0.7200000000000001,1.05,83.558,-0.1990681346272925,-0.1930610332201833,-0.0771556006670305,7.309999465942385,1.08001708984375,1.55999755859375,3.3899993896484375,8890.0,-0.1499999999999999,0.020000000000000018,-0.1499999999999999,0.03999999999999998,0.2959632124219232,0.14805215848306463,0.0,0.0,0
2021-12-31 00:00:00+00:00,0.0034675639045562,-0.1399987349511901,0.0085801580696961,-0.6430984955052991,-0.0151602639079678,-0.6766721579110911,0.0239736466125096,-0.7064628218705152,69.04000091552734,103448400.0,1.26,0.86,0.4,46.5116,-0.4267537826685006,-0.6887895460797799,0.1253438789546079,17.219999313354492,474.9599914550781,75.20999908447266,77.77999877929688,47977.03125,1.47,1.23,1.47,0.68,0.2390243486611614,0.3110434423492261,0.0,0.0,-1.2099990844726562,-17755000.0,-1.07,-0.4800000000000001,-0.59,-27.369,0.061990501538323084,0.012054632604708293,0.040574269387249506,-5.920000076293949,45.819976806640625,0.18000030517578125,-0.7399978637695312,4362.03125,0.09999999999999987,0.37,0.09999999999999987,0.44000000000000006,-0.05693886376076179,0.08056839230703869,0.0,0.0,1
2022-03-31 00:00:00+00:00,-0.0072481057790848,0.105714094965395,0.0307014172226617,-0.0904677224390307,0.028159863509175,0.0691780741673041,0.0343006154002044,0.1231006076531835,71.80999755859375,134670800.0,2.02,1.52,0.5,32.8947,-0.4659744112738735,-0.6940478397923234,0.0821435193769701,20.559999465942383,451.6400146484375,100.27999877929688,107.91000366210938,45735.0,2.13,2.11,2.13,1.91,3.8806398282461223,1.777240487044359,0.0,0.0,2.7699966430664062,31222400.0,0.76,0.66,0.09999999999999998,-13.616900000000001,-0.0392206286053729,-0.005258293712543494,-0.043200359577637806,3.3400001525878906,-23.319976806640625,25.06999969482422,30.1300048828125,-2242.03125,0.6599999999999999,0.8799999999999999,0.6599999999999999,1.23,3.641615479584961,1.466197044695133,0.0,0.0,0
2022-06-30 00:00:00+00:00,0.0059079298207303,0.0911435872863759,-0.0407658490637104,-0.0262798192139999,-0.0646398611499026,-0.0804443071833499,-0.0696355307474282,0.0110148016973119,65.43000030517578,126581000.0,1.66,1.54,0.12,7.7922,-0.4602642843848874,-0.6912339475153545,0.0826353992183138,28.709999084472656,377.25,105.76000213623048,114.80999755859376,18760.0,3.14,3.19,3.14,3.0,0.1864236977669229,0.4084300091093574,0.0,0.0,-6.379997253417969,-8089800.0,-0.3600000000000001,0.020000000000000018,-0.38,-25.1025,0.005710126888986089,0.0028138922769689323,0.0004918798413436898,8.149999618530273,-74.3900146484375,5.480003356933608,6.899993896484389,-26975.0,1.0100000000000002,1.08,1.0100000000000002,1.09,-3.6942161304791994,-1.3688104779350017,0.0,0.0,0
2022-09-30 00:00:00+00:00,-0.0022551799135472,-0.0826244376988626,-0.0484286637106905,0.00208990117247,-0.0614804097340077,-0.0202168789338699,-0.0945488936969915,-0.1086498327609452,61.939998626708984,115550900.0,2.15,1.52,0.63,41.4474,-0.5245519713261648,-0.7439068100358422,0.060931899641577,31.6200008392334,357.17999267578125,79.48999786376953,87.95999908447266,19698.599609375,3.52,3.7,3.52,3.86,0.0409966172864389,0.0094235416629616,0.0,0.0,-3.490001678466797,-11030100.0,0.49,-0.020000000000000018,0.51,33.6552,-0.0642876869412774,-0.05267286252048775,-0.0217034995767368,2.910001754760742,-20.07000732421875,-26.27000427246095,-26.849998474121108,938.599609375,0.3799999999999999,0.5100000000000002,0.3799999999999999,0.8599999999999999,-0.14542708048048403,-0.3990064674463958,0.0,0.0,1
2022-12-31 00:00:00+00:00,-0.0022930630844375,-0.1233029428383806,0.009335130583727,-0.4581803687007383,0.085845235150591,-0.5195258337293398,0.1016518520600265,-0.5531355704909279,75.83000183105469,108337500.0,1.44,1.24,0.2,16.129,-0.5245519713261648,-0.7439068100358422,0.060931899641577,21.670000076293945,382.4299926757813,80.26000213623047,85.91000366210938,16498.080078125,3.62,3.76,3.62,4.29,0.6728545472688718,1.13289386906632,0.0,0.0,13.890003204345703,-7213400.0,-0.71,-0.28,-0.43,-25.3184,0.0,0.0,0.0,-9.950000762939453,25.250000000000057,0.7700042724609375,-2.0499954223632812,-3200.51953125,0.10000000000000009,0.05999999999999961,0.10000000000000009,0.43000000000000016,0.631857929982433,1.1234703274033584,0.0,0.0,0
2023-03-31 00:00:00+00:00,0.0294812995550991,-0.0754224652087475,-0.0312131945202545,-0.384787700520195,-0.0654891759053384,-0.1131179624708737,-0.0138928182429437,-0.0647682449374605,69.69000244140625,141675600.0,2.31,1.87,0.44,23.5294,-0.4702199661590524,-0.6790186125211506,0.0905245346869712,18.700000762939453,409.3900146484375,75.66999816894531,79.7699966430664,28476.5,3.66,3.82,3.66,4.3,0.8563954212139354,0.49893710986359663,0.0,0.0,-6.1399993896484375,33338100.0,0.8700000000000001,0.6300000000000001,0.24,7.400399999999998,0.054332005167112396,0.06488819751469166,0.02959263504539421,-2.969999313354492,26.960021972656193,-4.590003967285156,-6.140007019042969,11978.419921875,0.040000000000000036,0.06000000000000005,0.040000000000000036,0.009999999999999787,0.18354087394506358,-0.6339567592027233,0.0,0.0,1
2023-06-30 00:00:00+00:00,0.0166162184037061,-0.2044175437011609,0.0205903233670294,-0.2803070750831376,0.0198452247746294,-0.3945517194177207,-0.0059664236882982,-0.3346261315657255,72.0199966430664,106791700.0,1.68,1.72,-0.04,-2.3256,-0.4724747892213589,-0.678293932881468,0.0904281699454455,13.59000015258789,443.2799987792969,70.63999938964844,74.9000015258789,30128.509765625,3.75,3.95,3.75,4.64,1.9759995099521215e-05,0.0020333034957406943,0.0,0.0,2.3299942016601562,-34883900.0,-0.6300000000000001,-0.15000000000000013,-0.48,-25.855,-0.0022548230623064547,0.0007246796396825905,-9.636474152570351e-05,-5.1100006103515625,33.889984130859375,-5.029998779296875,-4.8699951171875,1652.009765625,0.08999999999999986,0.13000000000000034,0.08999999999999986,0.33999999999999986,-0.8563756612188359,-0.4969038063678559,0.0,0.0,0
2023-09-30 00:00:00+00:00,-0.018507870105054,0.0070827024389023,-0.0175267937359282,-0.0010195156142291,-0.0144681247954234,-0.1858955597307326,-0.0176341672258301,-0.3414916338069042,70.91000366210938,82138800.0,1.88,1.85,0.03,1.6216,-0.4724747892213589,-0.678293932881468,0.0904281699454455,17.520000457763672,427.4800109863281,90.79000091552734,95.30999755859376,26869.689453125,4.38,4.49,4.38,5.02,0.0363696111035364,0.11999184307402269,0.0,0.0,-1.1099929809570312,-24652900.0,0.19999999999999996,0.13000000000000012,0.07,3.9472,0.0,0.0,0.0,3.9300003051757812,-15.79998779296875,20.150001525878906,20.409996032714858,-3258.8203125,0.6299999999999999,0.54,0.6299999999999999,0.3799999999999999,0.03634985110843688,0.11795853957828199,0.0,0.0,1
2023-12-31 00:00:00+00:00,0.0070517961494389,-0.3195522151705992,0.0203744461304134,-0.4890827178067691,0.0804101896229715,-0.472511782553228,0.1036441468988501,-0.4836017305309871,80.37999725341797,106746500.0,2.29,1.98,0.31,15.6566,-0.4345006485084306,-0.6363488975356679,0.105544747081712,12.449999809265137,475.30999755859375,71.6500015258789,77.04000091552734,42679.73828125,4.02,4.0,4.02,4.46,0.3356768687521365,0.6017120059754223,0.0,0.0,9.469993591308594,24607700.0,0.41000000000000014,0.1299999999999999,0.28,14.035,0.03797414071292826,0.041945035345800075,0.015116577136266504,-5.070000648498535,47.829986572265625,-19.139999389648438,-18.26999664306642,15810.048828125,-0.3600000000000003,-0.4900000000000002,-0.3600000000000003,-0.5599999999999996,0.2993072576486001,0.48172016290139963,0.0,0.0,1
2024-03-31 00:00:00+00:00,0.0177777860066991,-0.133893754394937,0.056457185940439,-0.1709648518509264,0.1771582544121692,-0.1111139460121447,0.2880346986805536,-0.0347940549752371,103.0500030517578,112362700.0,3.06,2.44,0.62,25.4098,1.0,1.0,0.12046875,13.010000228881836,523.0700073242188,83.16999816894531,87.4800033569336,71296.171875,4.21,4.2,4.21,4.59,2.253412909599998,2.0286521312142702,0.0,0.0,22.67000579833983,5616200.0,0.77,0.45999999999999996,0.31,9.753200000000001,1.4345006485084306,1.636348897535668,0.014924002918287993,0.5600004196166992,47.760009765625,11.519996643066406,10.44000244140625,28616.43359375,0.1900000000000004,0.20000000000000018,0.1900000000000004,0.1299999999999999,1.9177360408478614,1.4269401252388478,0.0,0.0,0
2024-06-30 00:00:00+00:00,-0.0226906574953742,0.8955586609150009,-0.0092563928851834,1.062230232471032,0.0087715489035457,0.8633549028442954,0.1194959246968388,0.8518663856681524,100.54000091552734,101698700.0,2.34,2.45,-0.11,-4.4898,-0.4128368904813834,-0.6156722230877084,0.1173079918990497,12.4399995803833,544.219970703125,81.54000091552734,86.41000366210938,61024.23046875,4.31,4.32,4.31,4.74,0.1786520916942812,0.302145342667955,0.0,0.0,-2.5100021362304545,-10664000.0,-0.7200000000000002,0.010000000000000231,-0.73,-29.8996,-1.4128368904813833,-1.6156722230877083,-0.0031607581009503033,-0.5700006484985352,21.14996337890625,-1.6299972534179688,-1.0699996948242188,-10271.94140625,0.09999999999999964,0.1200000000000001,0.09999999999999964,0.15000000000000036,-2.074760817905717,-1.7265067885463152,0.0,0.0,1
2024-09-30 00:00:00+00:00,0.0072922229407084,-0.0436446108032857,0.021437365075066,0.0629009159352653,0.0967319530692319,0.0236967479431424,0.1584161426549284,-0.0860223527775132,117.61000061035156,94574100.0,2.5,2.24,0.26,11.6071,-0.4180121463486891,-0.6167975114797808,0.1136127981039846,16.729999542236328,573.760009765625,68.16999816894531,71.7699966430664,63745.0,3.72,3.5,3.72,3.62,0.11021545528016699,0.2746263483726654,0.0,0.0,17.06999969482422,-7124600.0,0.16000000000000014,-0.20999999999999996,0.37,16.0969,-0.005175255867305717,-0.0011252883920723766,-0.0036951937950650965,4.289999961853027,29.5400390625,-13.370002746582031,-14.640007019042969,2720.76953125,-0.5899999999999994,-0.8200000000000003,-0.5899999999999994,-1.12,-0.06843663641411421,-0.02751899429528959,0.0,0.0,0
2024-12-31 00:00:00+00:00,-0.0256194067227712,-0.2637570746022682,-0.0573040963457149,-0.0415518547386678,-0.0449928350679467,-0.0118554110685715,0.0187434927452501,-0.0436072698379428,110.7300033569336,84987100.0,2.53,2.54,-0.01,-0.3937,-0.4180121463486891,-0.6167975114797808,0.1136127981039846,15.109999656677246,606.7899780273438,69.9000015258789,73.19000244140625,107825.0,4.36,4.23,4.36,4.26,0.0802769560913148,0.1123189737448945,0.0,0.0,-6.879997253417969,-9587000.0,0.029999999999999805,0.2999999999999998,-0.27,-12.000800000000002,0.0,0.0,0.0,-1.619999885559082,33.02996826171875,1.7300033569335938,1.4200057983398438,44080.0,0.6400000000000001,0.7300000000000004,0.6400000000000001,0.6399999999999997,-0.02993849918885219,-0.16230737462777092,0.0,0.0,0
