Unnamed: 0,Close_diff_MA_7,Volume_diff_MA_7,Close_diff_MA_30,Volume_diff_MA_30,Close_diff_MA_90,Volume_diff_MA_90,Close_diff_MA_180,Volume_diff_MA_180,Close,Volume,reportedEPS,estimatedEPS,surprise,surprisePercentage,Margin_Gross,Margin_Operating,Margin_Net_Profit,^VIX,SPY,CL=F,BZ=F,BTC=F,10year,5year,3year,2year,insider_acquisition,insider_disposal,mean_sentiment,mean_outlook,delta_Close,delta_Volume,delta_reportedEPS,delta_estimatedEPS,delta_surprise,delta_surprisePercentage,delta_Margin_Gross,delta_Margin_Operating,delta_Margin_Net_Profit,delta_^VIX,delta_SPY,delta_CL=F,delta_BZ=F,delta_BTC=F,delta_10year,delta_5year,delta_3year,delta_2year,delta_insider_acquisition,delta_insider_disposal,delta_mean_sentiment,delta_mean_outlook,PM
2000-06-30 00:00:00+00:00,0.0869391292752849,0.6430276785273246,0.3223187418384148,0.2699739266705639,0.3053601440436053,0.3020146799482484,0.6929526097807169,0.521053851031657,145.5625,477027400.0,0.03,0.02,0.01,50.0,0.0,0.0,0.0,19.540000915527344,145.28125,32.04999923706055,75.73999786376953,19100.0,6.1,6.3,6.1,6.48,0.0,0.0,0.0,0.0,,,,,,,,,,,,,,,,,,,,,,,0.5040790038643195
2000-09-30 00:00:00+00:00,-0.0220157141147847,-0.1485670255072961,0.0703400511795486,-0.0941791865847181,0.3773113006629459,-0.0143867670983508,0.6711374376966004,0.0193643015691662,218.9375,497924400.0,0.08,0.04,0.04,100.0,0.0,0.0,0.0,20.56999969482422,143.625,30.86000061035156,75.73999786376953,19100.0,5.8,5.93,5.8,6.08,0.0,0.0,0.0,0.0,73.375,20897000.0,0.05,0.02,0.03,50.0,0.0,0.0,0.0,1.029998779296875,-1.65625,-1.189998626708988,0.0,0.0,-0.2999999999999998,-0.3700000000000001,-0.2999999999999998,-0.40000000000000036,0.0,0.0,0.0,0.0,-0.42420782186697115
2000-12-31 00:00:00+00:00,0.0695401863495189,-0.0080336710901448,-0.0431613153171671,0.1214309668383547,-0.3001340706092357,0.4140819861095449,-0.1702301259533348,0.7584048199611039,126.0625,936720600.0,0.17,0.09,0.08,88.8889,0.0,0.0,0.0,26.850000381469727,131.1875,26.799999237060547,75.73999786376953,19100.0,5.24,5.17,5.24,5.35,0.0,0.0,0.0,0.0,-92.875,438796200.0,0.09000000000000001,0.049999999999999996,0.04,-11.111099999999993,0.0,0.0,0.0,6.280000686645508,-12.4375,-4.060001373291012,0.0,0.0,-0.5599999999999996,-0.7599999999999998,-0.5599999999999996,-0.7300000000000004,0.0,0.0,0.0,0.0,-0.6988795313080999
2001-03-31 00:00:00+00:00,-0.2145259177944404,0.1044974603601249,-0.3545059485626596,0.099523029786816,-0.6214821497727187,0.4070532506132561,-0.7376950942708841,0.9397577674848788,37.959999084472656,1556482200.0,0.24,0.18,0.06,33.3333,0.0,0.0,0.0,28.63999938964844,116.69000244140624,26.399999618530273,75.73999786376953,19100.0,4.89,4.64,4.89,4.34,0.0,0.0,0.0,0.0,-88.10250091552734,619761600.0,0.06999999999999998,0.09,-0.020000000000000004,-55.555600000000005,0.0,0.0,0.0,1.7899990081787145,-14.497497558593764,-0.39999961853027344,0.0,0.0,-0.35000000000000053,-0.5300000000000002,-0.35000000000000053,-1.0099999999999998,0.0,0.0,0.0,0.0,-0.18071651392133403
2001-06-30 00:00:00+00:00,0.0346958320579526,-0.1619482156394907,-0.2136270821064024,-0.4146348341052243,-0.3684516841115074,-0.5393189136700559,-0.6760008699081852,-0.4362734112280454,31.100000381469727,1769227100.0,0.25,0.25,0.0,0.0,0.0,0.0,0.0,19.059999465942383,122.5999984741211,26.25,75.73999786376953,19100.0,5.28,4.81,5.28,4.08,0.0,0.0,0.0,0.0,-6.85999870300293,212744900.0,0.010000000000000009,0.07,-0.06,-33.3333,0.0,0.0,0.0,-9.579999923706058,5.909996032714858,-0.14999961853027344,0.0,0.0,0.39000000000000057,0.16999999999999993,0.39000000000000057,-0.2599999999999998,0.0,0.0,0.0,0.0,-0.68810290384933
2001-09-30 00:00:00+00:00,-0.0950286697786302,-0.0504646755811781,-0.3402407934774394,-0.0321388878943852,-0.6418079531428008,-0.2170447750709114,-0.8063112240635364,-0.419741888803525,9.699999809265137,790892500.0,0.09,0.08,0.01,12.5,0.0,0.0,0.0,31.93000030517578,104.44000244140624,23.43000030517578,75.73999786376953,19100.0,4.73,4.12,4.73,3.12,0.0,0.0,0.0,0.0,-21.40000057220459,-978334600.0,-0.16,-0.16999999999999998,0.01,12.5,0.0,0.0,0.0,12.870000839233398,-18.159996032714858,-2.8199996948242188,0.0,0.0,-0.5499999999999998,-0.6899999999999995,-0.5499999999999998,-0.96,0.0,0.0,0.0,0.0,0.9536083644907914
2001-12-31 00:00:00+00:00,-0.020888663114326,-0.4637860559875182,-0.1855533902819983,-0.5689937365812571,-0.0266188390185269,-0.6217574963926914,-0.3557367686583331,-0.6224437096725136,18.950000762939453,1635103900.0,0.1,0.07,0.03,42.8571,0.0,0.0,0.0,23.799999237060547,114.3000030517578,19.84000015258789,75.73999786376953,19100.0,5.09,4.39,5.09,3.11,0.0,0.0,0.0,0.0,9.250000953674316,844211400.0,0.010000000000000009,-0.009999999999999995,0.019999999999999997,30.357100000000003,0.0,0.0,0.0,-8.130001068115234,9.860000610351562,-3.5900001525878906,0.0,0.0,0.35999999999999943,0.2699999999999996,0.35999999999999943,-0.010000000000000231,0.0,0.0,0.0,0.0,-0.3340369721651919
2002-03-31 00:00:00+00:00,0.0642091188451443,0.8170354042754738,0.1099384262734809,0.5750561856007218,-0.2681984003266356,0.9972606579871705,-0.3237977637438589,1.0115921064414264,12.619999885559082,1227292900.0,0.05,0.05,0.0,0.0,0.0,0.0,0.0,17.399999618530273,114.5199966430664,26.229999542236328,75.73999786376953,19100.0,5.28,4.74,5.28,3.56,0.0,0.0,0.0,0.0,-6.330000877380371,-407811000.0,-0.05,-0.020000000000000004,-0.03,-42.8571,0.0,0.0,0.0,-6.399999618530273,0.21999359130860796,6.3899993896484375,0.0,0.0,0.1900000000000004,0.35000000000000053,0.1900000000000004,0.4500000000000002,0.0,0.0,0.0,0.0,-0.13787636980165313
2002-06-30 00:00:00+00:00,-0.0686070748870848,0.1684294516069039,-0.081753214081779,-0.1524099956219615,-0.3209054522803818,-0.0217654451082245,-0.396092355480916,-0.0157532663579561,10.880000114440918,1248312200.0,0.05,0.05,0.0,0.0,0.0,0.0,0.0,25.399999618530273,98.95999908447266,26.86000061035156,75.73999786376953,19100.0,4.93,4.19,4.93,2.99,0.0,0.0,0.0,0.0,-1.739999771118164,21019300.0,0.0,0.0,0.0,0.0,0.0,0.0,0.0,8.0,-15.55999755859375,0.6300010681152308,0.0,0.0,-0.35000000000000053,-0.5499999999999998,-0.35000000000000053,-0.5699999999999998,0.0,0.0,0.0,0.0,-0.558823516521487
2002-09-30 00:00:00+00:00,-0.0497737214854313,-0.2263866425826726,-0.2840095176810635,-0.0059334627694686,-0.3467313621821581,-0.2294009215790952,-0.5052849561439162,-0.4008749427345472,4.800000190734863,751903100.0,0.0182,-0.01,0.0282,282.0,0.0,0.0,0.0,39.689998626708984,81.79000091552734,30.469999313354492,75.73999786376953,19100.0,3.87,2.94,3.87,2.0,0.0,0.0,0.0,0.0,-6.079999923706055,-496409100.0,-0.0318,-0.060000000000000005,0.0282,282.0,0.0,0.0,0.0,14.289999008178711,-17.169998168945312,3.6099987030029332,0.0,0.0,-1.0599999999999996,-1.2500000000000004,-1.0599999999999996,-0.9900000000000002,0.0,0.0,0.0,0.0,0.41666665010982157
2002-12-31 00:00:00+00:00,-0.0414820575041219,-0.1594161730931947,-0.1564670608850445,-0.4951931830853117,0.0195242526998636,-0.4898896088719117,-0.0963988568002128,-0.5175872700080316,6.800000190734863,823594900.0,-0.02,-0.02,0.0,0.0,0.0,0.0,0.0,28.6200008392334,88.2300033569336,31.200000762939453,75.73999786376953,19100.0,4.03,3.03,4.03,1.84,0.0,0.0,0.0,0.0,2.0,71691800.0,-0.0382,-0.01,-0.0282,-282.0,0.0,0.0,0.0,-11.069997787475586,6.44000244140625,0.7300014495849609,0.0,0.0,0.16000000000000014,0.08999999999999986,0.16000000000000014,-0.15999999999999992,0.0,0.0,0.0,0.0,0.20147056575465017
2003-03-31 00:00:00+00:00,-0.0446040465552393,-0.2096155043893962,-0.067067580870522,-0.2934751957314542,-0.0451393266650857,-0.3877233292658951,0.0777416372735753,-0.3692245082540228,8.170000076293945,780701500.0,0.01,-0.01,0.02,200.0,0.0,0.0,0.0,29.149999618530273,84.73999786376953,31.040000915527344,75.73999786376953,19100.0,3.81,2.78,3.81,1.57,0.0,0.0,0.0,0.0,1.369999885559082,-42893400.0,0.03,0.01,0.02,200.0,0.0,0.0,0.0,0.529998779296875,-3.4900054931640625,-0.15999984741210938,0.0,0.0,-0.2200000000000002,-0.25,-0.2200000000000002,-0.27,0.0,0.0,0.0,0.0,0.5263158079045476
2003-06-30 00:00:00+00:00,-0.005808636906894,-0.2347222403978276,-0.0600266154185316,-0.396488056207668,0.1474169894380294,-0.3712061422454076,0.3419825767020055,-0.367067338511546,12.470000267028809,924348100.0,0.02,0.01,0.01,100.0,0.0,0.0,0.0,19.520000457763672,97.62999725341795,30.190000534057617,75.73999786376953,19100.0,3.33,2.27,3.33,1.23,0.0,0.0,0.0,0.0,4.300000190734863,143646600.0,0.01,0.02,-0.01,-100.0,0.0,0.0,0.0,-9.629999160766602,12.889999389648423,-0.8500003814697266,0.0,0.0,-0.48,-0.5099999999999998,-0.48,-0.3400000000000001,0.0,0.0,0.0,0.0,0.20288690287045255
2003-09-30 00:00:00+00:00,-0.0332381886390633,-0.0920927380971588,-0.0866653096889539,-0.3356989326951887,0.0268268050218187,-0.4050835123661707,0.2397718883907955,-0.4235243436422028,15.0,726389900.0,0.03,0.02,0.01,50.0,0.0,0.0,0.0,22.719999313354492,99.9499969482422,29.200000762939453,75.73999786376953,19100.0,4.27,3.18,4.27,1.71,0.0,0.0,0.0,0.0,2.5299997329711914,-197958200.0,0.009999999999999998,0.01,0.0,-50.0,0.0,0.0,0.0,3.1999988555908203,2.319999694824247,-0.9899997711181641,0.0,0.0,0.9399999999999995,0.9100000000000001,0.9399999999999995,0.48,0.0,0.0,0.0,0.0,0.2453333536783854
2003-12-31 00:00:00+00:00,0.0138005944071978,0.2473804275030695,0.0383161822208341,-0.2113079769250165,0.0711350534710341,-0.4295068054115725,0.2222953501149339,-0.5432262029363654,18.68000030517578,545553500.0,0.04,0.03,0.01,33.3333,0.0,0.0,0.0,18.309999465942383,111.27999877929688,32.52000045776367,75.73999786376953,19100.0,4.27,3.27,4.27,1.91,0.078462,0.49790449999999997,0.0,0.0,3.6800003051757812,-180836400.0,0.010000000000000002,0.009999999999999998,0.0,-16.6667,0.0,0.0,0.0,-4.409999847412109,11.330001831054673,3.3199996948242188,0.0,0.0,0.0,0.08999999999999986,0.0,0.19999999999999996,0.078462,0.49790449999999997,0.0,0.0,0.3929336205928301
2004-03-31 00:00:00+00:00,0.0302036313652217,-0.1452047519767121,0.0358005479052656,-0.3040766933601357,0.1181619109146436,-0.311886896330693,0.3178946978178554,-0.189188490612864,26.020000457763672,1136825100.0,0.07,0.05,0.02,40.0,0.0,0.0,0.0,16.739999771118164,113.0999984741211,35.7599983215332,75.73999786376953,19100.0,3.83,2.79,3.83,1.58,0.7,0.656,0.0,0.0,7.340000152587891,591271600.0,0.030000000000000006,0.020000000000000004,0.01,6.666699999999999,0.0,0.0,0.0,-1.5699996948242188,1.8199996948242188,3.2399978637695312,0.0,0.0,-0.4399999999999995,-0.48,-0.4399999999999995,-0.32999999999999985,0.6215379999999999,0.15809550000000006,0.0,0.0,-0.05572639267601595
2004-06-30 00:00:00+00:00,0.0519265924389573,-0.1904523714344271,0.1523128831512537,-0.0425727607463652,0.0387444504296711,-0.1143482039967663,0.1007050637087561,-0.1023581162929967,24.56999969482422,781912600.0,0.09,0.08,0.01,12.5,0.0,0.0,0.0,14.34000015258789,114.52999877929688,37.04999923706055,75.73999786376953,19100.0,4.73,3.93,4.73,2.76,0.319709,0.825724,0.0,0.0,-1.4500007629394531,-354912500.0,0.01999999999999999,0.03,-0.01,-27.5,0.0,0.0,0.0,-2.3999996185302734,1.4300003051757812,1.2900009155273438,0.0,0.0,0.9000000000000004,1.1400000000000001,0.9000000000000004,1.1799999999999997,-0.38029099999999993,0.16972399999999999,0.0,0.0,-0.03947901202289501
2004-09-30 00:00:00+00:00,-0.0238714080967489,-0.267528245097819,-0.0002541515536709,-0.0216295585882946,0.0471720599582535,-0.2874533575649169,-0.0159878669012803,-0.4397440154576875,23.600000381469727,640854200.0,0.08,0.04,0.04,100.0,0.0,0.0,0.0,13.34000015258789,111.76000213623048,49.63999938964844,75.73999786376953,19100.0,4.13,3.36,4.13,2.53,0.2339835,0.7893949999999998,0.0,0.0,-0.9699993133544922,-141058400.0,-0.009999999999999995,-0.04,0.03,87.5,0.0,0.0,0.0,-1.0,-2.769996643066392,12.59000015258789,0.0,0.0,-0.6000000000000005,-0.5700000000000003,-0.6000000000000005,-0.22999999999999998,-0.08572550000000001,-0.03632900000000017,0.0,0.0,0.1521186480745437
2004-12-31 00:00:00+00:00,0.0056004822638345,-0.2081247788058041,-0.0218955165096363,-0.5871208354562482,0.0480489809997431,-0.6823485568975977,0.1269298717859517,-0.7392806616973729,27.190000534057617,553390100.0,0.13,0.11,0.02,18.1818,0.0,0.0,0.0,13.289999961853027,120.87000274658205,43.45000076293945,75.73999786376953,19100.0,4.23,3.6,4.23,3.01,0.330823,0.6558999999999998,0.0,0.0,3.5900001525878906,-87464100.0,0.05,0.07,-0.02,-81.8182,0.0,0.0,0.0,-0.05000019073486328,9.110000610351562,-6.189998626708984,0.0,0.0,0.10000000000000053,0.2400000000000002,0.10000000000000053,0.48,0.09683949999999997,-0.13349500000000003,0.0,0.0,-0.1886723415723918
2005-03-31 00:00:00+00:00,0.0302221421735564,-0.3204839942166979,0.0097341887268008,-0.3680382989739301,-0.1097220477239705,-0.3900064726873448,-0.0980374543214772,-0.4132975839377775,22.059999465942383,594517900.0,0.15,0.14,0.01,7.1429,0.0,0.0,0.0,14.020000457763672,117.95999908447266,55.400001525878906,75.73999786376953,19100.0,4.5,4.17,4.5,3.73,0.125,0.3824999999999999,0.0,0.0,-5.130001068115234,41127800.0,0.01999999999999999,0.030000000000000013,-0.01,-11.038899999999998,0.0,0.0,0.0,0.7300004959106445,-2.910003662109389,11.950000762939453,0.0,0.0,0.2699999999999996,0.5699999999999998,0.2699999999999996,0.7200000000000002,-0.20582299999999998,-0.2733999999999999,0.0,0.0,0.14143249840283326
2005-06-30 00:00:00+00:00,-0.0222444017937012,-0.2347179063655502,-0.0158808621723722,-0.1382029880292527,0.080171602137764,-0.2963599467237424,0.0191604258840639,-0.3598006139772014,25.18000030517578,494404500.0,0.16,0.15,0.01,6.6667,0.0,0.0,0.0,12.039999961853027,119.18000030517578,56.5,75.73999786376953,19100.0,4.0,3.77,4.0,3.64,0.96785,0.76596,0.0,0.0,3.1200008392333984,-100113400.0,0.010000000000000009,0.009999999999999981,0.0,-0.4762000000000004,0.0,0.0,0.0,-1.9800004959106445,1.220001220703125,1.0999984741210938,0.0,0.0,-0.5,-0.3999999999999999,-0.5,-0.08999999999999986,0.84285,0.3834600000000001,0.0,0.0,-0.05480544286695554
2005-09-30 00:00:00+00:00,0.0360051937858982,-0.1138879125066073,0.0222928236184547,-0.0547599934283198,-0.0235630700091763,-0.2298929273271552,0.0075803400018497,-0.3902409865124842,23.799999237060547,388864900.0,0.18,0.17,0.01,5.8824,0.0,0.0,0.0,11.920000076293944,123.04000091552734,66.23999786376953,75.73999786376953,19100.0,4.2,4.01,4.2,3.95,0.208995,0.685867,0.0,0.0,-1.3800010681152344,-105539600.0,0.01999999999999999,0.020000000000000018,0.0,-0.7843,0.0,0.0,0.0,-0.11999988555908381,3.8600006103515625,9.739997863769531,0.0,0.0,0.20000000000000018,0.23999999999999977,0.20000000000000018,0.31000000000000005,-0.7588550000000001,-0.08009299999999997,0.0,0.0,-0.06302521210438743
2005-12-31 00:00:00+00:00,0.0011544156785038,-0.2055533397907051,-0.0174769019142029,-0.3509203958097667,-0.0286845703884518,-0.3515669217315938,-0.0582218228731367,-0.3952941947471694,22.299999237060547,448617100.0,0.19,0.18,0.01,5.5556,0.0,0.0,0.0,12.06999969482422,124.51000213623048,61.040000915527344,75.73999786376953,19100.0,4.47,4.39,4.47,4.4,0.15,0.865,0.0,0.0,-1.5,59752200.0,0.010000000000000009,0.009999999999999981,0.0,-0.32679999999999954,0.0,0.0,0.0,0.149999618530277,1.4700012207031392,-5.1999969482421875,0.0,0.0,0.2699999999999996,0.3799999999999999,0.2699999999999996,0.4500000000000002,-0.05899499999999999,0.179133,0.0,0.0,-0.14260082989340572
2006-03-31 00:00:00+00:00,-0.0042407110588899,0.1997385854968666,0.0044127359627942,-0.1165596383618485,-0.0687958523454797,-0.1914248600593926,-0.1291277217598132,0.0338618441749971,19.1200008392334,889354800.0,0.2,0.2,0.0,0.0,0.0,0.0,0.0,11.390000343322754,129.8300018310547,66.62999725341797,75.73999786376953,19100.0,4.72,4.72,4.72,4.73,0.2678,0.135,0.0,0.0,-3.1799983978271484,440737700.0,0.010000000000000009,0.020000000000000018,-0.01,-5.5556,0.0,0.0,0.0,-0.6799993515014666,5.3199996948242045,5.589996337890625,0.0,0.0,0.25,0.33000000000000007,0.25,0.33000000000000007,0.11779999999999999,-0.73,0.0,0.0,-0.1637029775486521
2006-06-30 00:00:00+00:00,0.0133079699363798,0.3760516118450277,-0.0040899495352899,-0.4443364066160363,-0.1012365853284659,-0.3116903835109438,-0.1910396682002708,-0.2738388900514279,15.989999771118164,876555600.0,0.19,0.19,0.0,0.0,0.0,0.0,0.0,13.079999923706056,127.27999877929688,73.9800033569336,75.73999786376953,19100.0,5.11,5.07,5.11,5.12,0.042,0.01,0.0,0.0,-3.1300010681152344,-12799200.0,-0.010000000000000009,-0.010000000000000009,0.0,0.0,0.0,0.0,0.0,1.6899995803833026,-2.5500030517578125,7.350006103515625,0.0,0.0,0.39000000000000057,0.35000000000000053,0.39000000000000057,0.3899999999999997,-0.22579999999999997,-0.125,0.0,0.0,0.08067548054987467
2006-09-30 00:00:00+00:00,0.0192972342175542,-0.1893191216920575,0.1437901680174323,0.0282717179978159,0.1527258356287297,-0.1711326294275584,0.0241888637684407,-0.2562867732002656,17.280000686645508,615428200.0,0.18,0.19,-0.01,-5.2632,0.0,0.0,0.0,11.979999542236328,133.5800018310547,62.90999984741211,75.73999786376953,19100.0,4.72,4.67,4.72,4.77,0.000301,0.0,0.0,0.0,1.2900009155273438,-261127400.0,-0.010000000000000009,0.0,-0.01,-5.2632,0.0,0.0,0.0,-1.1000003814697283,6.3000030517578125,-11.070003509521484,0.0,0.0,-0.39000000000000057,-0.40000000000000036,-0.39000000000000057,-0.35000000000000053,-0.041699,-0.01,0.0,0.0,0.0960648021672248
2006-12-31 00:00:00+00:00,-0.0027079787602802,-0.4835036194625949,-0.0571015883417848,-0.4915915051244737,0.0644635736648807,-0.5648366097385273,0.1304613377764204,-0.6157116605138305,18.940000534057617,660508300.0,0.18,0.18,0.0,0.0,0.0,0.0,0.0,11.5600004196167,141.6199951171875,61.04999923706055,75.73999786376953,19100.0,4.56,4.53,4.56,4.67,0.0,0.0,0.0,0.0,1.6599998474121094,45080100.0,0.0,-0.010000000000000009,0.01,5.2632,0.0,0.0,0.0,-0.4199991226196289,8.039993286132812,-1.8600006103515625,0.0,0.0,-0.16000000000000014,-0.13999999999999968,-0.16000000000000014,-0.09999999999999964,-0.000301,0.0,0.0,0.0,0.03907073654974338
2007-03-31 00:00:00+00:00,0.0091568240834006,-0.2220587518222279,0.0411963957219606,-0.2093206125803387,0.0113052530181316,-0.2660046942019375,0.1199104799477898,-0.3273367430645709,19.68000030517578,569201200.0,0.19,0.19,0.0,0.0,0.0,0.0,0.0,14.640000343322754,142.0,65.87000274658203,75.73999786376953,19100.0,4.56,4.48,4.56,4.57,0.7241039999999999,0.0,0.0,0.0,0.7399997711181641,-91307100.0,0.010000000000000009,0.010000000000000009,0.0,0.0,0.0,0.0,0.0,3.0799999237060547,0.3800048828125,4.820003509521484,0.0,0.0,0.0,-0.04999999999999982,0.0,-0.09999999999999964,0.7241039999999999,0.0,0.0,0.0,0.27896339867811437
2007-06-30 00:00:00+00:00,-0.0007939623983951,-0.3274969455651363,0.0213163093907696,-0.4247671175201305,0.1491693067379187,-0.4306476517529188,0.2247512959856934,-0.4420630994475307,25.170000076293945,634378200.0,0.19,0.19,0.0,0.0,0.0,0.0,0.0,16.229999542236328,150.42999267578125,70.68000030517578,75.73999786376953,19100.0,5.1,5.03,5.1,4.98,0.0890652999999999,0.2695173999999999,0.0,0.0,5.489999771118164,65177000.0,0.0,0.0,0.0,0.0,0.0,0.0,0.0,1.5899991989135742,8.42999267578125,4.80999755859375,0.0,0.0,0.54,0.5499999999999998,0.54,0.41000000000000014,-0.6350387,0.2695173999999999,0.0,0.0,0.4545093563520582
2007-09-30 00:00:00+00:00,0.0199395132278717,-0.1140034368467176,0.0632139616325134,-0.1632379526900406,0.2264611219339066,-0.269137256942652,0.4610266775885002,-0.2377919179175478,36.61000061035156,719621600.0,0.2,0.2,0.0,0.0,0.0,0.0,0.0,18.0,152.5800018310547,81.66000366210938,79.16999816894531,19100.0,4.52,4.2,4.52,4.01,0.247937,0.6772312,0.0,0.0,11.440000534057617,85243400.0,0.010000000000000009,0.010000000000000009,0.0,0.0,0.0,0.0,0.0,1.7700004577636719,2.1500091552734375,10.980003356933594,3.4300003051757812,0.0,-0.5800000000000001,-0.8300000000000001,-0.5800000000000001,-0.9700000000000006,0.1588717000000001,0.4077138000000001,0.0,0.0,-0.09314394401970931
2007-12-31 00:00:00+00:00,-0.0247177621902781,-0.1311383123069373,0.0491389081876745,-0.4087192423758314,-0.0194469536826046,-0.5015234288046301,0.103091859705212,-0.5686666901122283,33.20000076293945,542928200.0,0.22,0.21,0.01,4.7619,0.0,0.0,0.0,22.5,146.2100067138672,95.9800033569336,93.8499984741211,19100.0,4.1,3.49,4.1,3.12,0.0660375,0.5991599999999998,0.0,0.0,-3.4099998474121094,-176693400.0,0.01999999999999999,0.009999999999999981,0.01,4.7619,0.0,0.0,0.0,4.5,-6.3699951171875,14.319999694824219,14.680000305175781,0.0,-0.41999999999999993,-0.71,-0.41999999999999993,-0.8899999999999997,-0.1818995,-0.07807120000000023,0.0,0.0,-0.2469879691115237
2008-03-31 00:00:00+00:00,-0.0148615142913712,0.0807815135383948,-0.0362127065340683,0.1600709830835887,-0.1172143227273527,0.2379505978592623,-0.1928917060769668,0.2450490969839138,25.0,788690700.0,0.27,0.24,0.03,12.5,0.0,0.0,0.0,25.61000061035156,131.97000122070312,101.58000183105467,100.3000030517578,19100.0,3.51,2.48,3.51,1.62,0.083036,0.2736176,0.0,0.0,-8.200000762939453,245762500.0,0.05000000000000002,0.03,0.019999999999999997,7.7381,0.0,0.0,0.0,3.110000610351559,-14.240005493164062,5.5999984741210795,6.4500045776367045,0.0,-0.5899999999999999,-1.0100000000000002,-0.5899999999999999,-1.5,0.0169985,-0.3255423999999998,0.0,0.0,-0.11279998779296875
2008-06-30 00:00:00+00:00,-0.0257890244286876,-0.1567120764047122,-0.1300937243754028,-0.194037181255079,-0.1386296162934254,-0.1530090984729054,-0.2148548935142069,-0.0704113869243629,22.18000030517578,800375100.0,0.27,0.25,0.02,8.0,0.6709103402143717,0.1825299135187034,0.1369799120398073,23.950000762939453,127.9800033569336,140.0,139.8300018310547,19100.0,4.1,3.49,4.1,2.77,0.0637401,0.2679864,0.0,0.0,-2.8199996948242188,11684400.0,0.0,0.010000000000000009,-0.009999999999999998,-4.5,0.6709103402143717,0.1825299135187034,0.1369799120398073,-1.6599998474121058,-3.9899978637695312,38.41999816894533,39.52999877929689,0.0,0.5899999999999999,1.0100000000000002,0.5899999999999999,1.15,-0.019295900000000005,-0.005631200000000003,0.0,0.0,-0.05004511249229063
2008-09-30 00:00:00+00:00,-0.0851631513024108,0.1456180050149837,-0.1502319143368074,0.1442330990526766,-0.1469865989389651,0.0290010676349774,-0.1702002099726054,0.0716997219329219,21.06999969482422,854912900.0,0.28,0.27,0.01,3.7037,0.6751939359763116,0.2132672694363659,0.1568257226794739,39.38999938964844,115.98999786376952,100.63999938964844,98.16999816894533,19100.0,3.69,2.88,3.69,2.08,1.1714999999999998,0.740069,0.0,0.0,-1.1100006103515625,54537800.0,0.010000000000000009,0.020000000000000018,-0.01,-4.2963000000000005,0.004283595761939929,0.030737355917662496,0.01984581063966659,15.439998626708984,-11.990005493164077,-39.36000061035156,-41.66000366210936,0.0,-0.4099999999999997,-0.6100000000000003,-0.4099999999999997,-0.69,1.1077598999999998,0.47208259999999996,0.0,0.0,-0.16896058459919608
2008-12-31 00:00:00+00:00,0.0260338401266941,0.5276085017835909,0.0536133586297056,-0.2534126471725761,-0.0928609911189804,-0.4223598930133829,-0.2170569094428198,-0.4641266799525865,17.510000228881836,684866500.0,0.32,0.29,0.03,10.3448,0.7020042382562727,0.2056041572594486,0.1434510061256555,40.0,90.23999786376952,44.599998474121094,45.59000015258789,19100.0,2.42,1.52,2.42,0.82,0.092,0.05,0.0,0.0,-3.559999465942383,-170046400.0,0.03999999999999998,0.019999999999999962,0.019999999999999997,6.6411,0.026810302279961062,-0.007663112176917286,-0.013374716553818389,0.6100006103515625,-25.75,-56.040000915527344,-52.579998016357436,0.0,-1.27,-1.3599999999999999,-1.27,-1.2600000000000002,-1.0794999999999997,-0.6900689999999999,0.0,0.0,-0.14049114825762996
2009-03-31 00:00:00+00:00,-0.0465200330040883,0.2676102667965214,0.025087984980737,0.3808052815219832,-0.0577325609386704,0.7007202071994122,-0.207841450879952,0.6776239776355094,15.050000190734863,930926100.0,0.32,0.32,0.0,0.0,0.6573746891768093,0.1062688129825939,-0.0057584085852637,44.13999938964844,79.5199966430664,49.65999984741211,49.22999954223633,19100.0,2.82,1.82,2.82,0.93,0.5511719999999998,0.0887393999999997,0.0,0.0,-2.4600000381469727,246059600.0,0.0,0.030000000000000027,-0.03,-10.3448,-0.04462954907946337,-0.09933534427685471,-0.1492094147109192,4.1399993896484375,-10.72000122070311,5.060001373291016,3.6399993896484375,0.0,0.3999999999999999,0.30000000000000004,0.3999999999999999,0.1100000000000001,0.4591719999999998,0.0387393999999997,0.0,0.0,0.5681063177659258
2009-06-30 00:00:00+00:00,0.0394513455802725,0.1505815614954118,0.0059104475050865,0.3622345645472098,0.2107255377950754,0.1438691810541928,0.3013470134146405,0.2906336394909319,23.600000381469727,847588400.0,0.17,0.17,0.0,0.0,0.6439471007121058,0.1216937945066124,0.0188199389623601,26.350000381469727,91.9499969482422,69.88999938964844,69.30000305175781,19100.0,3.72,2.71,3.72,1.18,0.031308549999999796,0.01809,0.0,0.0,8.550000190734863,-83337700.0,-0.15,-0.15,0.0,0.0,-0.013427588464703488,0.0154249815240185,0.0245783475476238,-17.78999900817871,12.430000305175795,20.229999542236328,20.070003509521484,0.0,0.9000000000000004,0.8899999999999999,0.9000000000000004,0.2499999999999999,-0.51986345,-0.07064939999999971,0.0,0.0,0.1449152551276764
2009-09-30 00:00:00+00:00,0.0044076455884299,0.4638057948316367,0.0635283153321102,0.2044019484033916,0.094124015390805,-0.0158345952168507,0.286962890274232,-0.1946602703668604,27.020000457763672,600004900.0,0.19,0.18,0.01,5.5556,0.6594246874620706,0.1553586600315572,0.1017113727394101,25.61000061035156,105.58999633789062,70.61000061035156,69.06999969482422,19100.0,3.4,2.37,3.4,0.96,0.30347799999999997,0.7398855,0.0,0.0,3.4200000762939453,-247583500.0,0.01999999999999999,0.009999999999999981,0.01,5.5556,0.0154775867499648,0.03366486552494481,0.08289143377705,-0.7399997711181676,13.639999389648423,0.720001220703125,-0.23000335693359375,0.0,-0.3200000000000003,-0.33999999999999986,-0.3200000000000003,-0.21999999999999997,0.27216945000000015,0.7217954999999999,0.0,0.0,-0.012953381774246446
2009-12-31 00:00:00+00:00,0.0010724578936087,-0.0740742772204456,0.0079873011181278,-0.5524725723362877,0.0189414541075283,-0.6920643185537618,0.0743971834745421,-0.7522356767885843,26.670000076293945,501183700.0,0.23,0.21,0.02,9.5238,0.6704195432819968,0.0061603823685608,0.0243228890069038,21.68000030517578,111.44000244140624,79.36000061035156,77.93000030517578,19100.0,3.59,2.34,3.59,0.87,0.25,0.6105,0.0,0.0,-0.35000038146972656,-98821200.0,0.04000000000000001,0.03,0.01,3.9681999999999995,0.010994855819926208,-0.1491982776629964,-0.0773884837325063,-3.9300003051757777,5.850006103515611,8.75,8.860000610351562,0.0,0.18999999999999995,-0.03000000000000025,0.18999999999999995,-0.08999999999999997,-0.05347799999999997,-0.12938549999999993,0.0,0.0,0.150356213626193
2010-03-31 00:00:00+00:00,1.7762606127240785e-08,-0.2650349450862929,0.0440938055667451,-0.4120988854594332,0.1299398122144337,-0.4071213309531369,0.1587148145449722,-0.5209153190990858,30.68000030517578,404958500.0,0.32,0.26,0.06,23.0769,0.6706114398422091,0.175651983344291,0.1787201402586018,17.59000015258789,117.0,83.76000213623047,82.69999694824219,19100.0,3.73,2.43,3.73,0.96,1.1168185,1.01225545,0.0,0.0,4.010000228881836,-96225200.0,0.09,0.05000000000000002,0.039999999999999994,13.553099999999999,0.00019189656021223467,0.16949160097573018,0.154397251251698,-4.090000152587891,5.559997558593764,4.400001525878906,4.769996643066406,0.0,0.14000000000000012,0.0900000000000003,0.14000000000000012,0.08999999999999997,0.8668184999999999,0.40175545,0.0,0.0,-0.2561929769285421
2010-06-30 00:00:00+00:00,-0.0407158344082787,-0.1795112392885233,-0.0893249207253388,-0.304479784957221,-0.1887408161777627,-0.1992481186131493,-0.1586269734498388,-0.2083498864501185,22.81999969482422,512598600.0,0.27,0.26,0.01,3.8462,0.6745374629459266,0.1891035469692323,0.1333946642134314,34.540000915527344,103.22000122070312,75.62999725341797,75.01000213623047,19100.0,3.2,2.0,3.2,0.72,0.4788951,0.7333309499999998,0.0,0.0,-7.8600006103515625,107640100.0,-0.04999999999999999,0.0,-0.049999999999999996,-19.2307,0.003926023103717591,0.013451563624941293,-0.0453254760451704,16.950000762939453,-13.779998779296875,-8.1300048828125,-7.689994812011719,0.0,-0.5299999999999998,-0.43000000000000016,-0.5299999999999998,-0.24,-0.6379233999999999,-0.27892450000000024,0.0,0.0,0.3299737417767529
2010-09-30 00:00:00+00:00,0.0003767096611505,0.009563259792886,0.0556766625316011,0.2270192109068373,0.1282854223508523,-0.0204932205207038,0.0993212621853832,0.0013471491312535,30.350000381469727,445366300.0,0.3,0.29,0.01,3.4483,0.6694982220466219,0.1931054919004346,0.1328526274199921,23.700000762939453,114.12999725341795,79.97000122070312,82.30999755859375,19100.0,2.65,1.41,2.65,0.48,0.34375,0.3468214999999998,0.0,0.0,7.530000686645508,-67232300.0,0.02999999999999997,0.02999999999999997,0.0,-0.3978999999999999,-0.005039240899304742,0.004001944931202317,-0.00054203679343931,-10.84000015258789,10.90999603271483,4.340003967285156,7.299995422363281,0.0,-0.5500000000000003,-0.5900000000000001,-0.5500000000000003,-0.24,-0.13514510000000002,-0.38650945000000003,0.0,0.0,0.21647438895872026
2010-12-31 00:00:00+00:00,-0.0060000347137456,-0.1729326231484001,0.036758251822937,-0.5048115197139624,0.1347352464538744,-0.6561645493738275,0.2460600608891212,-0.7040461723648126,36.91999816894531,409284000.0,0.32,0.32,0.0,0.0,0.6655462184873949,0.1905882352941176,0.1598319327731092,17.75,125.75,91.37999725341795,94.75,19100.0,3.29,1.93,3.29,0.62,0.2569375,0.8542015,0.0,0.0,6.569997787475586,-36082300.0,0.020000000000000018,0.030000000000000027,-0.01,-3.4483,-0.00395200355922698,-0.00251725660631702,0.0269793053531171,-5.950000762939453,11.620002746582045,11.40999603271483,12.44000244140625,0.0,0.6400000000000001,0.52,0.6400000000000001,0.14,-0.08681250000000001,0.5073800000000002,0.0,0.0,0.1397617529258068
2011-03-31 00:00:00+00:00,0.027738083772727,0.0262646672380855,-0.004753862314453,-0.2325954262889932,0.0815040775731197,-0.1158694339451434,0.2224977282724936,-0.1801557613233477,42.08000183105469,440858400.0,0.39,0.37,0.02,5.4054,0.6680283224400871,0.161038489469862,0.1177378358750907,17.739999771118164,132.58999633789062,106.72000122070312,117.36000061035156,19100.0,3.41,2.11,3.41,0.7,2.2440844999999996,2.6140318999999996,0.0,0.0,5.160003662109375,31574400.0,0.07,0.04999999999999999,0.02,5.4054,0.002482103952692216,-0.029549745824255597,-0.042094096898018504,-0.010000228881835938,6.839996337890625,15.34000396728517,22.610000610351562,0.0,0.1200000000000001,0.17999999999999994,0.1200000000000001,0.07999999999999996,1.9871469999999996,1.7598303999999998,0.0,0.0,-0.2514258880865051
2011-06-30 00:00:00+00:00,0.0348225929471712,-0.127249175658192,-0.0344531664013,-0.2168232335090984,-0.1641409105090365,-0.0217517141815305,-0.1470195348475082,0.0975353816105027,31.5,545807700.0,0.32,0.32,0.0,0.0,0.6445336903168228,0.1525211958946898,0.1030789825970548,16.520000457763672,131.97000122070312,95.41999816894533,112.4800033569336,19100.0,3.0,1.58,3.0,0.41,0.0565643,0.0988609,0.0,0.0,-10.580001831054688,104949300.0,-0.07,-0.04999999999999999,-0.02,-5.4054,-0.023494632123264303,-0.008517293575172197,-0.0146588532780359,-1.2199993133544922,-0.6199951171875,-11.300003051757798,-4.879997253417969,0.0,-0.41000000000000014,-0.5299999999999998,-0.41000000000000014,-0.29,-2.1875202,-2.5151709999999996,0.0,0.0,-0.45206348479740205
2011-09-30 00:00:00+00:00,-0.0819846570102161,0.3961322052265244,-0.1515230857193486,0.6676612562762035,-0.3378968119612696,0.4454222298166717,-0.4766269437572333,0.7650633651311394,17.260000228881836,759750500.0,0.31,0.33,-0.02,-6.0606,0.6435160065111232,0.1238922047386507,0.0756918068366793,42.959999084472656,113.1500015258789,79.19999694824219,102.76000213623048,19100.0,1.98,0.9,1.98,0.21,0.0984245,0.12256615,0.0,0.0,-14.239999771118164,213942800.0,-0.010000000000000009,0.010000000000000009,-0.02,-6.0606,-0.001017683805699665,-0.02862899115603909,-0.0273871757603755,26.439998626708984,-18.81999969482422,-16.22000122070314,-9.72000122070311,0.0,-1.02,-0.68,-1.02,-0.19999999999999998,0.0418602,0.023705249999999997,0.0,0.0,0.18250287234986565
2011-12-31 00:00:00+00:00,-0.0021651164452456,-0.4449468307795362,-0.0154049042795482,-0.6204086637083426,-0.033383504188398,-0.6832847228612904,-0.2240101122827349,-0.6890841145159958,20.40999984741211,651365200.0,0.28,0.28,0.0,0.0,0.6435160065111232,0.1238922047386507,0.0756918068366793,23.399999618530273,125.5,98.83000183105467,107.37999725341795,19100.0,1.98,0.89,1.98,0.26,0.21,0.0199475,0.0,0.0,3.1499996185302734,-108385300.0,-0.02999999999999997,-0.04999999999999999,0.02,6.0606,0.0,0.0,0.0,-19.559999465942383,12.349998474121094,19.630004882812486,4.619995117187472,0.0,0.0,-0.010000000000000009,0.0,0.05000000000000002,0.1115755,-0.10261865,0.0,0.0,0.12101907554240753
2012-03-31 00:00:00+00:00,0.0408786199507773,-0.0891216683000498,0.0342489079985804,-0.0808350116587504,0.0568454362920105,-0.1722612250941751,0.0405833199907489,-0.2595586856162581,22.8799991607666,649029700.0,0.28,0.28,0.0,0.0,0.6235724482512491,0.1188436830835117,0.0858315488936474,15.5,140.80999755859375,103.0199966430664,122.87999725341795,19100.0,2.17,1.02,2.17,0.34,0.9701354999999999,0.2953929999999999,0.0,0.0,2.469999313354492,-2335500.0,0.0,0.0,0.0,0.0,-0.01994355825987404,-0.005048521655138999,0.010139742056968104,-7.899999618530273,15.30999755859375,4.189994812011733,15.5,0.0,0.18999999999999995,0.13,0.18999999999999995,0.08000000000000002,0.7601355,0.2754454999999999,0.0,0.0,-0.2871503468448593
2012-06-30 00:00:00+00:00,0.0343358954813039,-0.1083332548391654,-0.0216739602743256,-0.2678587799126127,-0.1675551491353939,-0.2921406303924503,-0.2153225906184189,-0.326788279303994,16.309999465942383,624801500.0,0.16,0.13,0.03,23.0769,0.614140435835351,0.0461985472154963,0.0157869249394673,17.079999923706055,136.10000610351562,84.95999908447266,97.8000030517578,19100.0,1.62,0.71,1.62,0.29,0.2326843,0.2644561,0.0,0.0,-6.569999694824219,-24228200.0,-0.12000000000000002,-0.15000000000000002,0.03,23.0769,-0.009432012415898083,-0.07264513586801541,-0.0700446239541801,1.5799999237060547,-4.709991455078125,-18.05999755859375,-25.079994201660156,0.0,-0.5499999999999998,-0.31000000000000005,-0.5499999999999998,-0.050000000000000044,-0.7374512,-0.03093689999999988,0.0,0.0,0.04904973455576726
2012-09-30 00:00:00+00:00,-0.044591546830521,0.6991254450551349,-0.0641067399950624,0.355487075114113,-0.0042741026229823,0.0598564349615079,-0.1136832279318284,-0.0357713621369371,17.110000610351562,544963300.0,0.19,0.16,0.03,18.75,0.6219966474203762,0.0807412926056993,0.0537344011920283,15.729999542236328,143.97000122070312,92.19000244140624,112.38999938964844,19100.0,1.72,0.67,1.72,0.26,0.11094949999999999,0.0667896499999999,0.0,0.0,0.8000011444091797,-79838200.0,0.03,0.03,0.0,-4.326899999999998,0.007856211585025141,0.034542745390203,0.037947476252560994,-1.3500003814697266,7.8699951171875,7.2300033569335795,14.58999633789064,0.0,0.09999999999999987,-0.039999999999999925,0.09999999999999987,-0.02999999999999997,-0.12173480000000002,-0.19766645000000013,0.0,0.0,0.14962006865117125
2012-12-31 00:00:00+00:00,-0.0112738739928466,0.5444556856140035,0.0576785169440071,0.0858199302952392,0.0959302662273105,0.0426382055843122,0.1057774904387301,-0.1033716299921708,19.670000076293945,492745400.0,0.22,0.17,0.05,29.4118,0.642531556802244,0.1147440392706872,0.0838884992987377,18.020000457763672,142.41000366210938,91.81999969482422,111.11000061035156,19100.0,1.72,0.7,1.72,0.26,0.0450824999999999,0.013151000000000001,0.0,0.0,2.559999465942383,-52217900.0,0.03,0.010000000000000009,0.020000000000000004,10.6618,0.02053490938186786,0.0340027466649879,0.03015409810670941,2.2900009155273438,-1.55999755859375,-0.37000274658201704,-1.279998779296875,0.0,0.0,0.029999999999999916,0.0,0.0,-0.06586700000000009,-0.05363864999999989,0.0,0.0,-0.05744784729962779
2013-03-31 00:00:00+00:00,-0.0148777249647819,-0.0903747147617207,-0.0872390206271793,0.1728873744958347,-0.0770302538056182,0.1432699845869193,-0.0110739554173188,0.0099633173566253,18.540000915527344,411636300.0,0.28,0.22,0.06,27.2727,0.642531556802244,0.1147440392706872,0.0838884992987377,12.699999809265137,156.6699981689453,97.2300033569336,110.0199966430664,19100.0,1.96,0.82,1.96,0.26,0.615612,0.1665995,0.0,0.0,-1.1299991607666016,-81109100.0,0.060000000000000026,0.04999999999999999,0.009999999999999995,-2.139099999999999,0.0,0.0,0.0,-5.320000648498535,14.259994506835938,5.410003662109375,-1.0900039672851562,0.0,0.24,0.12,0.24,0.0,0.5705295000000001,0.15344850000000002,0.0,0.0,0.04153174284744298
2013-06-30 00:00:00+00:00,0.0263477405934581,0.1792959410911037,0.0530812390516853,0.3303999597380094,0.04596363544244,0.2573351648061272,0.0243427758445345,0.2530973866829754,19.309999465942383,485283700.0,0.21,0.21,0.0,0.0,0.6333081570996979,0.0821374622356495,0.0859138972809667,16.860000610351562,160.4199981689453,96.55999755859376,102.16000366210938,19100.0,2.3,1.2,2.3,0.33,0.0797353999999999,0.0499023,0.0,0.0,0.7699985504150391,73647400.0,-0.07000000000000003,-0.010000000000000009,-0.06,-27.2727,-0.009223399702546153,-0.03260657703503771,0.002025397982228991,4.160000801086426,3.75,-0.6700057983398295,-7.859992980957031,0.0,0.33999999999999986,0.38,0.33999999999999986,0.07,-0.5358766000000001,-0.11669720000000001,0.0,0.0,0.028482711528771888
2013-09-30 00:00:00+00:00,-0.0193284270773108,-0.2376898972871455,-0.0226377689082313,-0.1214307592825784,-0.0063264779239804,-0.2261474141962404,0.0079342580863475,-0.326820147674511,19.86000061035156,322450600.0,0.29,0.25,0.04,16.0,0.6296390013495277,0.1223009446693657,0.0835863697705803,16.600000381469727,168.00999450683594,102.33000183105467,108.37000274658205,19100.0,2.81,1.6,2.81,0.4,0.2659999999999999,0.2723455,0.0,0.0,0.5500011444091761,-162833100.0,0.07999999999999999,0.04000000000000001,0.04,16.0,-0.0036691557501702388,0.0401634824337162,-0.0023275275103863957,-0.26000022888183594,7.589996337890625,5.770004272460909,6.2099990844726705,0.0,0.5100000000000002,0.40000000000000013,0.5100000000000002,0.07,0.1862646,0.2224432,0.0,0.0,0.13645513601143278
2013-12-31 00:00:00+00:00,0.0226551757255273,-0.3574363668231124,0.0742673846343832,-0.5927478381507456,0.1115427791533213,-0.5080921984852245,0.1483732216927857,-0.5013595468770387,22.56999969482422,473146000.0,0.33,0.31,0.02,6.4516,0.6309673366834171,0.1534233668341708,0.1191896984924623,13.720000267028809,184.69000244140625,98.41999816894533,110.8000030517578,19100.0,2.9,1.58,2.9,0.34,0.21357299999999999,0.4095872999999999,0.0,0.0,2.70999908447266,150695400.0,0.040000000000000036,0.06,-0.02,-9.5484,0.00132833533388943,0.031122422164805097,0.035603328721882,-2.880000114440918,16.680007934570312,-3.9100036621093466,2.430000305175753,0.0,0.08999999999999986,-0.020000000000000018,0.08999999999999986,-0.06,-0.05242699999999992,0.13724179999999986,0.0,0.0,0.14133808494419928
2014-03-31 00:00:00+00:00,-0.0004434585533779,-0.2506141984079976,-0.0213013825489988,-0.5071915530428999,0.0520679282314859,-0.5572089896231327,0.1496378936981423,-0.4564251392752964,25.760000228881836,616751300.0,0.43,0.37,0.06,16.2162,0.6154174856849842,-0.0052986924194513,0.0945218357405349,13.880000114440918,187.0099945068359,101.58000183105467,107.76000213623048,19100.0,2.72,1.64,2.72,0.4,1.1396774499999998,2.09428455,0.0,0.0,3.190000534057617,143605300.0,0.09999999999999998,0.06,0.039999999999999994,9.764600000000002,-0.015549850998432868,-0.1587220592536221,-0.024667862751927408,0.15999984741210938,2.319992065429659,3.1600036621093466,-3.0400009155273153,0.0,-0.17999999999999972,0.05999999999999983,-0.17999999999999972,0.06,0.9261044499999997,1.68469725,0.0,0.0,-0.0473602213709083
2014-06-30 00:00:00+00:00,0.0092239429684713,-0.4542160508845713,-0.0047181537770796,-0.4493701374478012,-0.0282427862667334,-0.5028372756613,0.0286984198140075,-0.5519134066568799,24.540000915527344,444849600.0,0.29,0.29,0.0,0.0,0.6085400569337129,0.0942659617730784,0.1798291988613257,11.56999969482422,195.72000122070312,105.37000274658205,112.36000061035156,19100.0,2.6,1.68,2.6,0.45,0.09037025,0.1828334999999996,0.0,0.0,-1.2199993133544922,-171901700.0,-0.14,-0.08000000000000002,-0.06,-16.2162,-0.006877428751271286,0.0995646541925297,0.0853073631207908,-2.3100004196166974,8.710006713867216,3.790000915527372,4.5999984741210795,0.0,-0.1200000000000001,0.040000000000000036,-0.1200000000000001,0.04999999999999999,-1.0493071999999997,-1.9114510500000002,0.0,0.0,-0.09739206225884166
2014-09-30 00:00:00+00:00,-0.0085683359880184,0.0615746506157465,-0.0412777392590887,-0.1426783479349186,-0.0693364353311824,-0.3159640506654364,-0.1087734680287622,-0.416227096306363,22.149999618530273,385329300.0,0.4,0.38,0.02,5.2632,0.63486988187228,0.1531219468869349,0.0920152766675548,16.309999465942383,197.02000427246097,91.16000366210938,94.66999816894533,19100.0,2.53,1.77,2.53,0.57,0.05802375,0.6279540999999995,0.0,0.0,-2.3900012969970703,-59520300.0,0.11000000000000004,0.09000000000000002,0.02,5.2632,0.02632982493856706,0.05885598511385649,-0.0878139221937709,4.739999771118162,1.300003051757841,-14.20999908447267,-17.690002441406236,0.0,-0.07000000000000028,0.09000000000000008,-0.07000000000000028,0.11999999999999994,-0.0323465,0.4451205999999999,0.0,0.0,0.007674947143192113
2014-12-31 00:00:00+00:00,-0.0149423167430397,-0.2152361804262609,0.0151299081180007,-0.5937361458500241,0.026358933175779,-0.6920153644611045,-0.030810662743636,-0.7076199240001065,22.31999969482422,438404900.0,0.36,0.35,0.01,2.8571,0.6128358750907771,-0.6370733478576616,-0.6986201888162672,19.200000762939453,205.5399932861328,53.27000045776367,57.33000183105469,19100.0,2.21,1.64,2.21,0.64,0.1117490499999998,0.1451536499999995,0.0,0.0,0.1700000762939453,53075600.0,-0.040000000000000036,-0.030000000000000027,-0.01,-2.4061000000000003,-0.022034006781502913,-0.7901952947445965,-0.790635465483822,2.8900012969970703,8.519989013671847,-37.8900032043457,-37.33999633789064,0.0,-0.31999999999999984,-0.13000000000000012,-0.31999999999999984,0.07000000000000006,0.053725299999999795,-0.48280045000000005,0.0,0.0,0.011648755933546332
2015-03-31 00:00:00+00:00,-0.0100833006174125,-0.1220421311297993,-0.0412296733591558,-0.1861541067172286,-0.0065263632366325,-0.170157620606979,0.0041034706007428,-0.3324087038165675,22.579999923706055,308016800.0,0.41,0.31,0.1,32.2581,0.6157953906689151,0.1234776091437137,0.0751358441071763,15.289999961853027,206.42999267578125,47.599998474121094,55.11000061035156,19100.0,2.04,1.52,2.04,0.64,0.4950827499999998,0.07470714999999989,0.0,0.0,0.26000022888183594,-130388100.0,0.04999999999999999,-0.03999999999999998,0.09000000000000001,29.401,0.0029595155781380056,0.7605509570013753,0.7737560329234435,-3.910000801086426,0.8899993896484375,-5.670001983642578,-2.220001220703125,0.0,-0.16999999999999993,-0.11999999999999988,-0.16999999999999993,0.0,0.3833337,-0.0704464999999996,0.0,0.0,0.15013283441552983
2015-06-30 00:00:00+00:00,-0.0264031926842473,-0.1374695963825521,-0.0478576701600452,-0.0816384923624858,0.0212347381544836,-0.1378584422038027,0.099535894664018,-0.191184963078183,25.969999313354492,335968000.0,0.32,0.31,0.01,3.2258,0.6394207167403043,0.1989036164293896,0.129275077728686,18.229999542236328,205.8500061035156,59.470001220703125,63.59000015258789,19100.0,2.36,1.68,2.36,0.69,0.26471769999999983,0.3473733999999998,0.0,0.0,3.3899993896484375,27951200.0,-0.08999999999999997,0.0,-0.09000000000000001,-29.0323,0.02362532607138923,0.07542600728567592,0.054139233621509686,2.939999580383301,-0.5799865722656534,11.870002746582031,8.479999542236328,0.0,0.31999999999999984,0.15999999999999992,0.31999999999999984,0.04999999999999993,-0.23036504999999996,0.2726662499999999,0.0,0.0,-0.01001156086854945
2015-09-30 00:00:00+00:00,0.0175844903891457,0.5384124211255517,0.0030039097906414,0.418382917513048,-0.03547716338842,0.3284052227399723,0.0120165441949131,0.3796635800050545,25.709999084472656,369001500.0,0.53,0.4,0.13,32.5,0.6386352715040846,0.2066314271984622,0.1583373378183565,24.5,191.6300048828125,45.09000015258789,48.369998931884766,19100.0,2.17,1.49,2.17,0.71,0.07916649999999999,0.17196865,0.0,0.0,-0.26000022888183594,33033500.0,0.21000000000000002,0.09000000000000002,0.12000000000000001,29.2742,-0.0007854452362197062,0.007727810769072585,0.0290622600896705,6.270000457763672,-14.220001220703097,-14.380001068115234,-15.220001220703125,0.0,-0.18999999999999995,-0.18999999999999995,-0.18999999999999995,0.020000000000000018,-0.18555119999999986,-0.17540474999999978,0.0,0.0,0.07351230510694655
2015-12-31 00:00:00+00:00,-0.0033016791260627,-0.0136673693421366,-0.0533572552319263,-0.4722919608360358,-0.0281309760122069,-0.4939439493160271,-0.0026879877923561,-0.4955217914693265,27.600000381469727,382060100.0,0.57,0.53,0.04,7.5472,0.6383752652318885,0.2115034859048196,0.1498939072446196,18.209999084472656,203.8699951171875,37.040000915527344,37.279998779296875,19100.0,2.24,1.7,2.24,0.98,0.13259100000000001,0.20965859999999992,0.0,0.0,1.8900012969970703,13058600.0,0.039999999999999925,0.13,-0.09,-24.9528,-0.0002600062721961338,0.004872058706357402,-0.008443430573736893,-6.290000915527344,12.239990234375,-8.049999237060547,-11.09000015258789,0.0,0.07000000000000028,0.20999999999999996,0.07000000000000028,0.27,0.05342450000000003,0.03768994999999992,0.0,0.0,-0.07572464216308812
2016-03-31 00:00:00+00:00,-0.0027365116014751,-0.146152765930888,0.0084465567894714,-0.1506743482105403,-0.03138025046228,-0.264225034946021,-0.0585480568171101,-0.2431310844716233,25.510000228881836,420909600.0,0.63,0.59,0.04,6.7797,0.6292922852718826,0.1354403861918207,0.0832498406047909,13.949999809265137,205.52000427246097,38.34000015258789,39.599998474121094,19100.0,1.89,1.38,1.89,0.88,0.8876776999999997,0.92507535,0.0,0.0,-2.0900001525878906,38849500.0,0.06000000000000005,0.05999999999999994,0.0,-0.7675000000000001,-0.009082979960005844,-0.0760630997129989,-0.06664406663982869,-4.2599992752075195,1.650009155273466,1.2999992370605469,2.3199996948242188,0.0,-0.3500000000000003,-0.32000000000000006,-0.3500000000000003,-0.09999999999999998,0.7550866999999997,0.71541675,0.0,0.0,-0.11838496396187785
2016-06-30 00:00:00+00:00,0.0039538104655723,-0.1709394074735745,-0.0194454231944609,-0.058477165828262,-0.0587551516806397,-0.4085914670611341,-0.129645841353459,-0.5037349688557037,22.489999771118164,288383200.0,0.37,0.38,-0.01,-2.6316,0.6193400474903791,0.1668713665765987,0.1146319495619422,15.630000114440918,209.47999572753903,48.33000183105469,49.68000030517578,19100.0,1.64,1.17,1.64,0.73,0.1025570999999999,0.1719214,0.0,0.0,-3.020000457763672,-132526400.0,-0.26,-0.20999999999999996,-0.05,-9.4113,-0.009952237781503559,0.03143098038477801,0.031382108957151295,1.6800003051757812,3.959991455078068,9.990001678466797,10.080001831054688,0.0,-0.25,-0.20999999999999996,-0.25,-0.15000000000000002,-0.7851205999999997,-0.75315395,0.0,0.0,0.06980879105389876
2016-09-30 00:00:00+00:00,0.0082011080981866,-0.2253908894282365,0.0313491003652782,-0.2304387514328745,0.0413580592284289,-0.1720818993175056,0.0168058720862546,-0.4437714848079218,24.059999465942383,215754800.0,0.5,0.47,0.03,6.383,0.6220337664358515,0.1945071189605539,0.134132109235198,13.289999961853027,216.3000030517578,48.2400016784668,49.060001373291016,19100.0,1.63,1.18,1.63,0.77,0.047071,0.4369501999999999,0.0,0.0,1.5699996948242188,-72628400.0,0.13,0.08999999999999997,0.04,9.0146,0.002693718945472434,0.027635752383955187,0.0195001596732558,-2.3400001525878906,6.820007324218778,-0.09000015258789062,-0.6199989318847656,0.0,-0.010000000000000009,0.010000000000000009,-0.010000000000000009,0.040000000000000036,-0.0554860999999999,0.2650287999999999,0.0,0.0,0.17456362660708594
2016-12-31 00:00:00+00:00,-0.0055298535778162,0.0631620348437038,0.0222216912341166,-0.5204860895529128,0.1194936522318962,-0.5942717977522426,0.1712344468019261,-0.5668635412960868,28.260000228881836,285851600.0,0.58,0.52,0.06,11.5385,0.6220337664358515,0.1945071189605539,0.134132109235198,14.039999961853027,223.52999877929688,53.720001220703125,56.130001068115234,19100.0,2.49,1.96,2.49,1.2,0.00825,0.8845384999999999,0.0,0.0,4.200000762939453,70096800.0,0.07999999999999996,0.050000000000000044,0.03,5.155500000000001,0.0,0.0,0.0,0.75,7.2299957275390625,5.479999542236328,7.069999694824219,0.0,0.8600000000000003,0.78,0.8600000000000003,0.42999999999999994,-0.038821,0.4475883,0.0,0.0,-0.015215863471095064
2017-03-31 00:00:00+00:00,0.0022121534904019,0.5087436684509162,-0.0100899965922547,0.4987857298263564,-0.0006862420323712,0.3950049668164364,0.0771629121126154,0.3021708239747838,27.829999923706055,231772800.0,0.66,0.63,0.03,4.7619,0.6114660114660114,0.128009828009828,0.0891072891072891,12.369999885559082,235.7400054931641,50.599998474121094,52.83000183105469,19100.0,2.48,2.01,2.48,1.31,0.5027019,0.4447225,0.0,0.0,-0.43000030517578125,-54078800.0,0.08000000000000007,0.10999999999999999,-0.03,-6.776600000000001,-0.010567754969840082,-0.0664972909507259,-0.0450248201279089,-1.6700000762939453,12.210006713867216,-3.1200027465820312,-3.299999237060547,0.0,-0.010000000000000231,0.04999999999999982,-0.010000000000000231,0.1100000000000001,0.49445190000000006,-0.4398159999999999,0.0,0.0,0.0017965949406258063
2017-06-30 00:00:00+00:00,-0.0071730552236565,-0.342355850531309,-0.0393384601246058,0.0119911680530577,-0.0309500017483942,0.1370469942561201,0.0019065942748976,0.2600549638035581,27.8799991607666,397130400.0,0.46,0.42,0.04,9.5238,0.612651845060738,0.1972648789059515,0.1373672549469019,11.18000030517578,241.8000030517578,46.040000915527344,47.91999816894531,19100.0,2.19,1.77,2.19,1.34,0.7052816,1.3417981499999998,0.0,0.0,0.049999237060546875,165357600.0,-0.2,-0.21000000000000002,0.010000000000000002,4.7619,0.0011858335947265708,0.06925505089612352,0.04825996583961281,-1.1899995803833026,6.059997558593722,-4.55999755859375,-4.910003662109375,0.0,-0.29000000000000004,-0.23999999999999977,-0.29000000000000004,0.030000000000000027,0.20257969999999992,0.8970756499999998,0.0,0.0,-0.0017933729758108097
2017-09-30 00:00:00+00:00,-0.0012304525611736,-0.2273990213154183,0.0107258689480345,-0.2472556933682939,-0.0161790240931172,-0.5371768288927559,-0.0172617791910745,-0.5457149410327666,27.829999923706055,250864400.0,0.57,0.54,0.03,5.5556,0.612651845060738,0.1972648789059515,0.1373672549469019,9.510000228881836,251.22999572753903,51.66999816894531,57.540000915527344,19100.0,2.2,1.8,2.2,1.38,0.110218,0.0159474999999999,0.0,0.0,-0.049999237060546875,-146266000.0,0.10999999999999993,0.12000000000000005,-0.010000000000000002,-3.9681999999999995,0.0,0.0,0.0,-1.6700000762939435,9.429992675781222,5.629997253417969,9.620002746582031,0.0,0.010000000000000231,0.030000000000000027,0.010000000000000231,0.039999999999999813,-0.5950635999999999,-1.3258506499999998,0.0,0.0,0.024074742297186574
2017-12-31 00:00:00+00:00,-0.0082028412297407,-0.0943451530406618,0.0127331974316082,-0.7294642761376643,0.0486551434141453,-0.6860286048600521,0.0164111746365886,-0.6936177596965176,28.5,430804800.0,0.55,0.55,0.0,0.0,0.6140880903164255,0.1835744951502623,0.1317379551598028,11.039999961853027,266.8599853515625,60.41999816894531,66.5999984741211,14470.0,2.4,2.18,2.4,1.84,0.019975,0.0298705,0.0,0.0,0.6700000762939453,179940400.0,-0.019999999999999907,0.010000000000000009,-0.03,-5.5556,0.0014362452556875294,-0.013690383755689206,-0.005629299787099112,1.5299997329711914,15.629989624023466,8.75,9.05999755859375,-4630.0,0.19999999999999973,0.3800000000000001,0.19999999999999973,0.4600000000000002,-0.09024299999999999,0.013923000000000102,0.0,0.0,-0.14631579215066476
2018-03-31 00:00:00+00:00,-0.0065912334612409,-0.09978261006151,-0.052028688053109,-0.1175234234150078,-0.1024164338987385,-0.2098780417453269,-0.1039627509242757,-0.1972284638074304,24.329999923706055,278195700.0,0.53,0.52,0.01,1.9231,0.6060508269463494,0.163533682936668,-0.1194836627672448,19.969999313354492,263.1499938964844,64.94000244140625,70.2699966430664,7389.91015625,2.84,2.63,2.84,2.28,0.49377635000000003,0.14411905,0.0,0.0,-4.170000076293945,-152609100.0,-0.020000000000000018,-0.030000000000000027,0.01,1.9231,-0.008037263370076153,-0.0200408122135943,-0.2512216179270476,8.929999351501465,-3.709991455078125,4.5200042724609375,3.6699981689453125,-7080.08984375,0.43999999999999995,0.44999999999999973,0.43999999999999995,0.4399999999999997,0.47380135,0.11424855,0.0,0.0,0.12700370580672027
2018-06-30 00:00:00+00:00,0.0212833986196495,-0.2018896012970741,0.0101431884242183,-0.3316640919568831,0.0584465977472064,-0.2620942867863253,0.0355245602799738,-0.3131900546499409,27.420000076293945,359319300.0,0.28,0.26,0.02,7.6923,0.571217439497506,0.0512654720118233,0.0317753556253463,16.09000015258789,271.2799987792969,74.1500015258789,79.44000244140625,5885.8798828125,2.91,2.78,2.91,2.53,0.1323569999999998,0.5518071,0.0,0.0,3.0900001525878906,81123600.0,-0.25,-0.26,0.01,5.7692000000000005,-0.034833387448843345,-0.11226821092484471,0.1512590183925911,-3.8799991607666016,8.1300048828125,9.209999084472656,9.170005798339844,-1504.0302734375,0.07000000000000028,0.1499999999999999,0.07000000000000028,0.25,-0.36141935000000025,0.40768804999999997,0.0,0.0,0.09299778373323775
2018-09-30 00:00:00+00:00,0.0083633455395393,-0.2406553785769704,0.0495657196014091,-0.2190950457733836,0.0817498332406679,-0.2887230816584777,0.1194415171314777,-0.3141481505400427,29.969999313354492,276459000.0,0.48,0.44,0.04,9.0909,0.5948905109489051,0.1356306229842132,0.098879646919029,12.119999885559082,290.7200012207031,73.25,82.72000122070312,6647.7998046875,3.0,2.89,3.0,2.77,0.0840279999999999,0.018000000000000002,0.0,0.0,2.549999237060547,-82860300.0,0.19999999999999996,0.18,0.02,1.3985999999999992,0.023673071451399075,0.08436515097238989,0.0671042912936827,-3.9700002670288086,19.44000244140625,-0.9000015258789062,3.279998779296875,761.919921875,0.08999999999999986,0.11000000000000032,0.08999999999999986,0.2400000000000002,-0.048328999999999914,-0.5338071,0.0,0.0,-0.10210208662163237
2018-12-31 00:00:00+00:00,0.0138866458769531,-0.4455356619156549,-0.0287185545034047,-0.4626216067216859,-0.052142165419975,-0.5040837357734846,-0.0245503713894381,-0.5486502015271524,26.90999984741211,280083500.0,0.54,0.45,0.09,20.0,0.6019475021168501,0.1666384419983065,0.1627434377646062,25.420000076293945,249.9199981689453,45.40999984741211,53.79999923706055,3650.0,2.83,2.68,2.83,2.68,0.0416399999999999,0.118049,0.0,0.0,-3.059999465942383,3624500.0,0.06000000000000005,0.010000000000000009,0.049999999999999996,10.9091,0.007056991167945004,0.031007819014093302,0.06386379084557721,13.300000190734863,-40.80000305175781,-27.84000015258789,-28.920001983642578,-2997.7998046875,-0.16999999999999993,-0.20999999999999996,-0.16999999999999993,-0.08999999999999986,-0.042387999999999995,0.100049,0.0,0.0,-0.01635081889827403
2019-03-31 00:00:00+00:00,0.0095896828870005,-0.0487923047191843,-0.0068536285451699,-0.2958890662815428,-0.0258115415815292,-0.3283553978093177,-0.0450976475959246,-0.3854125133106866,26.469999313354492,221113000.0,0.59,0.57,0.02,3.5088,0.6019475021168501,0.1666384419983065,0.1627434377646062,13.710000038146973,282.4800109863281,60.13999938964844,68.38999938964844,4079.360107421875,2.57,2.37,2.57,2.41,0.49099189999999987,0.07553879999999981,0.0,0.0,-0.4400005340576172,-58970500.0,0.04999999999999993,0.11999999999999994,-0.06999999999999999,-16.4912,0.0,0.0,0.0,-11.710000038146973,32.56001281738281,14.729999542236328,14.59000015258789,429.360107421875,-0.26000000000000023,-0.31000000000000005,-0.26000000000000023,-0.27,0.44935189999999997,-0.04251020000000019,0.0,0.0,0.006044573160656909
2019-06-30 00:00:00+00:00,-0.0027818230298005,-0.172142434190933,0.0179403853011921,-0.0215872660059017,-0.0024183388915252,-0.0221324353790634,-0.0225729804243723,-0.1178900746880713,26.6299991607666,219549800.0,0.26,0.21,0.05,23.8095,0.5957033248081841,0.0436828644501278,0.0318158567774936,15.079999923706056,293.0,58.470001220703125,66.55000305175781,11763.7900390625,2.07,1.83,2.07,1.81,0.0609724499999999,0.0704200499999999,0.0,0.0,0.15999984741210938,-1563200.0,-0.32999999999999996,-0.36,0.030000000000000002,20.3007,-0.006244177308665999,-0.1229555775481787,-0.1309275809871126,1.3699998855590838,10.519989013671875,-1.6699981689453125,-1.839996337890625,7684.429931640625,-0.5,-0.54,-0.5,-0.6000000000000001,-0.43001944999999997,-0.005118749999999908,0.0,0.0,-0.07059704168283878
2019-09-30 00:00:00+00:00,0.0099685150713898,-0.2500384579884934,0.0359838637950138,-0.1927300666322245,-0.0279717262117239,-0.2319009142936369,-0.0554296391337589,-0.2797635061988684,24.75,200137300.0,0.4,0.4,0.0,0.0,0.6191475768914849,0.126403212558182,0.0906269964406315,16.239999771118164,296.7699890136719,54.06999969482422,60.779998779296875,8335.0,1.7,1.57,1.7,1.65,0.00029042200000000003,0.0178005,0.0,0.0,-1.8799991607666016,-19412500.0,0.14,0.19000000000000003,-0.05,-23.8095,0.02344425208330081,0.08272034810805419,0.058811139663137904,1.1599998474121076,3.769989013671875,-4.400001525878906,-5.7700042724609375,-3428.7900390625,-0.3699999999999999,-0.26,-0.3699999999999999,-0.16000000000000014,-0.0606820279999999,-0.052619549999999904,0.0,0.0,-0.004848518756904987
2019-12-31 00:00:00+00:00,0.0065385902485411,-0.1937756604503675,-0.0019855237346812,-0.3841941646358338,0.0093526557597733,-0.3397424345387262,-0.0294361375691908,-0.3301174667605651,24.6299991607666,233776100.0,0.48,0.46,0.02,4.3478,0.5953977319758298,0.1478354440857545,0.1393924344011257,13.779999732971191,321.8599853515625,61.060001373291016,66.0,7210.0,1.86,1.68,1.86,1.61,0.0070063159999999005,0.0501565,0.0,0.0,-0.12000083923339844,33638800.0,0.07999999999999996,0.06,0.02,4.3478,-0.023749844915655127,0.02143223152757251,0.04876543796049419,-2.4600000381469727,25.089996337890625,6.990001678466797,5.220001220703125,-1125.0,0.16000000000000014,0.10999999999999988,0.16000000000000014,-0.039999999999999813,0.0067158939999999,0.032355999999999996,0.0,0.0,-0.2228989020780497
2020-03-31 00:00:00+00:00,-0.0140555269057915,0.4630624777638559,-0.0755112198731463,0.3988374596934494,-0.1717990774614468,0.6229658241643553,-0.2002488748505332,0.8016587453034811,19.13999938964844,289317900.0,0.58,0.57,0.01,1.7544,0.5923918601083955,0.0402904182431741,0.0208610287350444,53.540000915527344,257.75,20.479999542236328,22.739999771118164,6475.0,0.87,0.59,0.87,0.45,1.2224517935,1.10316725,0.0,0.0,-5.4899997711181605,55541800.0,0.09999999999999998,0.10999999999999993,-0.01,-2.5934000000000004,-0.0030058718674342844,-0.1075450258425804,-0.1185314056660813,39.76000118255615,-64.1099853515625,-40.58000183105469,-43.260000228881836,-735.0,-0.9900000000000001,-1.0899999999999999,-0.9900000000000001,-1.1600000000000001,1.2154454775000003,1.05301075,0.0,0.0,0.19435743674657693
2020-06-30 00:00:00+00:00,0.0121442493160688,-0.0195800923582025,-0.0351173111457168,0.0921244143156216,0.0296730682010388,-0.1441187706985818,-0.0212108762902081,-0.100331490533036,22.86000061035156,248121400.0,0.23,0.25,-0.02,-8.0,0.5806935332708528,0.084817244611059,0.0573570759137769,30.43000030517578,308.3599853515625,39.27000045776367,41.150001525878906,9185.0,0.73,0.34,0.73,0.19,0.1032809189999999,0.0816249499999998,0.0,0.0,3.720001220703118,-41196500.0,-0.35,-0.31999999999999995,-0.03,-9.7544,-0.011698326837542683,0.044526826367884895,0.036496047178732505,-23.110000610351562,50.6099853515625,18.790000915527344,18.410001754760742,2710.0,-0.14,-0.24999999999999994,-0.14,-0.26,-1.1191708745000002,-1.0215423000000003,0.0,0.0,-0.059492588540689624
2020-09-30 00:00:00+00:00,-0.0086292040745068,0.1445515280955239,-0.0711004256394989,0.2763931300729396,-0.0937150207230097,0.3170286731146566,-0.065163199210376,0.101186286679549,21.5,207039000.0,0.35,0.34,0.01,2.9412,0.5877937628451434,0.1117862568135108,0.1299258332588687,26.3700008392334,334.8900146484375,40.220001220703125,40.95000076293945,10770.0,0.68,0.27,0.68,0.13,0.0035072324999999,0.0068,0.0,0.0,-1.360000610351559,-41082400.0,0.11999999999999997,0.09000000000000002,0.03,10.9412,0.007100229574290573,0.026969012202451806,0.0725687573450918,-4.059999465942383,26.530029296875,0.9500007629394531,-0.20000076293945312,1585.0,-0.04999999999999993,-0.07,-0.04999999999999993,-0.06,-0.0997736865,-0.07482494999999979,0.0,0.0,0.0469767548317133
2020-12-31 00:00:00+00:00,0.0063869195233253,-0.3744870316229917,0.0186595968738552,-0.3654189950721401,0.0150257360713809,-0.3273454648241568,-0.0188039485075037,-0.336244229386283,22.510000228881836,226008300.0,0.43,0.43,0.0,0.0,0.5864550956976934,0.0802388352690986,0.0251922133158841,22.75,373.8800048828125,48.52000045776367,51.79999923706055,29385.0,0.93,0.39,0.93,0.14,7.4695e-06,0.005,0.0,0.0,1.010000228881836,18969300.0,0.08000000000000002,0.08999999999999997,-0.01,-2.9412,-0.0013386671474500123,-0.0315474215444122,-0.1047336199429846,-3.6200008392333984,38.989990234375,8.299999237060547,10.849998474121094,18615.0,0.25,0.12,0.25,0.010000000000000009,-0.0034997629999998997,-0.0017999999999999995,0.0,0.0,0.12527763954466647
2021-03-31 00:00:00+00:00,0.0032250746608712,-0.1759885279044618,0.0298980802320372,-0.4105025063708989,0.0636252892396359,-0.4418958199586276,0.0823090347131917,-0.3521702568083317,25.329999923706055,299028900.0,0.55,0.53,0.02,3.7736,0.6155384461553844,0.0277972202779722,-0.0310968903109689,19.399999618530273,396.3299865722656,59.15999984741211,63.540000915527344,59285.0,1.61,0.82,1.61,0.15,0.4661636474999999,0.29836604999999977,0.0,0.0,2.8199996948242188,73020600.0,0.12000000000000005,0.10000000000000003,0.02,3.7736,0.02908335045769106,-0.0524416149911264,-0.056289103626853,-3.3500003814697266,22.449981689453125,10.639999389648438,11.740001678466797,29900.0,0.68,0.42999999999999994,0.68,0.009999999999999981,0.46615617799999987,0.29336604999999977,0.0,0.0,0.07974735348787651
2021-06-30 00:00:00+00:00,-0.0039539998835208,-0.1182928073456894,-0.0017640799434685,-0.4386991179947261,0.0508139011651584,-0.5194467630535289,0.1191587023758888,-0.5439470601972861,27.350000381469727,241124200.0,0.3,0.25,0.05,20.0,0.5879968957489006,0.0738984220056911,0.0534621022678278,15.829999923706056,428.05999755859375,73.47000122070312,75.12999725341797,34725.0,1.52,0.84,1.52,0.2,0.1112761499999998,0.1555329499999998,0.0,0.0,2.020000457763672,-57904700.0,-0.25000000000000006,-0.28,0.030000000000000002,16.226399999999998,-0.027541550406483872,0.04610120172771891,0.0845589925787967,-3.569999694824217,31.730010986328125,14.310001373291016,11.589996337890625,-24560.0,-0.09000000000000008,0.020000000000000018,-0.09000000000000008,0.05000000000000002,-0.3548874975000001,-0.14283309999999996,0.0,0.0,0.0062157248235040026
2021-09-30 00:00:00+00:00,-0.0234208601939187,0.4421838417427301,-0.0354351228741721,0.1973228934415884,-0.0164207641204427,0.026012011089586,0.0335309366402094,-0.1968720362848023,27.520000457763672,191973900.0,0.43,0.39,0.04,10.2564,0.588305286418494,0.1020737718850926,0.0755566887642359,23.13999938964844,429.1400146484375,75.02999877929688,78.5199966430664,43615.0,1.37,0.86,1.37,0.24,0.020646999999999898,0.0332229999999998,0.0,0.0,0.1700000762939453,-49150300.0,0.13,0.14,-0.010000000000000002,-9.7436,0.000308390669593428,0.0281753498794015,0.022094586496408095,7.309999465942385,1.08001708984375,1.55999755859375,3.3899993896484375,8890.0,-0.1499999999999999,0.020000000000000018,-0.1499999999999999,0.03999999999999998,-0.0906291499999999,-0.12230995,0.0,0.0,0.29760168933422027
2021-12-31 00:00:00+00:00,0.0187471605870153,0.0292554057132938,0.078276416092607,-0.3256730208671091,0.1728534410843222,-0.1266083964029635,0.2365314951453017,-0.1904810970392305,35.709999084472656,214997100.0,0.46,0.46,0.0,0.0,0.5827896862379621,0.119524697110904,0.103215284249767,17.219999313354492,474.9599914550781,75.20999908447266,77.77999877929688,47977.03125,1.47,1.23,1.47,0.68,0.0033,0.032944,0.0,0.0,8.189998626708984,23023200.0,0.030000000000000027,0.07,-0.04,-10.2564,-0.005515600180531877,0.01745092522581139,0.02765859548553111,-5.920000076293949,45.819976806640625,0.18000030517578125,-0.7399978637695312,4362.03125,0.09999999999999987,0.37,0.09999999999999987,0.44000000000000006,-0.017346999999999897,-0.00027899999999980024,0.0,0.0,0.04060489499060053
2022-03-31 00:00:00+00:00,0.0121794514688321,0.0363658662088051,0.0729237697212269,0.2570703747524992,0.0931376445662261,0.2716265749062269,0.181977695140583,0.53187087361381,37.15999984741211,283446000.0,0.56,0.53,0.03,5.6604,0.5619105304144674,0.0506186726659167,0.0481958985895993,20.559999465942383,451.6400146484375,100.27999877929688,107.91000366210938,45735.0,2.13,2.11,2.13,1.91,0.7128173999999999,0.4044701499999997,0.0,0.0,1.4500007629394531,68448900.0,0.10000000000000003,0.07,0.03,5.6604,-0.020879155823494755,-0.0689060244449873,-0.0550193856601677,3.3400001525878906,-23.319976806640625,25.06999969482422,30.1300048828125,-2242.03125,0.6599999999999999,0.8799999999999999,0.6599999999999999,1.23,0.7095174,0.37152614999999967,0.0,0.0,-0.23304628318009016
2022-06-30 00:00:00+00:00,-0.0057809221982169,0.1802729118466405,-0.0302714069782689,0.000847352327603,-0.1234035909727854,-0.1426316850932783,-0.1247391743606202,-0.1183396947533407,28.5,253921900.0,0.31,0.32,-0.01,-3.125,0.5331029185867896,0.0827956989247311,0.0870967741935483,28.709999084472656,377.25,105.76000213623048,114.80999755859376,18760.0,3.14,3.19,3.14,3.0,0.0836104999999999,0.07839114999999991,0.0,0.0,-8.65999984741211,-29524100.0,-0.25000000000000006,-0.21000000000000002,-0.04,-8.7854,-0.02880761182767777,0.0321770262588144,0.038900875603949,8.149999618530273,-74.3900146484375,5.480003356933608,6.899993896484389,-26975.0,1.0100000000000002,1.08,1.0100000000000002,1.09,-0.6292069,-0.3260789999999998,0.0,0.0,-0.08350874248303865
2022-09-30 00:00:00+00:00,-0.0041936426837218,-0.0336495120996645,-0.06519531741485,-0.1018073719718579,-0.0851209265321146,-0.1015948815739141,-0.1624013921057398,-0.2288131186684807,26.1200008392334,227623400.0,0.42,0.45,-0.03,-6.6667,0.5629555523795913,0.1066885808203515,0.086822924110333,31.6200008392334,357.17999267578125,79.48999786376953,87.95999908447266,19698.599609375,3.52,3.7,3.52,3.86,0.0042524999999999,0.018750000000000003,0.0,0.0,-2.3799991607666016,-26298500.0,0.10999999999999999,0.13,-0.019999999999999997,-3.5416999999999996,0.029852633792801675,0.023892881895620402,-0.0002738500832153018,2.910001754760742,-20.07000732421875,-26.27000427246095,-26.849998474121108,938.599609375,0.3799999999999999,0.5100000000000002,0.3799999999999999,0.8599999999999999,-0.079358,-0.05964114999999991,0.0,0.0,0.22358338658501578
2022-12-31 00:00:00+00:00,0.0080201629972678,-0.1054562127464465,-0.0042993702558568,-0.4447583169779977,0.0820530209294874,-0.497735804920715,0.0756918143034334,-0.5202737910045606,31.959999084472656,219600700.0,0.58,0.5,0.08,16.0,0.5629555523795913,0.1066885808203515,0.086822924110333,21.670000076293945,382.4299926757813,80.26000213623047,85.91000366210938,16498.080078125,3.62,3.76,3.62,4.29,0.09079999999999999,0.094172,0.04140625,0.048437499999999994,5.839998245239258,-8022700.0,0.15999999999999998,0.04999999999999999,0.11,22.6667,0.0,0.0,0.0,-9.950000762939453,25.250000000000057,0.7700042724609375,-2.0499954223632812,-3200.51953125,0.10000000000000009,0.05999999999999961,0.10000000000000009,0.43000000000000016,0.0865475000000001,0.075422,0.04140625,0.048437499999999994,0.07697118757640435
2023-03-31 00:00:00+00:00,0.0367915649144561,-0.3299460122608705,0.0877144421595202,-0.2552862201309996,0.0820647312856769,-0.2710208135039504,0.1431290969752171,-0.2843988036479896,34.41999816894531,235326800.0,0.65,0.65,0.0,0.0,0.570161171077924,0.0855389619991128,0.0631376608014194,18.700000762939453,409.3900146484375,75.66999816894531,79.7699966430664,28476.5,3.66,3.82,3.66,4.3,0.5021452999999999,0.4593652499999998,0.35119047619047616,0.45396825396825397,2.4599990844726562,15726100.0,0.07000000000000006,0.15000000000000002,-0.08,-16.0,0.007205618698332694,-0.021149618821238697,-0.0236852633089136,-2.969999313354492,26.960021972656193,-4.590003967285156,-6.140007019042969,11978.419921875,0.040000000000000036,0.06000000000000005,0.040000000000000036,0.009999999999999787,0.4113452999999999,0.3651932499999998,0.3097842261904762,0.405530753968254,-0.08977334136023113
2023-06-30 00:00:00+00:00,0.0255319197137241,-0.0790767131145108,0.027325390821448,-0.3614233048732095,0.008094213696908,-0.2974460264480966,0.0084222926231523,-0.2904279304473933,31.329999923706055,246203200.0,0.48,0.43,0.05,11.6279,0.5765031196823596,0.1000425411230856,0.0173000567214974,13.59000015258789,443.2799987792969,70.63999938964844,74.9000015258789,30128.509765625,3.75,3.95,3.75,4.64,0.0757047999999999,0.06805299999999989,0.26587301587301587,0.3437830687830688,-3.089998245239258,10876400.0,-0.17000000000000004,-0.22000000000000003,0.05,11.6279,0.006341948604435599,0.014503579123972793,-0.045837604079922004,-5.1100006103515625,33.889984130859375,-5.029998779296875,-4.8699951171875,1652.009765625,0.08999999999999986,0.13000000000000034,0.08999999999999986,0.33999999999999986,-0.4264405,-0.3913122499999999,-0.08531746031746029,-0.11018518518518516,-0.11299071231405101
2023-09-30 00:00:00+00:00,0.0016477288256827,-0.1843170693194377,-0.0194763634166063,-0.367282803906483,-0.0528073487480186,-0.5127957824401554,-0.0844866460085928,-0.5141485390308662,27.790000915527344,229619700.0,0.58,0.55,0.03,5.4545,0.5765031196823596,0.1000425411230856,0.0173000567214974,17.520000457763672,427.4800109863281,90.79000091552734,95.30999755859376,26869.689453125,4.38,4.49,4.38,5.02,0.0077674999999998995,0.0123967499999999,0.20677083333333332,0.2671875,-3.539999008178711,-16583500.0,0.09999999999999998,0.12000000000000005,-0.020000000000000004,-6.1734,0.0,0.0,0.0,3.9300003051757812,-15.79998779296875,20.150001525878906,20.409996032714858,-3258.8203125,0.6299999999999999,0.54,0.6299999999999999,0.3799999999999999,-0.0679373,-0.05565624999999999,-0.05910218253968255,-0.07659556878306878,0.060813190753251006
2023-12-31 00:00:00+00:00,0.0030134977409636,0.3793430974477958,0.0313221369532456,-0.1604323725397922,0.0627593435212713,-0.1572285740078546,0.0236229414689691,-0.2611031417458312,29.479999542236328,216099200.0,0.6,0.55,0.05,9.0909,0.5883975894866769,0.0636027009366151,0.0552530312931097,12.449999809265137,475.30999755859375,71.6500015258789,77.04000091552734,42679.73828125,4.02,4.0,4.02,4.46,0.090414,0.124266,0.07538461538461538,0.06,1.6899986267089844,-13520500.0,0.020000000000000018,0.0,0.020000000000000004,3.636399999999999,0.011894469804317298,-0.03643984018647049,0.0379529745716123,-5.070000648498535,47.829986572265625,-19.139999389648438,-18.26999664306642,15810.048828125,-0.3600000000000003,-0.4900000000000002,-0.3600000000000003,-0.5599999999999996,0.0826465000000001,0.1118692500000001,-0.13138621794871794,-0.20718750000000002,0.25712353964574297
2024-03-31 00:00:00+00:00,0.0006171846506974,0.3927285269383325,0.0008101965138095,0.0404103006614073,0.0909091344642149,-0.1611196192372626,0.2011538790559203,-0.0633024509395524,37.060001373291016,332054200.0,0.61,0.64,-0.03,-4.6875,0.6005058771016217,0.0935128701086148,0.0924713584288052,13.010000228881836,523.0700073242188,83.16999816894531,87.4800033569336,71296.171875,4.21,4.2,4.21,4.59,0.66422055,0.5896485499999999,0.17388248847926266,0.199531490015361,7.5800018310546875,115955000.0,0.010000000000000009,0.08999999999999997,-0.08,-13.7784,0.012108287614944868,0.029910169171999693,0.037218327135695506,0.5600004196166992,47.760009765625,11.519996643066406,10.44000244140625,28616.43359375,0.1900000000000004,0.20000000000000018,0.1900000000000004,0.1299999999999999,0.57380655,0.46538254999999995,0.09849787309464728,0.139531490015361,-0.016190023383290494
2024-06-30 00:00:00+00:00,0.0196564053492816,-0.2366198742974222,0.0336127163623115,0.165068646549502,0.0134972123920289,-0.0893854666597185,0.0926872539588347,-0.2765208132307365,36.459999084472656,177172600.0,0.29,0.4,-0.11,-27.5,0.6034207727756115,-0.0125841900035448,-0.0007089684509039,12.4399995803833,544.219970703125,81.54000091552734,86.41000366210938,61024.23046875,4.31,4.32,4.31,4.74,0.056710349999999896,0.1082188,0.046875,0.08046875,-0.6000022888183594,-154881600.0,-0.32,-0.24,-0.08,-22.8125,0.002914895673989726,-0.1060970601121596,-0.0931803268797091,-0.5700006484985352,21.14996337890625,-1.6299972534179688,-1.0699996948242188,-10271.94140625,0.09999999999999964,0.1200000000000001,0.09999999999999964,0.15000000000000036,-0.6075102000000001,-0.48142974999999993,-0.12700748847926266,-0.11906274001536099,0.0691168546637971
2024-09-30 00:00:00+00:00,0.0024983337854216,-0.4486144578313253,0.0050795352037159,-0.2196243488343673,0.0435232565255502,0.0011894469800766,0.0558693918157416,-0.1354660726117403,38.97999954223633,184500600.0,0.31,0.44,-0.13,-29.5455,0.5810668670172803,0.0706987227648384,0.0695717505634861,16.729999542236328,573.760009765625,68.16999816894531,71.7699966430664,63745.0,3.72,3.5,3.72,3.62,0.014926000000000002,0.0714871999999999,0.02153846153846154,0.05307692307692308,2.520000457763672,7328000.0,0.020000000000000018,0.03999999999999998,-0.020000000000000004,-2.0455000000000005,-0.022353905758331183,0.0832829127683832,0.07028071901439001,4.289999961853027,29.5400390625,-13.370002746582031,-14.640007019042969,2720.76953125,-0.5899999999999994,-0.8200000000000003,-0.5899999999999994,-1.12,-0.041784349999999894,-0.0367316000000001,-0.02533653846153846,-0.02739182692307693,-0.03540279846899306
2024-12-31 00:00:00+00:00,0.0107526560379296,-0.1854582995354325,0.0143884550025203,-0.5932864485375767,-0.0172789690232423,-0.493518153360958,0.0116349583887861,-0.3974211560247277,37.599998474121094,220562900.0,0.48,0.44,0.04,9.0909,0.5810668670172803,0.0706987227648384,0.0695717505634861,15.109999656677246,606.7899780273438,69.9000015258789,73.19000244140625,107825.0,4.36,4.23,4.36,4.26,0.04125,0.0451069999999999,0.03727272727272727,0.04681818181818182,-1.3800010681152344,36062300.0,0.16999999999999998,0.0,0.17,38.6364,0.0,0.0,0.0,-1.619999885559082,33.02996826171875,1.7300033569335938,1.4200057983398438,44080.0,0.6400000000000001,0.7300000000000004,0.6400000000000001,0.6399999999999997,0.026324,-0.026380200000000006,0.01573426573426573,-0.006258741258741256,
