Date,Open,High,Low,Close,Adj Close,Volume,reportedEPS,estimatedEPS,surprise,surprisePercentage,Margin_Gross,Margin_Operating,Margin_Net_Profit,insider_acquisition,insider_disposal,mean_sentiment,mean_outlook
2022-03-31,0.0,0.0,0.0,0.0,0.0,0.0,0,0,0,0,0.5448467966573816,0.1701949860724234,0.14707520891364903,0,0,0,0
2022-06-30,0.0,0.0,0.0,0.0,0.0,0.0,0,0,0,0,0.5684931506849316,0.20284510010537407,0.15911485774499473,0,0,0,0
2022-08-30,0.0,0.0,0.0,0.0,0.0,0.0,0.22,0,0.22,None,0.5684931506849316,0.20284510010537407,0.15911485774499473,0,0,0,0
2022-09-30,0.0,0.0,0.0,0.0,0.0,0.0,0.22,0,0.22,None,0.5608339931380312,0.20137239377144364,0.15465822116653472,0,0,0,0
2022-12-31,0.0,0.0,0.0,0.0,0.0,0.0,0.22,0,0.22,None,0.5431377754181046,0.1409609769046987,0.09583222723652775,0,0,0,0
2023-01-04,0.0,0.0,0.0,0.0,0.0,0.0,0.91,0,0.91,None,0.5431377754181046,0.1409609769046987,0.09583222723652775,0,0,0,0
2023-03-31,0.0,0.0,0.0,0.0,0.0,0.0,0.91,0,0.91,None,0.5516614745586709,0.16614745586708204,0.12175493250259606,0,0,0,0
2023-05-04,25.530000686645508,26.979999542236328,25.25,26.899999618530273,25.605199813842773,77004200.0,0.91,0,0.91,None,0.5516614745586709,0.16614745586708204,0.12175493250259606,0,0,0,0
2023-05-05,26.65999984741211,27.030000686645508,26.209999084472656,26.5,25.224454879760746,11289900.0,0.91,0,0.91,None,0.5516614745586709,0.16614745586708204,0.12175493250259606,0,0,0,0
2023-05-08,26.329999923706055,26.850000381469727,25.90999984741211,26.510000228881836,25.23397445678711,6308300.0,0.91,0,0.91,None,0.5516614745586709,0.16614745586708204,0.12175493250259606,0,0,0,0
2023-05-09,26.510000228881836,26.84000015258789,26.06999969482422,26.280000686645508,25.015047073364254,4684000.0,0.91,0,0.91,None,0.5516614745586709,0.16614745586708204,0.12175493250259606,0,0,0,0
2023-05-10,26.280000686645508,26.770000457763672,26.010000228881836,26.25,24.986488342285156,9602400.0,0.91,0,0.91,None,0.5516614745586709,0.16614745586708204,0.12175493250259606,0,0,0,0
2023-05-11,26.030000686645508,26.329999923706055,26.0,26.0,24.748523712158203,5687300.0,0.91,0,0.91,None,0.5516614745586709,0.16614745586708204,0.12175493250259606,0,0,0,0
2023-05-12,26.020000457763672,26.6200008392334,25.899999618530273,26.5,25.224454879760746,5433500.0,0.91,0,0.91,None,0.5516614745586709,0.16614745586708204,0.12175493250259606,0,0,0,0
2023-05-15,26.5,27.795000076293945,26.5,27.5,26.17632102966309,7083200.0,0.91,0,0.91,None,0.5516614745586709,0.16614745586708204,0.12175493250259606,0,0,0,0
2023-05-16,27.540000915527344,27.770000457763672,26.989999771118164,27.030000686645508,25.728944778442383,3818400.0,0.91,0,0.91,None,0.5516614745586709,0.16614745586708204,0.12175493250259606,0,0,0,0
2023-05-17,27.299999237060547,27.700000762939453,26.600000381469727,27.219999313354492,25.9097957611084,3392200.0,0.91,0,0.91,None,0.5516614745586709,0.16614745586708204,0.12175493250259606,0,0,0,0
2023-05-18,27.219999313354492,27.350000381469727,26.700000762939453,27.040000915527344,25.738462448120117,2648100.0,0.91,0,0.91,None,0.5516614745586709,0.16614745586708204,0.12175493250259606,0,0,0,0
2023-05-19,27.040000915527344,27.25900077819824,26.690000534057617,27.229999542236328,25.9193172454834,1794300.0,0.91,0,0.91,None,0.5516614745586709,0.16614745586708204,0.12175493250259606,0,0,0,0
2023-05-22,27.329999923706055,27.43000030517578,25.959999084472656,26.06999969482422,24.81515312194824,7509400.0,0.91,0,0.91,None,0.5516614745586709,0.16614745586708204,0.12175493250259606,0,0,0,0
2023-05-23,26.010000228881836,26.260000228881836,25.809999465942383,26.0,24.748523712158203,2485000.0,0.91,0,0.91,None,0.5516614745586709,0.16614745586708204,0.12175493250259606,0,0,0,0
2023-05-24,26.010000228881836,26.549999237060547,25.86000061035156,26.450000762939453,25.17686462402344,1953600.0,0.91,0,0.91,None,0.5516614745586709,0.16614745586708204,0.12175493250259606,0,0,0,0
2023-05-25,26.5,26.63999938964844,25.899999618530273,26.329999923706055,25.06263732910156,2139400.0,0.91,0,0.91,None,0.5516614745586709,0.16614745586708204,0.12175493250259606,0,0,0,0
2023-05-26,26.43000030517578,26.43000030517578,26.200000762939453,26.299999237060547,25.034080505371097,844100.0,0.91,0,0.91,None,0.5516614745586709,0.16614745586708204,0.12175493250259606,0,0,0,0
2023-05-30,26.280000686645508,26.5,25.1299991607666,25.729999542236328,24.49151611328125,6340200.0,0.91,0,0.91,None,0.5516614745586709,0.16614745586708204,0.12175493250259606,0,0,0,0
2023-05-31,25.6200008392334,25.6200008392334,24.989999771118164,25.09000015258789,23.882322311401367,6347800.0,0.91,0,0.91,None,0.5516614745586709,0.16614745586708204,0.12175493250259606,0,0,0,0
2023-06-01,25.299999237060547,25.63999938964844,24.75,25.280000686645508,24.06317710876465,6072700.0,0.91,0,0.91,None,0.5516614745586709,0.16614745586708204,0.12175493250259606,0,0,0,0
2023-06-02,25.260000228881836,25.700000762939453,24.969999313354492,25.549999237060547,24.320180892944336,2329400.0,0.19,0.32,-0.13,-40.625,0.5516614745586709,0.16614745586708204,0.12175493250259606,0,0,0,0
2023-06-05,25.579999923706055,25.770000457763672,24.829999923706055,25.149999618530273,23.939434051513672,4737300.0,0.19,0.32,-0.13,-40.625,0.5516614745586709,0.16614745586708204,0.12175493250259606,0,0,0,0
2023-06-06,25.0,25.38999938964844,24.899999618530273,25.170000076293945,23.958473205566406,1315000.0,0.19,0.32,-0.13,-40.625,0.5516614745586709,0.16614745586708204,0.12175493250259606,0,0,0,0
2023-06-07,25.100000381469727,25.2549991607666,24.90999984741211,25.079999923706055,23.872804641723633,1626600.0,0.19,0.32,-0.13,-40.625,0.5516614745586709,0.16614745586708204,0.12175493250259606,0,0,0,0
2023-06-08,24.989999771118164,25.15999984741211,24.809999465942383,25.11000061035156,23.9013614654541,2711800.0,0.19,0.32,-0.13,-40.625,0.5516614745586709,0.16614745586708204,0.12175493250259606,0,0,0,0
2023-06-09,25.049999237060547,25.15999984741211,24.850000381469727,25.100000381469727,23.891841888427734,1874000.0,0.19,0.32,-0.13,-40.625,0.5516614745586709,0.16614745586708204,0.12175493250259606,0,0,0,0
2023-06-12,25.010000228881836,25.200000762939453,24.75,25.020000457763672,23.815692901611328,2619800.0,0.19,0.32,-0.13,-40.625,0.5516614745586709,0.16614745586708204,0.12175493250259606,0,0,0,0
2023-06-13,24.989999771118164,25.219999313354492,24.959999084472656,25.1299991607666,23.92039680480957,2039800.0,0.19,0.32,-0.13,-40.625,0.5516614745586709,0.16614745586708204,0.12175493250259606,0,0,0,0
2023-06-14,25.1299991607666,25.489999771118164,25.1200008392334,25.34000015258789,24.120288848876953,2412000.0,0.19,0.32,-0.13,-40.625,0.5516614745586709,0.16614745586708204,0.12175493250259606,0,0,0,0
2023-06-15,25.399999618530273,25.950000762939453,25.18000030517578,25.75,24.510555267333984,1442900.0,0.19,0.32,-0.13,-40.625,0.5516614745586709,0.16614745586708204,0.12175493250259606,0,0,0,0
2023-06-16,25.850000381469727,26.260000228881836,25.700000762939453,26.25,24.986488342285156,2333000.0,0.19,0.32,-0.13,-40.625,0.5516614745586709,0.16614745586708204,0.12175493250259606,0,0,0,0
2023-06-20,25.950000762939453,26.3799991607666,25.940000534057617,26.059999465942383,24.805633544921875,1487500.0,0.19,0.32,-0.13,-40.625,0.5516614745586709,0.16614745586708204,0.12175493250259606,0,0,0,0
2023-06-21,26.190000534057617,26.700000762939453,25.770000457763672,26.200000762939453,24.93889808654785,3605900.0,0.19,0.32,-0.13,-40.625,0.5516614745586709,0.16614745586708204,0.12175493250259606,0,0,0,0
2023-06-22,26.200000762939453,26.600000381469727,26.198999404907227,26.549999237060547,25.27204704284668,1130700.0,0.19,0.32,-0.13,-40.625,0.5516614745586709,0.16614745586708204,0.12175493250259606,0,0,0,0
2023-06-23,26.549999237060547,26.739999771118164,26.270000457763672,26.479999542236328,25.20541763305664,2793400.0,0.19,0.32,-0.13,-40.625,0.5516614745586709,0.16614745586708204,0.12175493250259606,0,0,0,0
2023-06-26,26.59000015258789,26.600000381469727,26.020000457763672,26.149999618530273,24.89130210876465,2507300.0,0.19,0.32,-0.13,-40.625,0.5516614745586709,0.16614745586708204,0.12175493250259606,0,0,0,0
2023-06-27,26.020000457763672,26.06999969482422,25.190000534057617,25.88999938964844,24.643815994262695,2904600.0,0.19,0.32,-0.13,-40.625,0.5516614745586709,0.16614745586708204,0.12175493250259606,0,0,0,0
2023-06-28,25.899999618530273,26.020000457763672,25.670000076293945,25.799999237060547,24.55814743041992,1807900.0,0.19,0.32,-0.13,-40.625,0.5516614745586709,0.16614745586708204,0.12175493250259606,0,0,0,0
2023-06-29,25.739999771118164,26.219999313354492,25.709999084472656,25.989999771118164,24.739004135131836,1353900.0,0.19,0.32,-0.13,-40.625,0.5516614745586709,0.16614745586708204,0.12175493250259606,0,0,0,0
2023-06-30,26.040000915527344,26.65999984741211,25.969999313354492,26.420000076293945,25.148305892944336,3936300.0,0.19,0.32,-0.13,-40.625,0.5621526023244062,0.1773623041940374,0.10864072764022234,0,0,0,0
2023-07-03,26.309999465942383,26.600000381469727,25.799999237060547,26.040000915527344,24.786598205566406,7558600.0,0.19,0.32,-0.13,-40.625,0.5621526023244062,0.1773623041940374,0.10864072764022234,0,0,0,0
2023-07-05,25.90999984741211,26.25,25.6200008392334,25.700000762939453,24.462961196899418,1990700.0,0.19,0.32,-0.13,-40.625,0.5621526023244062,0.1773623041940374,0.10864072764022234,0,0,0,0
2023-07-06,25.549999237060547,25.80500030517578,25.3799991607666,25.6200008392334,24.38681411743164,4856900.0,0.19,0.32,-0.13,-40.625,0.5621526023244062,0.1773623041940374,0.10864072764022234,0,0,0,0
2023-07-07,25.6200008392334,25.649999618530273,25.209999084472656,25.219999313354492,24.006067276000977,1793700.0,0.19,0.32,-0.13,-40.625,0.5621526023244062,0.1773623041940374,0.10864072764022234,0,0,0,0
2023-07-10,25.309999465942383,25.524999618530273,25.100000381469727,25.25,24.034622192382812,2121200.0,0.19,0.32,-0.13,-40.625,0.5621526023244062,0.1773623041940374,0.10864072764022234,0,0,0,0
2023-07-11,25.479999542236328,25.549999237060547,25.0049991607666,25.079999923706055,23.872804641723633,1942600.0,0.19,0.32,-0.13,-40.625,0.5621526023244062,0.1773623041940374,0.10864072764022234,0,0,0,0
2023-07-12,25.270000457763672,25.3700008392334,24.959999084472656,25.25,24.034622192382812,2320900.0,0.19,0.32,-0.13,-40.625,0.5621526023244062,0.1773623041940374,0.10864072764022234,0,0,0,0
2023-07-13,25.420000076293945,25.5,24.8799991607666,25.399999618530273,24.177400588989254,2477900.0,0.19,0.32,-0.13,-40.625,0.5621526023244062,0.1773623041940374,0.10864072764022234,0,0,0,0
2023-07-14,25.530000686645508,25.61000061035156,24.719999313354492,24.940000534057617,23.73954391479492,3830200.0,0.19,0.32,-0.13,-40.625,0.5621526023244062,0.1773623041940374,0.10864072764022234,0,0,0,0
2023-07-17,24.899999618530273,25.059999465942383,24.739999771118164,24.88999938964844,23.69194984436035,1709200.0,0.19,0.32,-0.13,-40.625,0.5621526023244062,0.1773623041940374,0.10864072764022234,0,0,0,0
2023-07-18,24.75,25.030000686645508,24.7450008392334,24.809999465942383,23.615800857543945,1713500.0,0.19,0.32,-0.13,-40.625,0.5621526023244062,0.1773623041940374,0.10864072764022234,0,0,0,0
2023-07-19,24.8799991607666,25.040000915527344,24.5,25.0,23.796655654907227,2870800.0,0.19,0.32,-0.13,-40.625,0.5621526023244062,0.1773623041940374,0.10864072764022234,0,0,0,0
2023-07-20,23.950000762939453,24.61599922180176,22.489999771118164,24.510000228881836,23.330242156982425,36675600.0,0.32,0.3,0.02,6.6667,0.5621526023244062,0.1773623041940374,0.10864072764022234,0,0,0,0
2023-07-21,24.649999618530273,24.8799991607666,23.780000686645508,24.010000228881836,22.854307174682617,14585700.0,0.32,0.3,0.02,6.6667,0.5621526023244062,0.1773623041940374,0.10864072764022234,0,0,0,0
2023-07-24,23.170000076293945,24.40999984741211,23.1200008392334,24.15999984741211,22.997085571289062,22641600.0,0.32,0.3,0.02,6.6667,0.5621526023244062,0.1773623041940374,0.10864072764022234,0,0,0,0
2023-07-25,24.34000015258789,25.1200008392334,24.149999618530273,25.1200008392334,23.91088104248047,15018100.0,0.32,0.3,0.02,6.6667,0.5621526023244062,0.1773623041940374,0.10864072764022234,0,0,0,0
2023-07-26,25.09000015258789,25.229999542236328,24.28499984741211,24.690000534057617,23.501575469970703,10716400.0,0.32,0.3,0.02,6.6667,0.5621526023244062,0.1773623041940374,0.10864072764022234,0,0,0,0
2023-07-27,24.950000762939453,25.0,23.959999084472656,24.239999771118164,23.0732364654541,11476200.0,0.32,0.3,0.02,6.6667,0.5621526023244062,0.1773623041940374,0.10864072764022234,0,0,0,0
2023-07-28,24.229999542236328,24.43000030517578,24.049999237060547,24.399999618530273,23.22553825378418,13214600.0,0.32,0.3,0.02,6.6667,0.5621526023244062,0.1773623041940374,0.10864072764022234,0,0,0,0
2023-07-31,24.010000228881836,24.079999923706055,23.4950008392334,23.68000030517578,22.540193557739254,14630700.0,0.32,0.3,0.02,6.6667,0.5621526023244062,0.1773623041940374,0.10864072764022234,0,0,0,0
2023-08-01,23.510000228881836,23.770000457763672,23.3799991607666,23.649999618530273,22.511638641357425,14685500.0,0.32,0.3,0.02,6.6667,0.5621526023244062,0.1773623041940374,0.10864072764022234,0,0,0,0
2023-08-02,23.549999237060547,23.920000076293945,23.3700008392334,23.899999618530273,22.749605178833008,16233200.0,0.32,0.3,0.02,6.6667,0.5621526023244062,0.1773623041940374,0.10864072764022234,0,0,0,0
2023-08-03,24.030000686645508,24.434999465942383,23.75,23.989999771118164,22.83527183532715,16111000.0,0.32,0.3,0.02,6.6667,0.5621526023244062,0.1773623041940374,0.10864072764022234,0,0,0,0
2023-08-04,24.020000457763672,24.020000457763672,23.270000457763672,23.530000686645508,22.397411346435547,20999100.0,0.32,0.3,0.02,6.6667,0.5621526023244062,0.1773623041940374,0.10864072764022234,0,0,0,0
2023-08-07,23.670000076293945,23.676000595092773,23.31999969482422,23.540000915527344,22.40693092346191,15379100.0,0.32,0.3,0.02,6.6667,0.5621526023244062,0.1773623041940374,0.10864072764022234,0,0,0,0
2023-08-08,23.549999237060547,23.549999237060547,23.209999084472656,23.3799991607666,22.25463104248047,20150600.0,0.32,0.3,0.02,6.6667,0.5621526023244062,0.1773623041940374,0.10864072764022234,0,0,0,0
2023-08-09,23.299999237060547,23.440000534057617,23.059999465942383,23.350000381469727,22.22607421875,40849100.0,0.32,0.3,0.02,6.6667,0.5621526023244062,0.1773623041940374,0.10864072764022234,0,0,0,0
2023-08-10,23.75,23.88999938964844,23.11000061035156,23.3700008392334,22.245115280151367,51365500.0,0.32,0.3,0.02,6.6667,0.5621526023244062,0.1773623041940374,0.10864072764022234,0,0,0,0
2023-08-11,23.299999237060547,23.799999237060547,23.25,23.719999313354492,22.578266143798828,46062600.0,0.32,0.3,0.02,6.6667,0.5621526023244062,0.1773623041940374,0.10864072764022234,0,0,0,0
2023-08-14,23.600000381469727,23.700000762939453,22.850000381469727,22.940000534057617,21.8358097076416,89481200.0,0.32,0.3,0.02,6.6667,0.5621526023244062,0.1773623041940374,0.10864072764022234,0,0,0,0
2023-08-15,22.920000076293945,23.770000457763672,22.63999938964844,23.260000228881836,22.14040756225586,105996500.0,0.32,0.3,0.02,6.6667,0.5621526023244062,0.1773623041940374,0.10864072764022234,0,0,0,0
2023-08-16,23.489999771118164,23.549999237060547,22.809999465942383,22.93000030517578,21.826292037963867,86179200.0,0.32,0.3,0.02,6.6667,0.5621526023244062,0.1773623041940374,0.10864072764022234,0,0,0,0
2023-08-17,23.1200008392334,23.290000915527344,22.549999237060547,22.780000686645508,21.683513641357425,71709300.0,0.32,0.3,0.02,6.6667,0.5621526023244062,0.1773623041940374,0.10864072764022234,0,0,0,0
2023-08-18,22.959999084472656,23.0,22.36000061035156,22.8700008392334,21.76918029785156,93530500.0,0.32,0.3,0.02,6.6667,0.5621526023244062,0.1773623041940374,0.10864072764022234,0,0,0,0
2023-08-21,23.170000076293945,23.690000534057617,22.809999465942383,22.899999618530273,21.79773712158203,178017500.0,0.32,0.3,0.02,6.6667,0.5621526023244062,0.1773623041940374,0.10864072764022234,0,0,0,0
2023-08-22,23.239999771118164,23.81999969482422,23.1200008392334,23.739999771118164,22.59730529785156,90558800.0,0.32,0.3,0.02,6.6667,0.5621526023244062,0.1773623041940374,0.10864072764022234,0,0,0,0
2023-08-23,23.850000381469727,24.049999237060547,23.6200008392334,23.6200008392334,22.483081817626953,119406800.0,0.32,0.3,0.02,6.6667,0.5621526023244062,0.1773623041940374,0.10864072764022234,0,0,0,0
2023-08-24,23.959999084472656,24.100000381469727,23.13999938964844,23.65999984741211,22.52115821838379,372341300.0,0.32,0.3,0.02,6.6667,0.5621526023244062,0.1773623041940374,0.10864072764022234,0,0,0,0
2023-08-25,23.200000762939453,23.290000915527344,22.81999969482422,22.969999313354492,22.050764083862305,86974600.0,0.32,0.3,0.02,6.6667,0.5621526023244062,0.1773623041940374,0.10864072764022234,0,0,0,0
2023-08-28,22.920000076293945,23.200000762939453,22.61000061035156,22.969999313354492,22.050764083862305,39395000.0,0.32,0.3,0.02,6.6667,0.5621526023244062,0.1773623041940374,0.10864072764022234,0,0,0,0
2023-08-29,22.729999542236328,23.125,22.56999969482422,22.86000061035156,21.945167541503903,59445800.0,0.32,0.3,0.02,6.6667,0.5621526023244062,0.1773623041940374,0.10864072764022234,0,0,0,0
2023-08-30,22.84000015258789,23.13999938964844,22.649999618530273,23.06999969482422,22.14676284790039,36094000.0,0.32,0.3,0.02,6.6667,0.5621526023244062,0.1773623041940374,0.10864072764022234,0,0,0,0
2023-08-31,23.09000015258789,23.329999923706055,23.010000228881836,23.049999237060547,22.1275634765625,36119700.0,0.32,0.3,0.02,6.6667,0.5621526023244062,0.1773623041940374,0.10864072764022234,0,0,0,0
2023-09-01,23.200000762939453,23.329999923706055,22.8700008392334,22.959999084472656,22.041162490844727,27565400.0,0.32,0.3,0.02,6.6667,0.5621526023244062,0.1773623041940374,0.10864072764022234,0,0,0,0
2023-09-05,22.920000076293945,22.979999542236328,22.59000015258789,22.61000061035156,21.705171585083008,28465000.0,0.32,0.3,0.02,6.6667,0.5621526023244062,0.1773623041940374,0.10864072764022234,0,0,0,0
2023-09-06,22.65999984741211,22.709999084472656,22.299999237060547,22.3799991607666,21.484375,24727700.0,0.32,0.3,0.02,6.6667,0.5621526023244062,0.1773623041940374,0.10864072764022234,0,0,0,0
2023-09-07,22.440000534057617,22.579999923706055,20.959999084472656,20.989999771118164,20.150001525878903,102648300.0,0.32,0.3,0.02,6.6667,0.5621526023244062,0.1773623041940374,0.10864072764022234,0,0,0,0
2023-09-08,20.86000061035156,21.43000030517578,20.375,21.299999237060547,20.447595596313477,59635700.0,0.32,0.3,0.02,6.6667,0.5621526023244062,0.1773623041940374,0.10864072764022234,0,0,0,0
2023-09-11,22.1299991607666,22.18000030517578,21.600000381469727,22.06999969482422,21.18678092956543,42830600.0,0.32,0.3,0.02,6.6667,0.5621526023244062,0.1773623041940374,0.10864072764022234,0,0,0,0
2023-09-12,22.079999923706055,22.1200008392334,21.010000228881836,21.059999465942383,20.217199325561523,43697200.0,0.32,0.3,0.02,6.6667,0.5621526023244062,0.1773623041940374,0.10864072764022234,0,0,0,0
2023-09-13,21.09000015258789,21.90999984741211,21.079999923706055,21.600000381469727,20.735591888427734,35434500.0,0.32,0.3,0.02,6.6667,0.5621526023244062,0.1773623041940374,0.10864072764022234,0,0,0,0
2023-09-14,21.829999923706055,21.829999923706055,21.4950008392334,21.739999771118164,20.86998748779297,22195700.0,0.32,0.3,0.02,6.6667,0.5621526023244062,0.1773623041940374,0.10864072764022234,0,0,0,0
2023-09-15,21.719999313354492,21.8700008392334,21.200000762939453,21.219999313354492,20.37079811096191,32263700.0,0.32,0.3,0.02,6.6667,0.5621526023244062,0.1773623041940374,0.10864072764022234,0,0,0,0
2023-09-18,21.350000381469727,21.350000381469727,20.829999923706055,21.079999923706055,20.236398696899418,18035300.0,0.32,0.3,0.02,6.6667,0.5621526023244062,0.1773623041940374,0.10864072764022234,0,0,0,0
2023-09-19,20.90999984741211,21.100000381469727,20.690000534057617,21.059999465942383,20.217199325561523,21142800.0,0.32,0.3,0.02,6.6667,0.5621526023244062,0.1773623041940374,0.10864072764022234,0,0,0,0
2023-09-20,21.25,21.399999618530273,20.8799991607666,20.88999938964844,20.05400276184082,15623200.0,0.32,0.3,0.02,6.6667,0.5621526023244062,0.1773623041940374,0.10864072764022234,0,0,0,0
2023-09-21,20.920000076293945,21.260000228881836,20.709999084472656,20.84000015258789,20.006006240844727,20599600.0,0.32,0.3,0.02,6.6667,0.5621526023244062,0.1773623041940374,0.10864072764022234,0,0,0,0
2023-09-22,20.950000762939453,21.024999618530273,20.5,20.549999237060547,19.727609634399418,14865900.0,0.32,0.3,0.02,6.6667,0.5621526023244062,0.1773623041940374,0.10864072764022234,0,0,0,0
2023-09-25,20.510000228881836,20.850000381469727,20.469999313354492,20.829999923706055,19.99640464782715,16272000.0,0.32,0.3,0.02,6.6667,0.5621526023244062,0.1773623041940374,0.10864072764022234,0,0,0,0
2023-09-26,20.59000015258789,20.850000381469727,20.479999542236328,20.63999938964844,19.81400680541992,23574200.0,0.32,0.3,0.02,6.6667,0.5621526023244062,0.1773623041940374,0.10864072764022234,0,0,0,0
2023-09-27,20.709999084472656,20.799999237060547,20.040000915527344,20.219999313354492,19.410816192626953,25270500.0,0.32,0.3,0.02,6.6667,0.5621526023244062,0.1773623041940374,0.10864072764022234,0,0,0,0
2023-09-28,20.1200008392334,20.280000686645508,19.950000762939453,20.11000061035156,19.305219650268555,32556800.0,0.32,0.3,0.02,6.6667,0.5621526023244062,0.1773623041940374,0.10864072764022234,0,0,0,0
2023-09-29,20.270000457763672,20.325000762939453,20.020000457763672,20.079999923706055,19.27642059326172,27974000.0,0.32,0.3,0.02,6.6667,0.5621526023244062,0.1773623041940374,0.10864072764022234,0,0,0,0
2023-09-30,20.270000457763672,20.325000762939453,20.020000457763672,20.079999923706055,19.27642059326172,27974000.0,0.32,0.3,0.02,6.6667,0.5897771952817824,0.18610747051114024,0.11480996068152031,0,0,0,0
2023-10-02,20.239999771118164,20.479999542236328,20.135000228881836,20.31999969482422,19.506813049316406,25296300.0,0.32,0.3,0.02,6.6667,0.5897771952817824,0.18610747051114024,0.11480996068152031,0,0,0,0
2023-10-03,20.38999938964844,20.59000015258789,19.90999984741211,19.989999771118164,19.190019607543945,24924500.0,0.32,0.3,0.02,6.6667,0.5897771952817824,0.18610747051114024,0.11480996068152031,0,0,0,0
2023-10-04,19.920000076293945,19.989999771118164,19.549999237060547,19.729999542236328,18.9404239654541,19610400.0,0.32,0.3,0.02,6.6667,0.5897771952817824,0.18610747051114024,0.11480996068152031,0,0,0,0
2023-10-05,19.809999465942383,19.905000686645508,19.579999923706055,19.760000228881836,18.969226837158203,18014900.0,0.32,0.3,0.02,6.6667,0.5897771952817824,0.18610747051114024,0.11480996068152031,0,0,0,0
2023-10-06,19.670000076293945,20.260000228881836,19.38999938964844,20.06999969482422,19.266817092895508,25090300.0,0.32,0.3,0.02,6.6667,0.5897771952817824,0.18610747051114024,0.11480996068152031,0,0,0,0
2023-10-09,19.8700008392334,20.125,19.670000076293945,19.8700008392334,19.0748233795166,16032800.0,0.32,0.3,0.02,6.6667,0.5897771952817824,0.18610747051114024,0.11480996068152031,0,0,0,0
2023-10-10,19.920000076293945,20.079999923706055,19.6299991607666,19.690000534057617,18.902027130126953,13937900.0,0.32,0.3,0.02,6.6667,0.5897771952817824,0.18610747051114024,0.11480996068152031,0,0,0,0
2023-10-11,19.829999923706055,19.8799991607666,19.36000061035156,19.56999969482422,18.786828994750977,20414700.0,0.32,0.3,0.02,6.6667,0.5897771952817824,0.18610747051114024,0.11480996068152031,0,0,0,0
2023-10-12,19.600000381469727,19.719999313354492,19.23500061035156,19.31999969482422,18.54683303833008,14461500.0,0.32,0.3,0.02,6.6667,0.5897771952817824,0.18610747051114024,0.11480996068152031,0,0,0,0
2023-10-13,19.3799991607666,19.489999771118164,19.25,19.3700008392334,18.59483337402344,16410700.0,0.32,0.3,0.02,6.6667,0.5897771952817824,0.18610747051114024,0.11480996068152031,0,0,0,0
2023-10-16,19.3700008392334,19.719999313354492,19.094999313354492,19.540000915527344,18.758031845092773,15272000.0,0.32,0.3,0.02,6.6667,0.5897771952817824,0.18610747051114024,0.11480996068152031,0,0,0,0
2023-10-17,19.290000915527344,19.899999618530273,19.010000228881836,19.780000686645508,18.988426208496097,18750100.0,0.32,0.3,0.02,6.6667,0.5897771952817824,0.18610747051114024,0.11480996068152031,0,0,0,0
2023-10-18,19.790000915527344,20.079999923706055,19.690000534057617,20.059999465942383,19.25721740722656,18294200.0,0.32,0.3,0.02,6.6667,0.5897771952817824,0.18610747051114024,0.11480996068152031,0,0,0,0
2023-10-19,20.049999237060547,20.208999633789062,19.81999969482422,19.84000015258789,19.04602432250977,18831500.0,0.32,0.3,0.02,6.6667,0.5897771952817824,0.18610747051114024,0.11480996068152031,0,0,0,0
2023-10-20,19.8700008392334,20.030000686645508,19.719999313354492,19.739999771118164,18.950023651123047,24056500.0,0.32,0.3,0.02,6.6667,0.5897771952817824,0.18610747051114024,0.11480996068152031,0,0,0,0
2023-10-23,19.520000457763672,19.80500030517578,19.424999237060547,19.68000030517578,18.892427444458008,19716500.0,0.32,0.3,0.02,6.6667,0.5897771952817824,0.18610747051114024,0.11480996068152031,0,0,0,0
2023-10-24,19.68000030517578,20.003000259399418,19.649999618530273,19.979999542236328,19.180419921875,21650900.0,0.32,0.3,0.02,6.6667,0.5897771952817824,0.18610747051114024,0.11480996068152031,0,0,0,0
2023-10-25,20.0,20.118999481201172,19.719999313354492,19.729999542236328,18.9404239654541,24711200.0,0.32,0.3,0.02,6.6667,0.5897771952817824,0.18610747051114024,0.11480996068152031,0,0,0,0
2023-10-26,18.850000381469727,19.1299991607666,18.5,18.690000534057617,17.942047119140625,60514900.0,0.31,0.31,0,0,0.5897771952817824,0.18610747051114024,0.11480996068152031,0,0,0,0
2023-10-27,18.604999542236328,18.709999084472656,18.084999084472656,18.209999084472656,17.48125457763672,43215400.0,0.31,0.31,0,0,0.5897771952817824,0.18610747051114024,0.11480996068152031,0,0,0,0
2023-10-30,18.34000015258789,18.875,17.81999969482422,18.63999938964844,17.894046783447266,39398800.0,0.31,0.31,0,0,0.5897771952817824,0.18610747051114024,0.11480996068152031,0,0,0,0
2023-10-31,18.809999465942383,18.8799991607666,18.5,18.600000381469727,17.85564613342285,81622600.0,0.31,0.31,0,0,0.5897771952817824,0.18610747051114024,0.11480996068152031,0,0,0,0
2023-11-01,18.579999923706055,18.899999618530273,18.405000686645508,18.8799991607666,18.12444305419922,20218100.0,0.31,0.31,0,0,0.5897771952817824,0.18610747051114024,0.11480996068152031,0,0,0,0
2023-11-02,19.0,19.2450008392334,18.780000686645508,19.229999542236328,18.46043586730957,15439000.0,0.31,0.31,0,0,0.5897771952817824,0.18610747051114024,0.11480996068152031,0,0,0,0
2023-11-03,19.489999771118164,19.709999084472656,19.299999237060547,19.3700008392334,18.59483337402344,16872900.0,0.31,0.31,0,0,0.5897771952817824,0.18610747051114024,0.11480996068152031,0,0,0,0
2023-11-06,19.459999084472656,19.540000915527344,19.239999771118164,19.350000381469727,18.575634002685547,13242000.0,0.31,0.31,0,0,0.5897771952817824,0.18610747051114024,0.11480996068152031,0,0,0,0
2023-11-07,19.219999313354492,19.61000061035156,19.18600082397461,19.600000381469727,19.012134552001953,12172600.0,0.31,0.31,0,0,0.5897771952817824,0.18610747051114024,0.11480996068152031,0,0,0,0
2023-11-08,19.559999465942383,19.704999923706055,19.11000061035156,19.15999984741211,18.5853328704834,13552100.0,0.31,0.31,0,0,0.5897771952817824,0.18610747051114024,0.11480996068152031,0,0,0,0
2023-11-09,19.280000686645508,19.299999237060547,19.040000915527344,19.219999313354492,18.64353370666504,10423400.0,0.31,0.31,0,0,0.5897771952817824,0.18610747051114024,0.11480996068152031,0,0,0,0
2023-11-10,19.25,19.315000534057617,19.09000015258789,19.149999618530273,18.575634002685547,14475400.0,0.31,0.31,0,0,0.5897771952817824,0.18610747051114024,0.11480996068152031,0,0,0,0
2023-11-13,19.149999618530273,19.190000534057617,18.9950008392334,19.100000381469727,18.52713203430176,14283900.0,0.31,0.31,0,0,0.5897771952817824,0.18610747051114024,0.11480996068152031,0,0,0,0
2023-11-14,19.239999771118164,19.600000381469727,19.1200008392334,19.40999984741211,18.827835083007812,16003900.0,0.31,0.31,0,0,0.5897771952817824,0.18610747051114024,0.11480996068152031,0,0,0,0
2023-11-15,19.59000015258789,19.770000457763672,19.489999771118164,19.600000381469727,19.012134552001953,16026300.0,0.31,0.31,0,0,0.5897771952817824,0.18610747051114024,0.11480996068152031,0,0,0,0
2023-11-16,19.559999465942383,19.63999938964844,19.469999313354492,19.61000061035156,19.021839141845703,12665000.0,0.31,0.31,0,0,0.5897771952817824,0.18610747051114024,0.11480996068152031,0,0,0,0
2023-11-17,19.559999465942383,19.809999465942383,19.479999542236328,19.68000030517578,19.08973693847656,12840900.0,0.31,0.31,0,0,0.5897771952817824,0.18610747051114024,0.11480996068152031,0,0,0,0
2023-11-20,19.709999084472656,19.8799991607666,19.459999084472656,19.75,19.157636642456055,18248800.0,0.31,0.31,0,0,0.5897771952817824,0.18610747051114024,0.11480996068152031,0,0,0,0
2023-11-21,19.739999771118164,20.040000915527344,19.719999313354492,19.899999618530273,19.303136825561523,17662900.0,0.31,0.31,0,0,0.5897771952817824,0.18610747051114024,0.11480996068152031,0,0,0,0
2023-11-22,20.0,20.309999465942383,19.969999313354492,20.040000915527344,19.438940048217773,21322700.0,0.31,0.31,0,0,0.5897771952817824,0.18610747051114024,0.11480996068152031,0,0,0,0
2023-11-24,20.1200008392334,20.4950008392334,20.1200008392334,20.25,19.642641067504883,12663700.0,0.31,0.31,0,0,0.5897771952817824,0.18610747051114024,0.11480996068152031,0,0,0,0
2023-11-27,20.190000534057617,20.270000457763672,20.010000228881836,20.15999984741211,19.555341720581055,32839900.0,0.31,0.31,0,0,0.5897771952817824,0.18610747051114024,0.11480996068152031,0,0,0,0
2023-11-28,20.149999618530273,20.25,20.079999923706055,20.15999984741211,19.555341720581055,19154500.0,0.31,0.31,0,0,0.5897771952817824,0.18610747051114024,0.11480996068152031,0,0,0,0
2023-11-29,20.229999542236328,20.36000061035156,20.059999465942383,20.079999923706055,19.477739334106445,13457500.0,0.31,0.31,0,0,0.5897771952817824,0.18610747051114024,0.11480996068152031,0,0,0,0
2023-11-30,20.219999313354492,20.459999084472656,20.040000915527344,20.440000534057617,19.826942443847656,47302700.0,0.31,0.31,0,0,0.5897771952817824,0.18610747051114024,0.11480996068152031,0,0,0,0
2023-12-01,20.309999465942383,20.790000915527344,20.309999465942383,20.690000534057617,20.06944465637207,17798700.0,0.31,0.31,0,0,0.5897771952817824,0.18610747051114024,0.11480996068152031,0,0,0,0
2023-12-04,20.6200008392334,20.850000381469727,20.5,20.6200008392334,20.001544952392575,22516200.0,0.31,0.31,0,0,0.5897771952817824,0.18610747051114024,0.11480996068152031,0,0,0,0
2023-12-05,20.59000015258789,20.649999618530273,20.15999984741211,20.170000076293945,19.565040588378903,19199000.0,0.31,0.31,0,0,0.5897771952817824,0.18610747051114024,0.11480996068152031,0,0,0,0
2023-12-06,20.219999313354492,20.25,19.219999313354492,19.38999938964844,18.808433532714844,37456400.0,0.31,0.31,0,0,0.5897771952817824,0.18610747051114024,0.11480996068152031,0,0,0,0
2023-12-07,19.59000015258789,21.38800048828125,19.5,20.809999465942383,20.18584442138672,60070800.0,0.31,0.31,0,0,0.5897771952817824,0.18610747051114024,0.11480996068152031,0,0,0,0
2023-12-08,20.8799991607666,21.0,20.600000381469727,20.61000061035156,19.99184226989746,24534800.0,0.31,0.31,0,0,0.5897771952817824,0.18610747051114024,0.11480996068152031,0,0,0,0
2023-12-11,20.5,20.719999313354492,20.299999237060547,20.59000015258789,19.972442626953125,18094900.0,0.31,0.31,0,0,0.5897771952817824,0.18610747051114024,0.11480996068152031,0,0,0,0
2023-12-12,20.65999984741211,20.90999984741211,20.3700008392334,20.75,20.12764549255371,17755000.0,0.31,0.31,0,0,0.5897771952817824,0.18610747051114024,0.11480996068152031,0,0,0,0
2023-12-13,20.84000015258789,21.040000915527344,20.51499938964844,21.040000915527344,20.408946990966797,19393500.0,0.31,0.31,0,0,0.5897771952817824,0.18610747051114024,0.11480996068152031,0,0,0,0
2023-12-14,21.1299991607666,21.260000228881836,20.829999923706055,21.059999465942383,20.4283447265625,19302400.0,0.31,0.31,0,0,0.5897771952817824,0.18610747051114024,0.11480996068152031,0,0,0,0
2023-12-15,20.8700008392334,21.059999465942383,20.780000686645508,20.989999771118164,20.360445022583008,38178500.0,0.31,0.31,0,0,0.5897771952817824,0.18610747051114024,0.11480996068152031,0,0,0,0
2023-12-18,21.100000381469727,21.1299991607666,20.8799991607666,21.010000228881836,20.379844665527344,16832900.0,0.31,0.31,0,0,0.5897771952817824,0.18610747051114024,0.11480996068152031,0,0,0,0
2023-12-19,22.25,22.30500030517578,21.23500061035156,21.469999313354492,20.826047897338867,50883800.0,0.31,0.31,0,0,0.5897771952817824,0.18610747051114024,0.11480996068152031,0,0,0,0
2023-12-20,21.38999938964844,21.68000030517578,20.895000457763672,20.950000762939453,20.32164764404297,24956700.0,0.31,0.31,0,0,0.5897771952817824,0.18610747051114024,0.11480996068152031,0,0,0,0
2023-12-21,21.049999237060547,21.239999771118164,20.920000076293945,21.219999313354492,20.58354759216309,14647200.0,0.31,0.31,0,0,0.5897771952817824,0.18610747051114024,0.11480996068152031,0,0,0,0
2023-12-22,21.25,21.420000076293945,21.209999084472656,21.36000061035156,20.719350814819336,9576800.0,0.31,0.31,0,0,0.5897771952817824,0.18610747051114024,0.11480996068152031,0,0,0,0
2023-12-26,21.25,21.395000457763672,21.135000228881836,21.290000915527344,20.65144920349121,8128600.0,0.31,0.31,0,0,0.5897771952817824,0.18610747051114024,0.11480996068152031,0,0,0,0
2023-12-27,21.270000457763672,21.549999237060547,21.260000228881836,21.549999237060547,20.903650283813477,10852400.0,0.31,0.31,0,0,0.5897771952817824,0.18610747051114024,0.11480996068152031,0,0,0,0
2023-12-28,21.524999618530273,21.649999618530273,21.38999938964844,21.469999313354492,20.826047897338867,8146900.0,0.31,0.31,0,0,0.5897771952817824,0.18610747051114024,0.11480996068152031,0,0,0,0
2023-12-29,21.40999984741211,21.559999465942383,21.329999923706055,21.530000686645508,20.88425064086914,9357100.0,0.31,0.31,0,0,0.5897771952817824,0.18610747051114024,0.11480996068152031,0,0,0,0
2023-12-31,21.40999984741211,21.559999465942383,21.329999923706055,21.530000686645508,20.88425064086914,9357100.0,0.31,0.31,0,0,0.5572831423895254,0.1254773595199127,0.08919803600654665,0,0,0,0
2024-01-02,21.450000762939453,21.854999542236328,21.420000076293945,21.56999969482422,20.923049926757812,35216200.0,0.31,0.31,0,0,0.5572831423895254,0.1254773595199127,0.08919803600654665,0,0,0,0
2024-01-03,21.420000076293945,21.600000381469727,21.184999465942383,21.270000457763672,20.63204765319824,18892500.0,0.31,0.31,0,0,0.5572831423895254,0.1254773595199127,0.08919803600654665,0,0,0,0
2024-01-04,21.290000915527344,21.385000228881836,20.88999938964844,20.899999618530273,20.27314567565918,16729000.0,0.31,0.31,0,0,0.5572831423895254,0.1254773595199127,0.08919803600654665,0,0,0,0
2024-01-05,21.0,21.40999984741211,20.93899917602539,21.350000381469727,20.70965003967285,24853800.0,0.31,0.31,0,0,0.5572831423895254,0.1254773595199127,0.08919803600654665,0,0,0,0
2024-01-08,21.25,21.649999618530273,21.25,21.6299991607666,20.98124885559082,14321000.0,0.31,0.31,0,0,0.5572831423895254,0.1254773595199127,0.08919803600654665,0,0,0,0
2024-01-09,21.520000457763672,21.86000061035156,21.520000457763672,21.850000381469727,21.194652557373047,18106300.0,0.31,0.31,0,0,0.5572831423895254,0.1254773595199127,0.08919803600654665,0,0,0,0
2024-01-10,21.799999237060547,21.899999618530273,21.549999237060547,21.770000457763672,21.11705207824707,17925900.0,0.31,0.31,0,0,0.5572831423895254,0.1254773595199127,0.08919803600654665,0,0,0,0
2024-01-11,21.690000534057617,21.940000534057617,21.459999084472656,21.93000030517578,21.272253036499023,16607600.0,0.31,0.31,0,0,0.5572831423895254,0.1254773595199127,0.08919803600654665,0,0,0,0
2024-01-12,22.0,22.040000915527344,21.440000534057617,21.510000228881836,20.864850997924805,16986400.0,0.31,0.31,0,0,0.5572831423895254,0.1254773595199127,0.08919803600654665,0,0,0,0
2024-01-16,21.43000030517578,21.4950008392334,21.079999923706055,21.229999542236328,20.593246459960938,12962400.0,0.31,0.31,0,0,0.5572831423895254,0.1254773595199127,0.08919803600654665,0,0,0,0
2024-01-17,21.059999465942383,21.2450008392334,20.924999237060547,20.979999542236328,20.350746154785156,14488900.0,0.31,0.31,0,0,0.5572831423895254,0.1254773595199127,0.08919803600654665,0,0,0,0
2024-01-18,20.88999938964844,21.010000228881836,20.729999542236328,20.940000534057617,20.31194496154785,9154600.0,0.31,0.31,0,0,0.5572831423895254,0.1254773595199127,0.08919803600654665,0,0,0,0
2024-01-19,20.950000762939453,20.950000762939453,20.530000686645508,20.709999084472656,20.088842391967773,15841200.0,0.31,0.31,0,0,0.5572831423895254,0.1254773595199127,0.08919803600654665,0,0,0,0
2024-01-22,20.520000457763672,20.690000534057617,20.280000686645508,20.440000534057617,19.826942443847656,20041600.0,0.31,0.31,0,0,0.5572831423895254,0.1254773595199127,0.08919803600654665,0,0,0,0
2024-01-23,20.594999313354492,20.979999542236328,20.559999465942383,20.90999984741211,20.28284454345703,16013200.0,0.31,0.31,0,0,0.5572831423895254,0.1254773595199127,0.08919803600654665,0,0,0,0
2024-01-24,20.8700008392334,20.975000381469727,20.40999984741211,20.43000030517578,19.817243576049805,12345100.0,0.31,0.31,0,0,0.5572831423895254,0.1254773595199127,0.08919803600654665,0,0,0,0
2024-01-25,20.600000381469727,20.790000915527344,20.44099998474121,20.75,20.12764549255371,12613600.0,0.31,0.31,0,0,0.5572831423895254,0.1254773595199127,0.08919803600654665,0,0,0,0
2024-01-26,20.88999938964844,20.989999771118164,20.790000915527344,20.84000015258789,20.21494483947754,14121400.0,0.31,0.31,0,0,0.5572831423895254,0.1254773595199127,0.08919803600654665,0,0,0,0
2024-01-29,20.84000015258789,21.11000061035156,20.81999969482422,21.040000915527344,20.408946990966797,10817100.0,0.31,0.31,0,0,0.5572831423895254,0.1254773595199127,0.08919803600654665,0,0,0,0
2024-01-30,20.950000762939453,20.979999542236328,20.71299934387207,20.8700008392334,20.24404525756836,10593500.0,0.31,0.31,0,0,0.5572831423895254,0.1254773595199127,0.08919803600654665,0,0,0,0
2024-01-31,20.950000762939453,20.959999084472656,20.729999542236328,20.760000228881836,20.13734436035156,13225600.0,0.31,0.31,0,0,0.5572831423895254,0.1254773595199127,0.08919803600654665,0,0,0,0
2024-02-01,20.780000686645508,21.0,20.540000915527344,20.88999938964844,20.263444900512695,11400600.0,0.31,0.31,0,0,0.5572831423895254,0.1254773595199127,0.08919803600654665,0,0,0,0
2024-02-02,20.719999313354492,20.920000076293945,20.6299991607666,20.829999923706055,20.205244064331055,12677200.0,0.31,0.31,0,0,0.5572831423895254,0.1254773595199127,0.08919803600654665,0,0,0,0
2024-02-05,20.75,20.75,20.253000259399418,20.479999542236328,19.86574363708496,12643400.0,0.31,0.31,0,0,0.5572831423895254,0.1254773595199127,0.08919803600654665,0,0,0,0
2024-02-06,20.440000534057617,20.75,20.399999618530273,20.600000381469727,19.98214340209961,13267100.0,0.31,0.31,0,0,0.5572831423895254,0.1254773595199127,0.08919803600654665,0,0,0,0
2024-02-07,20.739999771118164,20.739999771118164,20.40999984741211,20.520000457763672,19.904542922973633,26170300.0,0.31,0.31,0,0,0.5572831423895254,0.1254773595199127,0.08919803600654665,0,0,0,0
2024-02-08,19.850000381469727,20.045000076293945,19.299999237060547,19.329999923706055,18.750232696533203,44119600.0,0.31,0.28,0.03,10.7143,0.5572831423895254,0.1254773595199127,0.08919803600654665,0,0,0,0
2024-02-09,19.200000762939453,19.614999771118164,19.079999923706055,19.329999923706055,18.750232696533203,24589600.0,0.31,0.28,0.03,10.7143,0.5572831423895254,0.1254773595199127,0.08919803600654665,0,0,0,0
2024-02-12,19.469999313354492,19.63999938964844,19.30500030517578,19.59000015258789,19.0024356842041,17750800.0,0.31,0.28,0.03,10.7143,0.5572831423895254,0.1254773595199127,0.08919803600654665,0,0,0,0
2024-02-13,19.399999618530273,19.584999084472656,19.09000015258789,19.25,18.865232467651367,16678500.0,0.31,0.28,0.03,10.7143,0.5572831423895254,0.1254773595199127,0.08919803600654665,0,0,0,0
2024-02-14,19.219999313354492,19.364999771118164,19.010000228881836,19.09000015258789,18.708431243896484,15853000.0,0.31,0.28,0.03,10.7143,0.5572831423895254,0.1254773595199127,0.08919803600654665,0,0,0,0
2024-02-15,19.11000061035156,19.260000228881836,19.0,19.049999237060547,18.66923141479492,18646500.0,0.31,0.28,0.03,10.7143,0.5572831423895254,0.1254773595199127,0.08919803600654665,0,0,0,0
2024-02-16,19.010000228881836,19.100000381469727,18.915000915527344,19.049999237060547,18.66923141479492,16387200.0,0.31,0.28,0.03,10.7143,0.5572831423895254,0.1254773595199127,0.08919803600654665,0,0,0,0
2024-02-20,18.989999771118164,19.1299991607666,18.850000381469727,19.059999465942383,18.67902946472168,15817600.0,0.31,0.28,0.03,10.7143,0.5572831423895254,0.1254773595199127,0.08919803600654665,0,0,0,0
2024-02-21,19.100000381469727,19.334999084472656,18.899999618530273,19.299999237060547,18.914234161376953,12660700.0,0.31,0.28,0.03,10.7143,0.5572831423895254,0.1254773595199127,0.08919803600654665,0,0,0,0
2024-02-22,19.260000228881836,19.31999969482422,18.950000762939453,19.190000534057617,18.806434631347656,11359000.0,0.31,0.28,0.03,10.7143,0.5572831423895254,0.1254773595199127,0.08919803600654665,0,0,0,0
2024-02-23,19.149999618530273,19.325000762939453,19.049999237060547,19.18000030517578,18.796632766723633,13774600.0,0.31,0.28,0.03,10.7143,0.5572831423895254,0.1254773595199127,0.08919803600654665,0,0,0,0
2024-02-26,19.13999938964844,19.142000198364254,18.84000015258789,18.940000534057617,18.561431884765625,17420200.0,0.31,0.28,0.03,10.7143,0.5572831423895254,0.1254773595199127,0.08919803600654665,0,0,0,0
2024-02-27,18.90999984741211,18.969999313354492,18.719999313354492,18.920000076293945,18.541828155517575,15954200.0,0.31,0.28,0.03,10.7143,0.5572831423895254,0.1254773595199127,0.08919803600654665,0,0,0,0
2024-02-28,18.93000030517578,19.170000076293945,18.709999084472656,19.13999938964844,18.75743103027344,16447700.0,0.31,0.28,0.03,10.7143,0.5572831423895254,0.1254773595199127,0.08919803600654665,0,0,0,0
2024-02-29,19.15999984741211,19.26499938964844,18.899999618530273,19.0,18.620229721069336,19298500.0,0.31,0.28,0.03,10.7143,0.5572831423895254,0.1254773595199127,0.08919803600654665,0,0,0,0
2024-03-01,18.81999969482422,18.940000534057617,18.690000534057617,18.81999969482422,18.443828582763672,14047900.0,0.31,0.28,0.03,10.7143,0.5572831423895254,0.1254773595199127,0.08919803600654665,0,0,0,0
2024-03-04,18.760000228881836,19.079999923706055,18.61000061035156,18.959999084472656,18.581029891967773,18745500.0,0.31,0.28,0.03,10.7143,0.5572831423895254,0.1254773595199127,0.08919803600654665,0,0,0,0
2024-03-05,18.90999984741211,19.200000762939453,18.829999923706055,19.010000228881836,18.63003158569336,19216100.0,0.31,0.28,0.03,10.7143,0.5572831423895254,0.1254773595199127,0.08919803600654665,0,0,0,0
2024-03-06,19.0,19.760000228881836,18.989999771118164,19.579999923706055,19.188636779785156,17447900.0,0.31,0.28,0.03,10.7143,0.5572831423895254,0.1254773595199127,0.08919803600654665,0,0,0,0
2024-03-07,19.690000534057617,20.229999542236328,19.665000915527344,19.799999237060547,19.404239654541016,22510900.0,0.31,0.28,0.03,10.7143,0.5572831423895254,0.1254773595199127,0.08919803600654665,0,0,0,0
2024-03-08,19.690000534057617,20.1299991607666,19.670000076293945,20.020000457763672,19.619842529296875,11932400.0,0.31,0.28,0.03,10.7143,0.5572831423895254,0.1254773595199127,0.08919803600654665,0,0,0,0
2024-03-11,20.059999465942383,20.34000015258789,20.020000457763672,20.149999618530273,19.74724578857422,12106400.0,0.31,0.28,0.03,10.7143,0.5572831423895254,0.1254773595199127,0.08919803600654665,0,0,0,0
2024-03-12,20.190000534057617,20.388999938964844,20.1200008392334,20.13999938964844,19.737443923950195,12156700.0,0.31,0.28,0.03,10.7143,0.5572831423895254,0.1254773595199127,0.08919803600654665,0,0,0,0
2024-03-13,20.200000762939453,20.549999237060547,20.200000762939453,20.40999984741211,20.00204849243164,23717400.0,0.31,0.28,0.03,10.7143,0.5572831423895254,0.1254773595199127,0.08919803600654665,0,0,0,0
2024-03-14,20.260000228881836,20.3700008392334,19.915000915527344,20.06999969482422,19.668842315673828,18494000.0,0.31,0.28,0.03,10.7143,0.5572831423895254,0.1254773595199127,0.08919803600654665,0,0,0,0
2024-03-15,19.799999237060547,20.415000915527344,19.799999237060547,20.34000015258789,19.933448791503903,68561900.0,0.31,0.28,0.03,10.7143,0.5572831423895254,0.1254773595199127,0.08919803600654665,0,0,0,0
2024-03-18,20.11000061035156,20.3799991607666,19.969999313354492,20.200000762939453,19.796247482299805,18907400.0,0.31,0.28,0.03,10.7143,0.5572831423895254,0.1254773595199127,0.08919803600654665,0,0,0,0
2024-03-19,20.34000015258789,20.399999618530273,20.100000381469727,20.200000762939453,19.796247482299805,18217300.0,0.31,0.28,0.03,10.7143,0.5572831423895254,0.1254773595199127,0.08919803600654665,0,0,0,0
2024-03-20,20.15999984741211,20.415000915527344,20.075000762939453,20.40999984741211,20.00204849243164,13173300.0,0.31,0.28,0.03,10.7143,0.5572831423895254,0.1254773595199127,0.08919803600654665,0,0,0,0
2024-03-21,20.420000076293945,20.920000076293945,20.420000076293945,20.709999084472656,20.296051025390625,18323600.0,0.31,0.28,0.03,10.7143,0.5572831423895254,0.1254773595199127,0.08919803600654665,0,0,0,0
2024-03-22,20.780000686645508,20.8700008392334,20.540000915527344,20.600000381469727,20.188249588012695,10408800.0,0.31,0.28,0.03,10.7143,0.5572831423895254,0.1254773595199127,0.08919803600654665,0,0,0,0
2024-03-25,20.709999084472656,20.905000686645508,20.565000534057617,20.649999618530273,20.23724937438965,11924700.0,0.31,0.28,0.03,10.7143,0.5572831423895254,0.1254773595199127,0.08919803600654665,0,0,0,0
2024-03-26,20.719999313354492,21.020000457763672,20.63999938964844,20.93000030517578,20.511653900146484,14484300.0,0.31,0.28,0.03,10.7143,0.5572831423895254,0.1254773595199127,0.08919803600654665,0,0,0,0
2024-03-27,21.010000228881836,21.459999084472656,20.979999542236328,21.450000762939453,21.02126121520996,13286700.0,0.31,0.28,0.03,10.7143,0.5572831423895254,0.1254773595199127,0.08919803600654665,0,0,0,0
2024-03-28,21.579999923706055,21.579999923706055,21.36000061035156,21.459999084472656,21.03105926513672,14405400.0,0.31,0.28,0.03,10.7143,0.5572831423895254,0.1254773595199127,0.08919803600654665,0,0,0,0
2024-03-31,21.579999923706055,21.579999923706055,21.36000061035156,21.459999084472656,21.03105926513672,14405400.0,0.31,0.28,0.03,10.7143,0.5901553040273756,0.14477494077388786,0.07791524085285602,0,0,0,0
2024-04-01,21.440000534057617,21.479999542236328,21.11000061035156,21.229999542236328,20.80565643310547,10457500.0,0.31,0.28,0.03,10.7143,0.5901553040273756,0.14477494077388786,0.07791524085285602,0,0,0,0
2024-04-02,21.25,21.299999237060547,20.799999237060547,20.81999969482422,20.403852462768555,15495100.0,0.31,0.28,0.03,10.7143,0.5901553040273756,0.14477494077388786,0.07791524085285602,0,0,0,0
2024-04-03,20.75,20.780000686645508,20.229999542236328,20.34000015258789,19.933448791503903,15066200.0,0.31,0.28,0.03,10.7143,0.5901553040273756,0.14477494077388786,0.07791524085285602,0,0,0,0
2024-04-04,20.510000228881836,20.579999923706055,20.149999618530273,20.170000076293945,19.766845703125,12183400.0,0.31,0.28,0.03,10.7143,0.5901553040273756,0.14477494077388786,0.07791524085285602,0,0,0,0
2024-04-05,20.1200008392334,20.309999465942383,20.049999237060547,20.25,19.845245361328125,11313100.0,0.31,0.28,0.03,10.7143,0.5901553040273756,0.14477494077388786,0.07791524085285602,0,0,0,0
2024-04-08,20.25,20.260000228881836,20.049999237060547,20.059999465942383,19.65904426574707,9262800.0,0.31,0.28,0.03,10.7143,0.5901553040273756,0.14477494077388786,0.07791524085285602,0,0,0,0
2024-04-09,20.09000015258789,20.450000762939453,19.989999771118164,20.350000381469727,19.943246841430664,10106700.0,0.31,0.28,0.03,10.7143,0.5901553040273756,0.14477494077388786,0.07791524085285602,0,0,0,0
2024-04-10,20.13999938964844,20.290000915527344,20.010000228881836,20.239999771118164,19.835445404052734,11808100.0,0.31,0.28,0.03,10.7143,0.5901553040273756,0.14477494077388786,0.07791524085285602,0,0,0,0
2024-04-11,19.959999084472656,19.979999542236328,19.350000381469727,19.450000762939453,19.06123733520508,25410000.0,0.31,0.28,0.03,10.7143,0.5901553040273756,0.14477494077388786,0.07791524085285602,0,0,0,0
2024-04-12,19.440000534057617,19.540000915527344,19.114999771118164,19.1299991607666,18.747631072998047,9414800.0,0.31,0.28,0.03,10.7143,0.5901553040273756,0.14477494077388786,0.07791524085285602,0,0,0,0
2024-04-15,19.299999237060547,19.350000381469727,19.010000228881836,19.1299991607666,18.747631072998047,13423300.0,0.31,0.28,0.03,10.7143,0.5901553040273756,0.14477494077388786,0.07791524085285602,0,0,0,0
2024-04-16,19.079999923706055,19.170000076293945,18.850000381469727,19.11000061035156,18.728031158447266,20306600.0,0.31,0.28,0.03,10.7143,0.5901553040273756,0.14477494077388786,0.07791524085285602,0,0,0,0
2024-04-17,19.329999923706055,19.350000381469727,19.049999237060547,19.270000457763672,18.88483428955078,10022900.0,0.31,0.28,0.03,10.7143,0.5901553040273756,0.14477494077388786,0.07791524085285602,0,0,0,0
2024-04-18,19.3700008392334,19.61000061035156,19.260000228881836,19.579999923706055,19.188636779785156,11215700.0,0.31,0.28,0.03,10.7143,0.5901553040273756,0.14477494077388786,0.07791524085285602,0,0,0,0
2024-04-19,19.489999771118164,19.690000534057617,19.385000228881836,19.579999923706055,19.188636779785156,9506100.0,0.31,0.28,0.03,10.7143,0.5901553040273756,0.14477494077388786,0.07791524085285602,0,0,0,0
2024-04-22,19.579999923706055,19.709999084472656,19.18000030517578,19.579999923706055,19.188636779785156,17453800.0,0.31,0.28,0.03,10.7143,0.5901553040273756,0.14477494077388786,0.07791524085285602,0,0,0,0
2024-04-23,19.600000381469727,19.71500015258789,19.26499938964844,19.3700008392334,18.98283576965332,19765100.0,0.31,0.28,0.03,10.7143,0.5901553040273756,0.14477494077388786,0.07791524085285602,0,0,0,0
2024-04-24,19.270000457763672,19.350000381469727,19.104999542236328,19.1299991607666,18.747631072998047,22713800.0,0.31,0.28,0.03,10.7143,0.5901553040273756,0.14477494077388786,0.07791524085285602,0,0,0,0
2024-04-25,19.219999313354492,19.295000076293945,18.989999771118164,19.020000457763672,18.63983154296875,14246300.0,0.31,0.28,0.03,10.7143,0.5901553040273756,0.14477494077388786,0.07791524085285602,0,0,0,0
2024-04-26,19.0,19.079999923706055,18.834999084472656,18.86000061035156,18.483030319213867,15454700.0,0.31,0.28,0.03,10.7143,0.5901553040273756,0.14477494077388786,0.07791524085285602,0,0,0,0
2024-04-29,18.850000381469727,19.075000762939453,18.774999618530273,19.059999465942383,18.67902946472168,13240500.0,0.31,0.28,0.03,10.7143,0.5901553040273756,0.14477494077388786,0.07791524085285602,0,0,0,0
2024-04-30,18.90999984741211,19.059999465942383,18.739999771118164,18.81999969482422,18.443828582763672,26872700.0,0.31,0.28,0.03,10.7143,0.5901553040273756,0.14477494077388786,0.07791524085285602,0,0,0,0
2024-05-01,18.88999938964844,19.010000228881836,18.63999938964844,18.850000381469727,18.473228454589844,12771100.0,0.31,0.28,0.03,10.7143,0.5901553040273756,0.14477494077388786,0.07791524085285602,0,0,0,0
2024-05-02,18.940000534057617,19.260000228881836,18.940000534057617,19.1200008392334,18.73783302307129,22724700.0,0.31,0.28,0.03,10.7143,0.5901553040273756,0.14477494077388786,0.07791524085285602,0,0,0,0
2024-05-03,19.09000015258789,19.350000381469727,19.075000762939453,19.200000762939453,18.816232681274418,15941000.0,0.31,0.28,0.03,10.7143,0.5901553040273756,0.14477494077388786,0.07791524085285602,0,0,0,0
2024-05-06,19.31999969482422,19.3799991607666,18.934999465942383,19.079999923706055,18.698633193969727,26549600.0,0.31,0.28,0.03,10.7143,0.5901553040273756,0.14477494077388786,0.07791524085285602,0,0,0,0
2024-05-07,19.450000762939453,20.229999542236328,19.450000762939453,20.079999923706055,19.887104034423828,30039600.0,0.28,0.26,0.02,7.6923,0.5901553040273756,0.14477494077388786,0.07791524085285602,0,0,0,0
2024-05-08,20.079999923706055,20.68000030517578,19.989999771118164,20.450000762939453,20.253551483154297,24428800.0,0.28,0.26,0.02,7.6923,0.5901553040273756,0.14477494077388786,0.07791524085285602,0,0,0,0
2024-05-09,20.510000228881836,20.61000061035156,20.364999771118164,20.540000915527344,20.34268569946289,14394600.0,0.28,0.26,0.02,7.6923,0.5901553040273756,0.14477494077388786,0.07791524085285602,0,0,0,0
2024-05-10,20.59000015258789,20.614999771118164,20.329999923706055,20.540000915527344,20.34268569946289,15019500.0,0.28,0.26,0.02,7.6923,0.5901553040273756,0.14477494077388786,0.07791524085285602,0,0,0,0
2024-05-13,20.299999237060547,20.78499984741211,20.170000076293945,20.36000061035156,20.16441535949707,20853100.0,0.28,0.26,0.02,7.6923,0.5901553040273756,0.14477494077388786,0.07791524085285602,0,0,0,0
2024-05-14,20.5,20.950000762939453,20.38999938964844,20.6299991607666,20.431819915771484,21289500.0,0.28,0.26,0.02,7.6923,0.5901553040273756,0.14477494077388786,0.07791524085285602,0,0,0,0
2024-05-15,20.200000762939453,20.7450008392334,20.1200008392334,20.540000915527344,20.34268569946289,97658200.0,0.28,0.26,0.02,7.6923,0.5901553040273756,0.14477494077388786,0.07791524085285602,0,0,0,0
2024-05-16,20.649999618530273,20.94499969482422,20.51499938964844,20.600000381469727,20.402109146118164,71519400.0,0.28,0.26,0.02,7.6923,0.5901553040273756,0.14477494077388786,0.07791524085285602,0,0,0,0
2024-05-17,20.719999313354492,20.739999771118164,20.3799991607666,20.469999313354492,20.273357391357425,31071000.0,0.28,0.26,0.02,7.6923,0.5901553040273756,0.14477494077388786,0.07791524085285602,0,0,0,0
2024-05-20,20.5,20.549999237060547,19.8799991607666,19.899999618530273,19.708833694458008,24636700.0,0.28,0.26,0.02,7.6923,0.5901553040273756,0.14477494077388786,0.07791524085285602,0,0,0,0
2024-05-21,19.93000030517578,20.100000381469727,19.670000076293945,19.969999313354492,19.778160095214844,27778900.0,0.28,0.26,0.02,7.6923,0.5901553040273756,0.14477494077388786,0.07791524085285602,0,0,0,0
2024-05-22,19.8799991607666,20.1299991607666,19.80500030517578,19.8799991607666,19.689023971557617,15202600.0,0.28,0.26,0.02,7.6923,0.5901553040273756,0.14477494077388786,0.07791524085285602,0,0,0,0
2024-05-23,19.86000061035156,19.899999618530273,19.3799991607666,19.440000534057617,19.253252029418945,16089700.0,0.28,0.26,0.02,7.6923,0.5901553040273756,0.14477494077388786,0.07791524085285602,0,0,0,0
2024-05-24,19.469999313354492,19.549999237060547,19.135000228881836,19.350000381469727,19.16411781311035,24363700.0,0.28,0.26,0.02,7.6923,0.5901553040273756,0.14477494077388786,0.07791524085285602,0,0,0,0
2024-05-28,19.209999084472656,19.40999984741211,19.100000381469727,19.25,19.06507682800293,16231100.0,0.28,0.26,0.02,7.6923,0.5901553040273756,0.14477494077388786,0.07791524085285602,0,0,0,0
2024-05-29,19.059999465942383,19.18000030517578,18.850000381469727,18.8700008392334,18.68872833251953,13001900.0,0.28,0.26,0.02,7.6923,0.5901553040273756,0.14477494077388786,0.07791524085285602,0,0,0,0
2024-05-30,18.8700008392334,19.1200008392334,18.84000015258789,18.989999771118164,18.80757522583008,17340100.0,0.28,0.26,0.02,7.6923,0.5901553040273756,0.14477494077388786,0.07791524085285602,0,0,0,0
2024-05-31,19.010000228881836,19.34000015258789,18.8700008392334,19.299999237060547,19.11459732055664,31659300.0,0.28,0.26,0.02,7.6923,0.5901553040273756,0.14477494077388786,0.07791524085285602,0,0,0,0
2024-06-03,19.13999938964844,19.469999313354492,19.1200008392334,19.239999771118164,19.055173873901367,15902600.0,0.28,0.26,0.02,7.6923,0.5901553040273756,0.14477494077388786,0.07791524085285602,0,0,0,0
2024-06-04,19.260000228881836,19.260000228881836,18.915000915527344,19.149999618530273,18.96603775024414,18523500.0,0.28,0.26,0.02,7.6923,0.5901553040273756,0.14477494077388786,0.07791524085285602,0,0,0,0
2024-06-05,19.06999969482422,19.18000030517578,18.81999969482422,18.989999771118164,18.80757522583008,20674500.0,0.28,0.26,0.02,7.6923,0.5901553040273756,0.14477494077388786,0.07791524085285602,0,0,0,0
2024-06-06,18.850000381469727,18.979999542236328,18.520000457763672,18.6299991607666,18.451032638549805,27907800.0,0.28,0.26,0.02,7.6923,0.5901553040273756,0.14477494077388786,0.07791524085285602,0,0,0,0
2024-06-07,18.68000030517578,18.760000228881836,18.3700008392334,18.38999938964844,18.21333885192871,17923400.0,0.28,0.26,0.02,7.6923,0.5901553040273756,0.14477494077388786,0.07791524085285602,0,0,0,0
2024-06-10,18.280000686645508,18.40999984741211,18.084999084472656,18.290000915527344,18.11429977416992,16438100.0,0.28,0.26,0.02,7.6923,0.5901553040273756,0.14477494077388786,0.07791524085285602,0,0,0,0
2024-06-11,18.209999084472656,18.479999542236328,18.09000015258789,18.469999313354492,18.292570114135746,23197400.0,0.28,0.26,0.02,7.6923,0.5901553040273756,0.14477494077388786,0.07791524085285602,0,0,0,0
2024-06-12,18.5,18.600000381469727,17.899999618530273,17.959999084472656,17.78746795654297,19717800.0,0.28,0.26,0.02,7.6923,0.5901553040273756,0.14477494077388786,0.07791524085285602,0,0,0,0
2024-06-13,18.0,18.15999984741211,17.83300018310547,18.030000686645508,17.85679817199707,14768100.0,0.28,0.26,0.02,7.6923,0.5901553040273756,0.14477494077388786,0.07791524085285602,0,0,0,0
2024-06-14,17.889999389648438,18.079999923706055,17.75,18.06999969482422,17.896411895751953,15356100.0,0.28,0.26,0.02,7.6923,0.5901553040273756,0.14477494077388786,0.07791524085285602,0,0,0,0
2024-06-17,17.959999084472656,18.81999969482422,17.959999084472656,18.790000915527344,18.6094970703125,20146700.0,0.28,0.26,0.02,7.6923,0.5901553040273756,0.14477494077388786,0.07791524085285602,0,0,0,0
2024-06-18,18.780000686645508,18.885000228881836,18.399999618530273,18.520000457763672,18.342090606689453,21747100.0,0.28,0.26,0.02,7.6923,0.5901553040273756,0.14477494077388786,0.07791524085285602,0,0,0,0
2024-06-20,18.649999618530273,18.86000061035156,18.549999237060547,18.84000015258789,18.659015655517575,24977100.0,0.28,0.26,0.02,7.6923,0.5901553040273756,0.14477494077388786,0.07791524085285602,0,0,0,0
2024-06-21,18.90999984741211,18.989999771118164,18.399999618530273,18.530000686645508,18.35199546813965,63342100.0,0.28,0.26,0.02,7.6923,0.5901553040273756,0.14477494077388786,0.07791524085285602,0,0,0,0
2024-06-24,18.81999969482422,18.979999542236328,18.684999465942383,18.899999618530273,18.71843910217285,19862800.0,0.28,0.26,0.02,7.6923,0.5901553040273756,0.14477494077388786,0.07791524085285602,0,0,0,0
2024-06-25,18.780000686645508,18.8700008392334,18.520000457763672,18.649999618530273,18.47084045410156,15265400.0,0.28,0.26,0.02,7.6923,0.5901553040273756,0.14477494077388786,0.07791524085285602,0,0,0,0
2024-06-26,18.5,18.61000061035156,18.260000228881836,18.59000015258789,18.41141700744629,16542100.0,0.28,0.26,0.02,7.6923,0.5901553040273756,0.14477494077388786,0.07791524085285602,0,0,0,0
2024-06-27,18.559999465942383,18.6200008392334,18.329999923706055,18.420000076293945,18.243051528930664,18657600.0,0.28,0.26,0.02,7.6923,0.5901553040273756,0.14477494077388786,0.07791524085285602,0,0,0,0
2024-06-28,18.43000030517578,18.59000015258789,18.040000915527344,18.18000030517578,18.005355834960938,57323300.0,0.28,0.26,0.02,7.6923,0.5901553040273756,0.14477494077388786,0.07791524085285602,0,0,0,0
2024-06-30,18.43000030517578,18.59000015258789,18.040000915527344,18.18000030517578,18.005355834960938,57323300.0,0.28,0.26,0.02,7.6923,0.5891878425510713,0.038365719980069754,0.014449427005480818,0,0,0,0
2024-07-01,18.229999542236328,18.395000457763672,17.885000228881836,17.950000762939453,17.77756690979004,21089800.0,0.28,0.26,0.02,7.6923,0.5891878425510713,0.038365719980069754,0.014449427005480818,0,0,0,0
2024-07-02,18.010000228881836,18.260000228881836,17.989999771118164,18.239999771118164,18.06477928161621,14781800.0,0.28,0.26,0.02,7.6923,0.5891878425510713,0.038365719980069754,0.014449427005480818,0,0,0,0
2024-07-03,18.3799991607666,18.415000915527344,18.200000762939453,18.309999465942383,18.13410758972168,5859500.0,0.28,0.26,0.02,7.6923,0.5891878425510713,0.038365719980069754,0.014449427005480818,0,0,0,0
2024-07-05,18.280000686645508,18.31999969482422,18.13999938964844,18.309999465942383,18.13410758972168,12172600.0,0.28,0.26,0.02,7.6923,0.5891878425510713,0.038365719980069754,0.014449427005480818,0,0,0,0
2024-07-08,18.290000915527344,18.290000915527344,18.0,18.25,18.074684143066406,15968400.0,0.28,0.26,0.02,7.6923,0.5891878425510713,0.038365719980069754,0.014449427005480818,0,0,0,0
2024-07-09,18.260000228881836,18.299999237060547,17.975000381469727,18.219999313354492,18.044971466064453,12147200.0,0.28,0.26,0.02,7.6923,0.5891878425510713,0.038365719980069754,0.014449427005480818,0,0,0,0
2024-07-10,18.13999938964844,18.239999771118164,17.674999237060547,17.700000762939453,17.52996826171875,24692600.0,0.28,0.26,0.02,7.6923,0.5891878425510713,0.038365719980069754,0.014449427005480818,0,0,0,0
2024-07-11,17.770000457763672,17.940000534057617,17.670000076293945,17.920000076293945,17.747854232788086,35772200.0,0.28,0.26,0.02,7.6923,0.5891878425510713,0.038365719980069754,0.014449427005480818,0,0,0,0
2024-07-12,18.11000061035156,18.40999984741211,17.959999084472656,18.34000015258789,18.163820266723633,12523500.0,0.28,0.26,0.02,7.6923,0.5891878425510713,0.038365719980069754,0.014449427005480818,0,0,0,0
2024-07-15,18.34000015258789,18.38999938964844,18.09000015258789,18.11000061035156,17.9360294342041,14171600.0,0.28,0.26,0.02,7.6923,0.5891878425510713,0.038365719980069754,0.014449427005480818,0,0,0,0
2024-07-16,18.049999237060547,18.36000061035156,18.0049991607666,18.25,18.074684143066406,15408300.0,0.28,0.26,0.02,7.6923,0.5891878425510713,0.038365719980069754,0.014449427005480818,0,0,0,0
2024-07-17,18.270000457763672,18.770000457763672,18.270000457763672,18.440000534057617,18.262859344482425,17834900.0,0.28,0.26,0.02,7.6923,0.5891878425510713,0.038365719980069754,0.014449427005480818,0,0,0,0
2024-07-18,18.450000762939453,18.75,18.309999465942383,18.31999969482422,18.14401054382324,14131000.0,0.28,0.26,0.02,7.6923,0.5891878425510713,0.038365719980069754,0.014449427005480818,0,0,0,0
2024-07-19,18.459999084472656,18.489999771118164,18.155000686645508,18.25,18.074684143066406,15412400.0,0.28,0.26,0.02,7.6923,0.5891878425510713,0.038365719980069754,0.014449427005480818,0,0,0,0
2024-07-22,18.209999084472656,18.270000457763672,18.0,18.229999542236328,18.05487632751465,15788700.0,0.28,0.26,0.02,7.6923,0.5891878425510713,0.038365719980069754,0.014449427005480818,0,0,0,0
2024-07-23,18.09000015258789,18.229999542236328,17.90999984741211,17.93000030517578,17.75775909423828,12491000.0,0.28,0.26,0.02,7.6923,0.5891878425510713,0.038365719980069754,0.014449427005480818,0,0,0,0
2024-07-24,17.920000076293945,18.25,17.850000381469727,18.170000076293945,17.995452880859375,9390800.0,0.28,0.26,0.02,7.6923,0.5891878425510713,0.038365719980069754,0.014449427005480818,0,0,0,0
2024-07-25,18.329999923706055,18.709999084472656,18.239999771118164,18.25,18.074684143066406,11082200.0,0.28,0.26,0.02,7.6923,0.5891878425510713,0.038365719980069754,0.014449427005480818,0,0,0,0
2024-07-26,18.3700008392334,18.78499984741211,18.309999465942383,18.690000534057617,18.51045799255371,11484600.0,0.28,0.26,0.02,7.6923,0.5891878425510713,0.038365719980069754,0.014449427005480818,0,0,0,0
2024-07-29,18.649999618530273,18.899999618530273,18.520000457763672,18.799999237060547,18.619400024414062,12564800.0,0.28,0.26,0.02,7.6923,0.5891878425510713,0.038365719980069754,0.014449427005480818,0,0,0,0
2024-07-30,18.520000457763672,18.809999465942383,18.30500030517578,18.75,18.569881439208984,12381300.0,0.28,0.26,0.02,7.6923,0.5891878425510713,0.038365719980069754,0.014449427005480818,0,0,0,0
2024-07-31,18.670000076293945,18.760000228881836,18.36000061035156,18.489999771118164,18.3123779296875,42056200.0,0.28,0.26,0.02,7.6923,0.5891878425510713,0.038365719980069754,0.014449427005480818,0,0,0,0
2024-08-01,18.670000076293945,18.700000762939453,18.38999938964844,18.6299991607666,18.451032638549805,12817600.0,0.28,0.26,0.02,7.6923,0.5891878425510713,0.038365719980069754,0.014449427005480818,0,0,0,0
2024-08-02,18.649999618530273,18.84000015258789,18.420000076293945,18.81999969482422,18.63920783996582,17688600.0,0.28,0.26,0.02,7.6923,0.5891878425510713,0.038365719980069754,0.014449427005480818,0,0,0,0
2024-08-05,18.709999084472656,18.8700008392334,18.104999542236328,18.190000534057617,18.015260696411133,21724900.0,0.28,0.26,0.02,7.6923,0.5891878425510713,0.038365719980069754,0.014449427005480818,0,0,0,0
2024-08-06,20.149999618530273,20.920000076293945,19.910999298095703,20.86000061035156,20.65961265563965,44403600.0,0.32,0.28,0.04,14.2857,0.5891878425510713,0.038365719980069754,0.014449427005480818,0,0,0,0
2024-08-07,20.690000534057617,21.049999237060547,20.450000762939453,20.6200008392334,20.42191696166992,24344700.0,0.32,0.28,0.04,14.2857,0.5891878425510713,0.038365719980069754,0.014449427005480818,0,0,0,0
2024-08-08,20.56999969482422,21.364999771118164,20.40999984741211,21.25,21.04586410522461,21849700.0,0.32,0.28,0.04,14.2857,0.5891878425510713,0.038365719980069754,0.014449427005480818,0,0,0,0
2024-08-09,21.200000762939453,21.23500061035156,20.915000915527344,21.020000457763672,20.81807518005371,20636700.0,0.32,0.28,0.04,14.2857,0.5891878425510713,0.038365719980069754,0.014449427005480818,0,0,0,0
2024-08-12,21.079999923706055,21.155000686645508,20.84000015258789,21.09000015258789,20.887401580810547,17481100.0,0.32,0.28,0.04,14.2857,0.5891878425510713,0.038365719980069754,0.014449427005480818,0,0,0,0
2024-08-13,21.13999938964844,21.489999771118164,21.1200008392334,21.34000015258789,21.135000228881836,16625400.0,0.32,0.28,0.04,14.2857,0.5891878425510713,0.038365719980069754,0.014449427005480818,0,0,0,0
2024-08-14,21.15999984741211,21.469999313354492,21.1200008392334,21.18000030517578,21.18000030517578,16462400.0,0.32,0.28,0.04,14.2857,0.5891878425510713,0.038365719980069754,0.014449427005480818,0,0,0,0
2024-08-15,21.190000534057617,21.6200008392334,21.18000030517578,21.56999969482422,21.56999969482422,10727900.0,0.32,0.28,0.04,14.2857,0.5891878425510713,0.038365719980069754,0.014449427005480818,0,0,0,0
2024-08-16,21.440000534057617,21.709999084472656,21.36000061035156,21.670000076293945,21.670000076293945,11269800.0,0.32,0.28,0.04,14.2857,0.5891878425510713,0.038365719980069754,0.014449427005480818,0,0,0,0
2024-08-19,21.729999542236328,21.920000076293945,21.6299991607666,21.63999938964844,21.63999938964844,10019600.0,0.32,0.28,0.04,14.2857,0.5891878425510713,0.038365719980069754,0.014449427005480818,0,0,0,0
2024-08-20,21.63999938964844,21.709999084472656,21.395000457763672,21.549999237060547,21.549999237060547,11291400.0,0.32,0.28,0.04,14.2857,0.5891878425510713,0.038365719980069754,0.014449427005480818,0,0,0,0
2024-08-21,21.649999618530273,21.850000381469727,21.56999969482422,21.690000534057617,21.690000534057617,8446800.0,0.32,0.28,0.04,14.2857,0.5891878425510713,0.038365719980069754,0.014449427005480818,0,0,0,0
2024-08-22,21.690000534057617,21.76499938964844,21.229999542236328,21.559999465942383,21.559999465942383,12239500.0,0.32,0.28,0.04,14.2857,0.5891878425510713,0.038365719980069754,0.014449427005480818,0,0,0,0
2024-08-23,21.61000061035156,21.905000686645508,21.600000381469727,21.81999969482422,21.81999969482422,6785500.0,0.32,0.28,0.04,14.2857,0.5891878425510713,0.038365719980069754,0.014449427005480818,0,0,0,0
2024-08-26,21.86000061035156,22.05500030517578,21.80500030517578,21.959999084472656,21.959999084472656,9431500.0,0.32,0.28,0.04,14.2857,0.5891878425510713,0.038365719980069754,0.014449427005480818,0,0,0,0
2024-08-27,22.0,22.09000015258789,21.739999771118164,21.920000076293945,21.920000076293945,10096300.0,0.32,0.28,0.04,14.2857,0.5891878425510713,0.038365719980069754,0.014449427005480818,0,0,0,0
2024-08-28,21.950000762939453,21.957000732421875,21.59000015258789,21.719999313354492,21.719999313354492,7896100.0,0.32,0.28,0.04,14.2857,0.5891878425510713,0.038365719980069754,0.014449427005480818,0,0,0,0
2024-08-29,21.809999465942383,21.93000030517578,21.530000686645508,21.75,21.75,12053500.0,0.32,0.28,0.04,14.2857,0.5891878425510713,0.038365719980069754,0.014449427005480818,0,0,0,0
2024-08-30,21.829999923706055,21.954999923706055,21.719999313354492,21.950000762939453,21.950000762939453,14008500.0,0.32,0.28,0.04,14.2857,0.5891878425510713,0.038365719980069754,0.014449427005480818,0,0,0,0
2024-09-03,21.75,22.239999771118164,21.649999618530273,22.100000381469727,22.100000381469727,13879900.0,0.32,0.28,0.04,14.2857,0.5891878425510713,0.038365719980069754,0.014449427005480818,0,0,0,0
2024-09-04,22.040000915527344,22.6299991607666,22.0,22.510000228881836,22.510000228881836,22620800.0,0.32,0.28,0.04,14.2857,0.5891878425510713,0.038365719980069754,0.014449427005480818,0,0,0,0
2024-09-05,22.559999465942383,22.68000030517578,22.3799991607666,22.510000228881836,22.510000228881836,15490300.0,0.32,0.28,0.04,14.2857,0.5891878425510713,0.038365719980069754,0.014449427005480818,0,0,0,0
2024-09-06,22.510000228881836,23.0,22.5,22.86000061035156,22.86000061035156,18883300.0,0.32,0.28,0.04,14.2857,0.5891878425510713,0.038365719980069754,0.014449427005480818,0,0,0,0
2024-09-09,22.8700008392334,23.229999542236328,22.6299991607666,23.200000762939453,23.200000762939453,21843100.0,0.32,0.28,0.04,14.2857,0.5891878425510713,0.038365719980069754,0.014449427005480818,0,0,0,0
2024-09-10,23.15999984741211,23.465999603271484,22.88999938964844,23.049999237060547,23.049999237060547,15021200.0,0.32,0.28,0.04,14.2857,0.5891878425510713,0.038365719980069754,0.014449427005480818,0,0,0,0
2024-09-11,23.149999618530273,23.229999542236328,22.674999237060547,23.09000015258789,23.09000015258789,12941500.0,0.32,0.28,0.04,14.2857,0.5891878425510713,0.038365719980069754,0.014449427005480818,0,0,0,0
2024-09-12,23.100000381469727,23.190000534057617,22.770000457763672,23.079999923706055,23.079999923706055,9269900.0,0.32,0.28,0.04,14.2857,0.5891878425510713,0.038365719980069754,0.014449427005480818,0,0,0,0
2024-09-13,23.15999984741211,23.40999984741211,23.040000915527344,23.38999938964844,23.38999938964844,11090800.0,0.32,0.28,0.04,14.2857,0.5891878425510713,0.038365719980069754,0.014449427005480818,0,0,0,0
2024-09-16,23.5,23.549999237060547,23.170000076293945,23.3799991607666,23.3799991607666,9220800.0,0.32,0.28,0.04,14.2857,0.5891878425510713,0.038365719980069754,0.014449427005480818,0,0,0,0
2024-09-17,23.469999313354492,23.520000457763672,23.149999618530273,23.38999938964844,23.38999938964844,13263700.0,0.32,0.28,0.04,14.2857,0.5891878425510713,0.038365719980069754,0.014449427005480818,0,0,0,0
2024-09-18,23.440000534057617,23.520000457763672,23.075000762939453,23.190000534057617,23.190000534057617,15225500.0,0.32,0.28,0.04,14.2857,0.5891878425510713,0.038365719980069754,0.014449427005480818,0,0,0,0
2024-09-19,23.34000015258789,23.450000762939453,22.885000228881836,22.899999618530273,22.899999618530273,13622500.0,0.32,0.28,0.04,14.2857,0.5891878425510713,0.038365719980069754,0.014449427005480818,0,0,0,0
2024-09-20,22.829999923706055,23.030000686645508,22.709999084472656,23.020000457763672,23.020000457763672,75871900.0,0.32,0.28,0.04,14.2857,0.5891878425510713,0.038365719980069754,0.014449427005480818,0,0,0,0
2024-09-23,22.829999923706055,23.149999618530273,22.760000228881836,23.020000457763672,23.020000457763672,20080800.0,0.32,0.28,0.04,14.2857,0.5891878425510713,0.038365719980069754,0.014449427005480818,0,0,0,0
2024-09-24,23.030000686645508,23.19499969482422,22.795000076293945,23.11000061035156,23.11000061035156,14365300.0,0.32,0.28,0.04,14.2857,0.5891878425510713,0.038365719980069754,0.014449427005480818,0,0,0,0
2024-09-25,23.209999084472656,23.33300018310547,22.940000534057617,23.0,23.0,12625600.0,0.32,0.28,0.04,14.2857,0.5891878425510713,0.038365719980069754,0.014449427005480818,0,0,0,0
2024-09-26,23.149999618530273,23.290000915527344,23.030000686645508,23.1299991607666,23.1299991607666,12504500.0,0.32,0.28,0.04,14.2857,0.5891878425510713,0.038365719980069754,0.014449427005480818,0,0,0,0
2024-09-27,23.13999938964844,23.434999465942383,23.030000686645508,23.260000228881836,23.260000228881836,12450000.0,0.32,0.28,0.04,14.2857,0.5891878425510713,0.038365719980069754,0.014449427005480818,0,0,0,0
2024-09-30,23.36000061035156,23.489999771118164,23.075000762939453,23.1299991607666,23.1299991607666,17088300.0,0.32,0.28,0.04,14.2857,0.5891878425510713,0.038365719980069754,0.014449427005480818,0,0,0,0
2024-10-01,23.170000076293945,23.18000030517578,22.68000030517578,22.780000686645508,22.780000686645508,13640500.0,0.32,0.28,0.04,14.2857,0.5891878425510713,0.038365719980069754,0.014449427005480818,0,0,0,0
2024-10-02,22.700000762939453,22.729999542236328,22.399999618530273,22.6299991607666,22.6299991607666,16504900.0,0.32,0.28,0.04,14.2857,0.5891878425510713,0.038365719980069754,0.014449427005480818,0,0,0,0
2024-10-03,22.479999542236328,22.549999237060547,22.25,22.270000457763672,22.270000457763672,10312400.0,0.32,0.28,0.04,14.2857,0.5891878425510713,0.038365719980069754,0.014449427005480818,0,0,0,0
2024-10-04,22.299999237060547,22.35099983215332,22.1200008392334,22.15999984741211,22.15999984741211,8451600.0,0.32,0.28,0.04,14.2857,0.5891878425510713,0.038365719980069754,0.014449427005480818,0,0,0,0
2024-10-07,22.209999084472656,22.23500061035156,21.8799991607666,21.989999771118164,21.989999771118164,9859300.0,0.32,0.28,0.04,14.2857,0.5891878425510713,0.038365719980069754,0.014449427005480818,0,0,0,0
2024-10-08,22.06999969482422,22.075000762939453,21.760000228881836,21.850000381469727,21.850000381469727,11377100.0,0.32,0.28,0.04,14.2857,0.5891878425510713,0.038365719980069754,0.014449427005480818,0,0,0,0
2024-10-09,21.81999969482422,21.885000228881836,21.5,21.530000686645508,21.530000686645508,10437800.0,0.32,0.28,0.04,14.2857,0.5891878425510713,0.038365719980069754,0.014449427005480818,0,0,0,0
2024-10-10,21.540000915527344,21.600000381469727,21.25,21.31999969482422,21.31999969482422,11911600.0,0.32,0.28,0.04,14.2857,0.5891878425510713,0.038365719980069754,0.014449427005480818,0,0,0,0
2024-10-11,21.38999938964844,21.510000228881836,21.309999465942383,21.459999084472656,21.459999084472656,14513000.0,0.32,0.28,0.04,14.2857,0.5891878425510713,0.038365719980069754,0.014449427005480818,0,0,0,0
2024-10-14,21.36000061035156,21.684999465942383,21.290000915527344,21.600000381469727,21.600000381469727,18677100.0,0.32,0.28,0.04,14.2857,0.5891878425510713,0.038365719980069754,0.014449427005480818,0,0,0,0
2024-10-15,21.59000015258789,21.98500061035156,21.540000915527344,21.760000228881836,21.760000228881836,11925300.0,0.32,0.28,0.04,14.2857,0.5891878425510713,0.038365719980069754,0.014449427005480818,0,0,0,0
2024-10-16,21.65999984741211,21.850000381469727,21.6200008392334,21.729999542236328,21.729999542236328,13919600.0,0.32,0.28,0.04,14.2857,0.5891878425510713,0.038365719980069754,0.014449427005480818,0,0,0,0
2024-10-17,21.84000015258789,21.84000015258789,21.3700008392334,21.450000762939453,21.450000762939453,12260700.0,0.32,0.28,0.04,14.2857,0.5891878425510713,0.038365719980069754,0.014449427005480818,0,0,0,0
2024-10-18,21.510000228881836,21.739999771118164,21.385000228881836,21.719999313354492,21.719999313354492,13309700.0,0.32,0.28,0.04,14.2857,0.5891878425510713,0.038365719980069754,0.014449427005480818,0,0,0,0
2024-10-21,22.950000762939453,23.38999938964844,22.799999237060547,22.920000076293945,22.920000076293945,38291800.0,0.32,0.28,0.04,14.2857,0.5891878425510713,0.038365719980069754,0.014449427005480818,0,0,0,0
2024-10-22,22.549999237060547,23.049999237060547,22.530000686645508,22.93000030517578,22.93000030517578,18080900.0,0.32,0.28,0.04,14.2857,0.5891878425510713,0.038365719980069754,0.014449427005480818,0,0,0,0
2024-10-23,22.81999969482422,22.954999923706055,22.510000228881836,22.760000228881836,22.760000228881836,10664000.0,0.32,0.28,0.04,14.2857,0.5891878425510713,0.038365719980069754,0.014449427005480818,0,0,0,0
2024-10-24,22.899999618530273,23.09000015258789,22.774999618530273,22.969999313354492,22.969999313354492,11664200.0,0.32,0.28,0.04,14.2857,0.5891878425510713,0.038365719980069754,0.014449427005480818,0,0,0,0
2024-10-25,22.959999084472656,23.020000457763672,22.6299991607666,22.63999938964844,22.63999938964844,8395700.0,0.32,0.28,0.04,14.2857,0.5891878425510713,0.038365719980069754,0.014449427005480818,0,0,0,0
2024-10-28,22.850000381469727,22.88999938964844,22.575000762939453,22.8799991607666,22.8799991607666,10540300.0,0.32,0.28,0.04,14.2857,0.5891878425510713,0.038365719980069754,0.014449427005480818,0,0,0,0
2024-10-29,22.719999313354492,22.909000396728516,22.6299991607666,22.780000686645508,22.780000686645508,13109200.0,0.32,0.28,0.04,14.2857,0.5891878425510713,0.038365719980069754,0.014449427005480818,0,0,0,0
2024-10-30,22.649999618530273,22.989999771118164,22.559999465942383,22.88999938964844,22.88999938964844,15919800.0,0.32,0.28,0.04,14.2857,0.5891878425510713,0.038365719980069754,0.014449427005480818,0,0,0,0
2024-10-31,22.68000030517578,23.165000915527344,22.611000061035156,22.93000030517578,22.93000030517578,34406400.0,0.32,0.28,0.04,14.2857,0.5891878425510713,0.038365719980069754,0.014449427005480818,0,0,0,0
2024-11-01,22.86000061035156,23.094999313354492,22.719999313354492,22.729999542236328,22.729999542236328,15528900.0,0.32,0.28,0.04,14.2857,0.5891878425510713,0.038365719980069754,0.014449427005480818,0,0,0,0
2024-11-04,22.809999465942383,23.225000381469727,22.739999771118164,23.040000915527344,23.040000915527344,17341816.0,0.32,0.28,0.04,14.2857,0.5891878425510713,0.038365719980069754,0.014449427005480818,0,0,0,0
