Unnamed: 0,Close,Close_diff_MA_7,Volume_diff_MA_7,Close_diff_MA_30,Volume_diff_MA_30,Close_diff_MA_90,Volume_diff_MA_90,Close_diff_MA_180,Volume_diff_MA_180,Volume,reportedEPS,estimatedEPS,surprise,surprisePercentage,Margin_Gross,Margin_Operating,Margin_Net_Profit,^VIX,SPY,CL=F,BZ=F,BTC=F,10year,5year,3year,2year,insider_acquisition,insider_disposal,mean_sentiment,mean_outlook,delta_Close,delta_Volume,delta_reportedEPS,delta_estimatedEPS,delta_surprise,delta_surprisePercentage,delta_Margin_Gross,delta_Margin_Operating,delta_Margin_Net_Profit,delta_^VIX,delta_SPY,delta_CL=F,delta_BZ=F,delta_BTC=F,delta_10year,delta_5year,delta_3year,delta_2year,delta_insider_acquisition,delta_insider_disposal,delta_mean_sentiment,delta_mean_outlook,PQ
1986-06-30 00:00:00+00:00,0.4960939884185791,0.0102274779642339,-0.4749718332528569,0.0957723641536087,-0.6440936863543788,0.2010089797436743,-0.5622769115160624,0.0793713205136465,-0.5115218644630409,159942400.0,0.0,0.0,0.0,0.0,0.0,0.0,0.0,17.239999771118164,43.9375,32.04999923706055,75.73999786376953,19100.0,7.8,7.64,7.8,7.18,0.0,0.0,0.0,0.0,,,,,,,,,,,,,,,,,,,,,,,0
1986-09-30 00:00:00+00:00,0.2773439884185791,0.1347038456709796,-0.0653735225923203,0.0113963165897874,1.2168320240368065,-0.2275141804160911,1.3306241979533415,-0.266865123562824,1.3596890616324262,181043200.0,0.0,0.0,0.0,0.0,0.0,0.0,0.0,17.239999771118164,43.9375,32.04999923706055,75.73999786376953,19100.0,7.45,6.92,7.45,6.35,0.0,0.0,0.0,0.0,-0.21875,21100800.0,0.0,0.0,0.0,0.0,0.0,0.0,0.0,0.0,0.0,0.0,0.0,0.0,-0.34999999999999964,-0.7199999999999998,-0.34999999999999964,-0.8300000000000001,0.0,0.0,0.0,0.0,0
1986-12-31 00:00:00+00:00,0.1484380066394806,0.0037762740140233,0.2007133592736706,-0.0671010147076636,-0.5876369022099233,-0.3300667106873228,-0.3353529148983694,-0.5202342440263438,-0.1582725227514818,365961600.0,0.0,0.0,0.0,0.0,0.0,0.0,0.0,17.239999771118164,43.9375,32.04999923706055,75.73999786376953,19100.0,7.11,6.67,7.11,6.27,0.0,0.0,0.0,0.0,-0.1289059817790985,184918400.0,0.0,0.0,0.0,0.0,0.0,0.0,0.0,0.0,0.0,0.0,0.0,0.0,-0.33999999999999986,-0.25,-0.33999999999999986,-0.08000000000000007,0.0,0.0,0.0,0.0,1
1987-03-31 00:00:00+00:00,0.2109380066394806,-0.010469163465734,-0.3715758068890697,-0.0748124759931224,-0.7051531392431373,0.1070633456838164,-0.7048800301163044,-0.0981612927275243,-0.5811452072129073,440940800.0,0.0,0.0,0.0,0.0,0.0,0.0,0.0,17.239999771118164,43.9375,32.04999923706055,75.73999786376953,19100.0,7.25,6.79,7.25,6.42,0.0,0.0,0.0,0.0,0.0625,74979200.0,0.0,0.0,0.0,0.0,0.0,0.0,0.0,0.0,0.0,0.0,0.0,0.0,0.13999999999999968,0.1200000000000001,0.13999999999999968,0.15000000000000036,0.0,0.0,0.0,0.0,1
1987-06-30 00:00:00+00:00,0.265625,0.0507727508108591,0.787318175398955,0.1327039285463774,0.6965905536440412,0.1748892192037566,0.3268426331368183,0.2736725163414182,0.0957428182785417,191590400.0,0.0,0.0,0.0,0.0,0.0,0.0,0.0,17.239999771118164,43.9375,32.04999923706055,75.73999786376953,19100.0,8.4,8.02,8.4,7.57,0.0,0.0,0.0,0.0,0.05468699336051941,-249350400.0,0.0,0.0,0.0,0.0,0.0,0.0,0.0,0.0,0.0,0.0,0.0,0.0,1.1500000000000004,1.2299999999999995,1.1500000000000004,1.1500000000000004,0.0,0.0,0.0,0.0,0
1987-09-30 00:00:00+00:00,0.25,-0.1004022955206633,0.9726603575184016,-0.1770259029425842,0.3809390901088521,-0.1321383787961514,0.5101782066633795,-0.0004343284749468,0.3867099773984095,319811200.0,0.0,0.0,0.0,0.0,0.0,0.0,0.0,17.239999771118164,43.9375,32.04999923706055,75.73999786376953,19100.0,9.42,8.94,9.42,8.34,0.0,0.0,0.0,0.0,-0.015625,128220800.0,0.0,0.0,0.0,0.0,0.0,0.0,0.0,0.0,0.0,0.0,0.0,0.0,1.0199999999999996,0.9199999999999999,1.0199999999999996,0.7699999999999996,0.0,0.0,0.0,0.0,0
1987-12-31 00:00:00+00:00,0.1289059966802597,-0.0085864670731405,0.2793343003282694,-0.0236711802576088,1.4586628324946085,-0.3437931493621411,0.8166335030858993,-0.4398882310167922,0.8474360458386387,273504000.0,0.0,0.0,0.0,0.0,0.0,0.0,0.0,17.239999771118164,43.9375,32.04999923706055,75.73999786376953,19100.0,8.99,8.45,8.99,7.86,0.0,0.0,0.0,0.0,-0.1210940033197403,-46307200.0,0.0,0.0,0.0,0.0,0.0,0.0,0.0,0.0,0.0,0.0,0.0,0.0,-0.4299999999999997,-0.4900000000000002,-0.4299999999999997,-0.47999999999999954,0.0,0.0,0.0,0.0,1
1988-03-31 00:00:00+00:00,0.1835940033197403,0.0185754162810394,-0.2838723314309871,0.0064246727324884,-0.561792666364871,0.1089272879067661,-0.6601203155356851,-0.1225424963356979,-0.6702335845442812,330739200.0,0.0,0.0,0.0,0.0,0.0,0.0,0.0,17.239999771118164,43.9375,32.04999923706055,75.73999786376953,19100.0,8.37,7.83,8.37,7.27,0.0,0.0,0.0,0.0,0.05468800663948059,57235200.0,0.0,0.0,0.0,0.0,0.0,0.0,0.0,0.0,0.0,0.0,0.0,0.0,-0.620000000000001,-0.6199999999999992,-0.620000000000001,-0.5900000000000007,0.0,0.0,0.0,0.0,1
1988-06-30 00:00:00+00:00,0.2226559966802597,0.06116827336329,0.3933214853615191,0.1343258735832266,0.9935671236298912,0.2104743377009444,1.079704636768379,0.313109442377502,0.6657606686700095,204483200.0,0.0,0.0,0.0,0.0,0.0,0.0,0.0,17.239999771118164,43.9375,32.04999923706055,75.73999786376953,19100.0,8.92,8.49,8.92,8.03,0.0,0.0,0.0,0.0,0.03906199336051941,-126256000.0,0.0,0.0,0.0,0.0,0.0,0.0,0.0,0.0,0.0,0.0,0.0,0.0,0.5500000000000007,0.6600000000000001,0.5500000000000007,0.7599999999999998,0.0,0.0,0.0,0.0,1
1988-09-30 00:00:00+00:00,0.3203130066394806,-0.0352931113067027,0.1373521126760563,0.0377570083952918,-0.0249949288917937,0.2496837833791881,-0.162271896926781,0.4700477691188847,-0.025968177724407,398985600.0,0.0,0.0,0.0,0.0,0.0,0.0,0.0,17.239999771118164,43.9375,32.04999923706055,75.73999786376953,19100.0,8.98,8.69,8.98,8.46,0.0,0.0,0.0,0.0,0.09765700995922089,194502400.0,0.0,0.0,0.0,0.0,0.0,0.0,0.0,0.0,0.0,0.0,0.0,0.0,0.0600000000000005,0.1999999999999993,0.0600000000000005,0.4300000000000015,0.0,0.0,0.0,0.0,1
1988-12-31 00:00:00+00:00,0.328125,0.0120478605287258,-0.3318360471645142,0.0210692627799538,-0.6588058203712995,0.0366100178586864,-0.6640353092302456,0.2355963660943847,-0.7389067359502387,183446400.0,0.0,0.0,0.0,0.0,0.0,0.0,0.0,17.239999771118164,43.9375,32.04999923706055,75.73999786376953,19100.0,9.11,9.09,9.11,9.09,0.0,0.0,0.0,0.0,0.007811993360519409,-215539200.0,0.0,0.0,0.0,0.0,0.0,0.0,0.0,0.0,0.0,0.0,0.0,0.0,0.129999999999999,0.40000000000000036,0.129999999999999,0.629999999999999,0.0,0.0,0.0,0.0,1
1989-03-31 00:00:00+00:00,0.4375,0.0012770611582351,0.0014727540500736,0.019417166608864,-0.3433335479302131,0.192899134712553,-0.4574564280775164,0.3162271793943466,-0.5068354063168583,269097600.0,0.0,0.0,0.0,0.0,0.0,0.0,0.0,17.239999771118164,43.9375,32.04999923706055,75.73999786376953,19100.0,9.36,9.51,9.36,9.68,0.0,0.0,0.0,0.0,0.109375,85651200.0,0.0,0.0,0.0,0.0,0.0,0.0,0.0,0.0,0.0,0.0,0.0,0.0,0.25,0.41999999999999993,0.25,0.5899999999999999,0.0,0.0,0.0,0.0,1
1989-06-30 00:00:00+00:00,0.515625,-0.0600204042439486,0.981343635164421,-0.1030579188414498,0.9415300428722234,0.0235200856312501,1.458220436071357,0.2316621848329928,1.511204098029472,265753600.0,0.0,0.0,0.0,0.0,0.0,0.0,0.0,17.239999771118164,43.9375,32.04999923706055,75.73999786376953,19100.0,8.28,8.29,8.28,8.41,0.0,0.0,0.0,0.0,0.078125,-3344000.0,0.0,0.0,0.0,0.0,0.0,0.0,0.0,0.0,0.0,0.0,0.0,0.0,-1.08,-1.2200000000000006,-1.08,-1.2699999999999996,0.0,0.0,0.0,0.0,1
1989-09-30 00:00:00+00:00,0.7382810115814209,0.0192599756028678,-0.1103628068650879,0.0964989804913365,-0.3894165535956581,0.2056982336374378,-0.3100782304456645,0.4035225324399433,-0.2034615006391976,360560000.0,0.0,0.0,0.0,0.0,0.0,0.0,0.0,17.239999771118164,43.9375,32.04999923706055,75.73999786376953,19100.0,8.19,8.17,8.19,8.28,0.0,0.0,0.0,0.0,0.2226560115814209,94806400.0,0.0,0.0,0.0,0.0,0.0,0.0,0.0,0.0,0.0,0.0,0.0,0.0,-0.08999999999999986,-0.11999999999999922,-0.08999999999999986,-0.13000000000000078,0.0,0.0,0.0,0.0,0
1989-12-31 00:00:00+00:00,0.4453130066394806,-0.0074615667593508,1.894571773220748,-0.0452252904565873,1.440552470454222,-0.2625594867153522,1.7793426102205914,-0.2379671670723837,2.0783865045366254,379952000.0,0.0,0.0,0.0,0.0,0.0,0.0,0.0,17.239999771118164,43.9375,32.04999923706055,75.73999786376953,19100.0,7.84,7.75,7.84,7.78,0.0,0.0,0.0,0.0,-0.2929680049419403,19392000.0,0.0,0.0,0.0,0.0,0.0,0.0,0.0,0.0,0.0,0.0,0.0,0.0,-0.34999999999999964,-0.41999999999999993,-0.34999999999999964,-0.4999999999999991,0.0,0.0,0.0,0.0,0
1990-03-31 00:00:00+00:00,0.4335939884185791,0.0090906240922762,-0.4060906515580736,0.1372951057545957,-0.6028641516939601,0.0555792968167834,-0.6710458070696778,-0.1790275438839046,-0.6703478133255063,368684800.0,0.0,0.0,0.0,0.0,0.0,0.0,0.0,19.729999542236328,43.9375,32.04999923706055,75.73999786376953,19100.0,8.59,8.6,8.59,8.63,0.0,0.0,0.0,0.0,-0.01171901822090149,-11267200.0,0.0,0.0,0.0,0.0,0.0,0.0,0.0,2.489999771118164,0.0,0.0,0.0,0.0,0.75,0.8499999999999996,0.75,0.8500000000000005,0.0,0.0,0.0,0.0,0
1990-06-30 00:00:00+00:00,0.3554689884185791,0.0159487052065519,0.2741414141414142,0.0431794320060947,-0.4668323569441979,0.0003666301143639,-0.5012669750049203,-0.1487810464360375,-0.5266931852340414,393436800.0,0.0,0.0,0.0,0.0,0.0,0.0,0.0,15.5,43.9375,32.04999923706055,75.73999786376953,19100.0,8.48,8.43,8.48,8.35,0.0,0.0,0.0,0.0,-0.078125,24752000.0,0.0,0.0,0.0,0.0,0.0,0.0,0.0,-4.229999542236328,0.0,0.0,0.0,0.0,-0.10999999999999943,-0.16999999999999993,-0.10999999999999943,-0.28000000000000114,0.0,0.0,0.0,0.0,0
1990-09-30 00:00:00+00:00,0.15625,-0.0443700812533163,0.7049820905242592,-0.2911994573966874,0.3850996852046169,-0.4676921397674452,0.189315242739029,-0.5250974960561492,-0.0580926796507722,233488000.0,0.0,0.0,0.0,0.0,0.0,0.0,0.0,29.11000061035156,43.9375,32.04999923706055,75.73999786376953,19100.0,8.89,8.51,8.89,8.08,0.0,0.0,0.0,0.0,-0.1992189884185791,-159948800.0,0.0,0.0,0.0,0.0,0.0,0.0,0.0,13.610000610351559,0.0,0.0,0.0,0.0,0.41000000000000014,0.08000000000000007,0.41000000000000014,-0.2699999999999996,0.0,0.0,0.0,0.0,1
1990-12-31 00:00:00+00:00,0.1875,-0.1157894736842105,0.4814312362218076,-0.0243905893405647,0.2897003100241129,0.0145602404168829,0.1832000758461586,-0.256902420153793,-0.0926862368127695,209433600.0,0.0,0.0,0.0,0.0,0.0,0.0,0.0,26.3799991607666,43.9375,32.04999923706055,75.73999786376953,19100.0,8.08,7.73,8.08,7.31,0.0,0.0,0.0,0.0,0.03125,-24054400.0,0.0,0.0,0.0,0.0,0.0,0.0,0.0,-2.7300014495849574,0.0,0.0,0.0,0.0,-0.8100000000000005,-0.7799999999999994,-0.8100000000000005,-0.7700000000000005,0.0,0.0,0.0,0.0,1
1991-03-31 00:00:00+00:00,0.2695310115814209,0.0409467560153753,-0.4689578713968957,0.059092842645106,-0.6368277395875456,0.2651505060254866,-0.5619125044459123,0.2480512036660593,-0.5624682837714402,232976000.0,0.0,0.0,0.0,0.0,0.0,0.0,0.0,16.8799991607666,43.9375,32.04999923706055,75.73999786376953,19100.0,8.11,7.77,8.11,7.1,0.0,0.0,0.0,0.0,0.0820310115814209,23542400.0,0.0,0.0,0.0,0.0,0.0,0.0,0.0,-9.5,0.0,0.0,0.0,0.0,0.02999999999999936,0.03999999999999915,0.02999999999999936,-0.20999999999999996,0.0,0.0,0.0,0.0,1
1991-06-30 00:00:00+00:00,0.4101560115814209,0.0352108327104003,0.5489192263936291,0.0663498459297849,-0.2360994220950457,0.3333321076071529,0.2272092219712864,0.6742685323635867,0.6612437466954081,554937600.0,0.0,0.0,0.0,0.0,0.0,0.0,0.0,19.549999237060547,43.9375,32.04999923706055,75.73999786376953,19100.0,8.28,7.94,8.28,6.96,0.0,0.0,0.0,0.0,0.140625,321961600.0,0.0,0.0,0.0,0.0,0.0,0.0,0.0,2.6700000762939453,0.0,0.0,0.0,0.0,0.16999999999999993,0.17000000000000082,0.16999999999999993,-0.13999999999999968,0.0,0.0,0.0,0.0,1
1991-09-30 00:00:00+00:00,0.4648439884185791,-0.0425283872847056,-0.0137632717263075,-0.0982569737667682,-0.050467572786128,0.0025276249425107,-0.2045670789724072,0.2979853667404024,0.0981777313960022,587145600.0,0.0,0.0,0.0,0.0,0.0,0.0,0.0,15.850000381469728,43.9375,32.04999923706055,75.73999786376953,19100.0,7.65,7.14,7.65,6.18,0.0,0.0,0.0,0.0,0.0546879768371582,32208000.0,0.0,0.0,0.0,0.0,0.0,0.0,0.0,-3.6999988555908185,0.0,0.0,0.0,0.0,-0.629999999999999,-0.8000000000000007,-0.629999999999999,-0.7800000000000002,0.0,0.0,0.0,0.0,1
1991-12-31 00:00:00+00:00,0.5078129768371582,0.0282496240130666,0.9814825051130396,0.024429360576975,1.513867753178538,0.0286625413288409,1.152957168816245,0.1400738304905631,0.8764084055475148,486441600.0,0.0,0.0,0.0,0.0,0.0,0.0,0.0,19.309999465942383,43.9375,32.04999923706055,75.73999786376953,19100.0,7.09,6.19,7.09,5.03,0.0,0.0,0.0,0.0,0.0429689884185791,-100704000.0,0.0,0.0,0.0,0.0,0.0,0.0,0.0,3.4599990844726545,0.0,0.0,0.0,0.0,-0.5600000000000005,-0.9499999999999993,-0.5600000000000005,-1.1499999999999995,0.0,0.0,0.0,0.0,1
1992-03-31 00:00:00+00:00,0.5507810115814209,0.00304834629462,1.1072838177251525,-0.0608354236695369,0.6662253409241361,-0.0439963813272653,0.1781317772611673,0.0331765875511979,0.0555180206416139,471587200.0,0.0,0.0,0.0,0.0,0.0,0.0,0.0,16.18000030517578,43.9375,32.04999923706055,75.73999786376953,19100.0,7.54,6.95,7.54,5.69,0.0,0.0,0.0,0.0,0.042968034744262695,-14854400.0,0.0,0.0,0.0,0.0,0.0,0.0,0.0,-3.1299991607666016,0.0,0.0,0.0,0.0,0.4500000000000002,0.7599999999999998,0.4500000000000002,0.6600000000000001,0.0,0.0,0.0,0.0,0
1992-06-30 00:00:00+00:00,0.4335939884185791,0.0629276262063349,0.7868534672658385,0.0115434566550047,0.0386863145817647,-0.1313040776330911,0.3582446434431994,-0.1713323136305355,0.2484468034676683,497145600.0,0.0,0.0,0.0,0.0,0.0,0.0,0.0,13.350000381469728,43.9375,32.04999923706055,75.73999786376953,19100.0,7.26,6.48,7.26,5.05,0.0,0.0,0.0,0.0,-0.1171870231628418,25558400.0,0.0,0.0,0.0,0.0,0.0,0.0,0.0,-2.829999923706053,0.0,0.0,0.0,0.0,-0.28000000000000025,-0.46999999999999975,-0.28000000000000025,-0.6400000000000006,0.0,0.0,0.0,0.0,0
1992-09-30 00:00:00+00:00,0.3984380066394806,-0.0151714309749502,1.0066666666666666,-0.0843796238142614,1.0395023256879683,-0.050376553045345,0.3734839366725303,-0.1877894320635837,0.4536516853932585,396790400.0,0.0,0.0,0.0,0.0,0.0,0.0,0.0,14.279999732971191,43.9375,32.04999923706055,75.73999786376953,19100.0,6.42,5.38,6.42,3.89,0.0,0.0,0.0,0.0,-0.03515598177909851,-100355200.0,0.0,0.0,0.0,0.0,0.0,0.0,0.0,0.9299993515014631,0.0,0.0,0.0,0.0,-0.8399999999999999,-1.1000000000000005,-0.8399999999999999,-1.1599999999999997,0.0,0.0,0.0,0.0,1
1992-12-31 00:00:00+00:00,0.625,0.0636275453409114,0.8941102756892231,0.0405372944471718,1.0765452734495746,0.2114070839846288,1.42575272604071,0.3224351550313339,1.4247204379415674,610809600.0,0.0,0.0,0.0,0.0,0.0,0.0,0.0,12.56999969482422,43.9375,32.04999923706055,75.73999786376953,19100.0,6.77,6.08,6.77,4.67,0.0,0.0,0.0,0.0,0.2265619933605194,214019200.0,0.0,0.0,0.0,0.0,0.0,0.0,0.0,-1.7100000381469709,0.0,0.0,0.0,0.0,0.34999999999999964,0.7000000000000002,0.34999999999999964,0.7799999999999998,0.0,0.0,0.0,0.0,0
1993-03-31 00:00:00+00:00,0.625,0.0144927536231883,-0.4035688417725687,-0.0020791287073935,-0.5031357993088442,-0.0167965997882465,-0.5771978740088873,0.142720864906561,-0.5142166503640455,652467200.0,0.0,0.0,0.0,0.0,0.0,0.0,0.0,12.529999732971191,45.1875,32.04999923706055,75.73999786376953,19100.0,5.98,5.19,5.98,3.95,0.0,0.0,0.0,0.0,0.0,41657600.0,0.0,0.0,0.0,0.0,0.0,0.0,0.0,-0.03999996185302912,1.25,0.0,0.0,0.0,-0.7899999999999991,-0.8899999999999997,-0.7899999999999991,-0.7199999999999998,0.0,0.0,0.0,0.0,0
1993-06-30 00:00:00+00:00,0.4765630066394806,0.0427357433081433,0.7614161758186078,0.0633359622445758,0.258699164668983,-0.0873569241101727,0.1569897622406585,-0.1579102158788848,0.2090953510508617,762649600.0,0.0,0.0,0.0,0.0,0.0,0.0,0.0,11.260000228881836,45.0625,32.04999923706055,75.73999786376953,19100.0,5.96,5.22,5.96,4.16,0.0,0.0,0.0,0.0,-0.1484369933605194,110182400.0,0.0,0.0,0.0,0.0,0.0,0.0,0.0,-1.2699995040893555,-0.125,0.0,0.0,0.0,-0.020000000000000462,0.02999999999999936,-0.020000000000000462,0.20999999999999996,0.0,0.0,0.0,0.0,0
1993-09-30 00:00:00+00:00,0.4335939884185791,-0.0311719979207722,0.3955889481337856,0.0078693334713274,0.9638395059763494,-0.0219305524978669,0.5928963629791556,-0.158772062044039,0.3613921012999,507638400.0,0.0,0.0,0.0,0.0,0.0,0.0,0.0,12.989999771118164,45.9375,32.04999923706055,75.73999786376953,19100.0,5.36,4.73,5.36,3.85,0.0,0.0,0.0,0.0,-0.04296901822090149,-255011200.0,0.0,0.0,0.0,0.0,0.0,0.0,0.0,1.7299995422363281,0.875,0.0,0.0,0.0,-0.5999999999999996,-0.4899999999999993,-0.5999999999999996,-0.31000000000000005,0.0,0.0,0.0,0.0,0
1993-12-31 00:00:00+00:00,0.40625,-0.01886808593946,0.012423897440974,-0.1935901131191678,-0.0831502980859742,-0.1408116080812434,0.1183690132938684,-0.1221161597168925,-0.0323203815081863,614956800.0,0.0,0.0,0.0,0.0,0.0,0.0,0.0,11.65999984741211,46.59375,32.04999923706055,75.73999786376953,19100.0,5.77,5.15,5.77,4.21,0.0,0.0,0.0,0.0,-0.0273439884185791,107318400.0,0.0,0.0,0.0,0.0,0.0,0.0,0.0,-1.3299999237060547,0.65625,0.0,0.0,0.0,0.40999999999999925,0.41999999999999993,0.40999999999999925,0.3599999999999999,0.0,0.0,0.0,0.0,1
1994-03-31 00:00:00+00:00,0.4765630066394806,-0.0206417347707115,0.2578508532689161,-0.0100072542588697,0.2458803825166135,0.0243501952258796,-0.0089345831880846,0.0393306713841321,-0.0810206453755466,404569600.0,0.0,0.0,0.0,0.0,0.0,0.0,0.0,20.450000762939453,44.59375,32.04999923706055,75.73999786376953,19100.0,6.48,5.94,6.48,5.0,0.0,0.0,0.0,0.0,0.07031300663948059,-210387200.0,0.0,0.0,0.0,0.0,0.0,0.0,0.0,8.790000915527344,-2.0,0.0,0.0,0.0,0.7100000000000009,0.79,0.7100000000000009,0.79,0.0,0.0,0.0,0.0,0
1994-06-30 00:00:00+00:00,0.4570310115814209,0.043311638767637,-0.6004443305135435,0.0535391604241326,-0.5323002240477969,-0.0311568731695519,-0.6581157697797543,-0.0280885212862106,-0.7099372543911071,419084800.0,0.0,0.0,0.0,0.0,0.0,0.0,0.0,14.970000267028809,44.46875,32.04999923706055,75.73999786376953,19100.0,7.1,6.7,7.1,5.93,0.0,0.0,0.0,0.0,-0.019531995058059692,14515200.0,0.0,0.0,0.0,0.0,0.0,0.0,0.0,-5.4800004959106445,-0.125,0.0,0.0,0.0,0.6199999999999992,0.7599999999999998,0.6199999999999992,0.9299999999999997,0.0,0.0,0.0,0.0,0
1994-09-30 00:00:00+00:00,0.4570310115814209,-0.0313430985593594,0.1091499289916819,-0.0746119007377746,-0.300262812089356,-0.0267691760094873,-0.2994817620091688,-0.0271457003901494,-0.5231974060419415,203113600.0,0.0,0.0,0.0,0.0,0.0,0.0,0.0,14.279999732971191,46.171875,32.04999923706055,75.73999786376953,19100.0,7.46,7.08,7.46,6.39,0.0,0.0,0.0,0.0,0.0,-215971200.0,0.0,0.0,0.0,0.0,0.0,0.0,0.0,-0.6900005340576172,1.703125,0.0,0.0,0.0,0.3600000000000003,0.3799999999999999,0.3600000000000003,0.45999999999999996,0.0,0.0,0.0,0.0,0
1994-12-31 00:00:00+00:00,0.3515630066394806,0.0063906011377808,0.2373077265048456,-0.0925885732699548,0.5770268126289069,-0.2029903203317382,0.6070995499905687,-0.2242159296134296,0.5061873895109017,259468800.0,0.0,0.0,0.0,0.0,0.0,0.0,0.0,13.199999809265137,45.5625,32.04999923706055,75.73999786376953,19100.0,7.81,7.78,7.81,7.59,0.0,0.0,0.0,0.0,-0.10546800494194031,56355200.0,0.0,0.0,0.0,0.0,0.0,0.0,0.0,-1.0799999237060547,-0.609375,0.0,0.0,0.0,0.34999999999999964,0.7000000000000002,0.34999999999999964,1.2000000000000002,0.0,0.0,0.0,0.0,0
1995-03-31 00:00:00+00:00,0.34375,-0.0306845585782055,0.7129040805511393,-0.0547799615780148,0.2758755670174306,-0.053084911072955,0.114747282371797,-0.1742260190066885,0.3423398688588132,372601600.0,0.0,0.0,0.0,0.0,0.0,0.0,0.0,13.369999885559082,50.109375,32.04999923706055,75.73999786376953,19100.0,7.2,7.05,7.2,6.78,0.0,0.0,0.0,0.0,-0.00781300663948059,113132800.0,0.0,0.0,0.0,0.0,0.0,0.0,0.0,0.1700000762939453,4.546875,0.0,0.0,0.0,-0.6099999999999994,-0.7300000000000004,-0.6099999999999994,-0.8099999999999996,0.0,0.0,0.0,0.0,1
1995-06-30 00:00:00+00:00,0.3671880066394806,0.0233290513031793,-0.072156862745098,0.0409754877973945,-0.5226438188494492,0.0646206804497195,-0.5921924015336354,0.0037085845969021,-0.590115339010456,370960000.0,0.0,0.0,0.0,0.0,0.0,0.0,0.0,11.380000114440918,54.40625,32.04999923706055,75.73999786376953,19100.0,6.17,5.93,6.17,5.72,0.0,0.0,0.0,0.0,0.02343800663948059,-1641600.0,0.0,0.0,0.0,0.0,0.0,0.0,0.0,-1.989999771118164,4.296875,0.0,0.0,0.0,-1.0300000000000002,-1.12,-1.0300000000000002,-1.0600000000000005,0.0,0.0,0.0,0.0,1
1995-09-30 00:00:00+00:00,0.4921880066394806,-0.0112100235983435,-0.4344541685859051,-0.0130540404532117,-0.7291119691119691,0.1717456716260724,-0.6406833980525067,0.288829503228099,-0.5980219399655724,605884800.0,0.0,0.0,0.0,0.0,0.0,0.0,0.0,12.739999771118164,58.484375,32.04999923706055,75.73999786376953,19100.0,6.2,6.0,6.2,5.81,0.0,0.0,0.0,0.0,0.125,234924800.0,0.0,0.0,0.0,0.0,0.0,0.0,0.0,1.359999656677246,4.078125,0.0,0.0,0.0,0.03000000000000025,0.07000000000000028,0.03000000000000025,0.08999999999999986,0.0,0.0,0.0,0.0,1
1995-12-31 00:00:00+00:00,0.5976560115814209,-0.0122209202234558,-0.4908588714980929,-0.0055792564966903,-0.3314347890332201,0.1060012931323282,-0.4316438590814792,0.3193990889360154,-0.3551285013680467,554640000.0,0.0,0.0,0.0,0.0,0.0,0.0,0.0,12.520000457763672,61.484375,32.04999923706055,75.73999786376953,19100.0,5.71,5.51,5.71,5.32,0.0,0.0,0.0,0.0,0.10546800494194031,-51244800.0,0.0,0.0,0.0,0.0,0.0,0.0,0.0,-0.2199993133544922,3.0,0.0,0.0,0.0,-0.4900000000000002,-0.4900000000000002,-0.4900000000000002,-0.4899999999999993,0.0,0.0,0.0,0.0,1
1996-03-31 00:00:00+00:00,0.7851560115814209,-0.0276435723581992,-0.4328761535716106,-0.0129321088190519,-0.6643123226319829,0.1592804455086574,-0.5121576814441852,0.3497035161654868,-0.5033667987456547,745312000.0,0.0,0.0,0.0,0.0,0.0,0.0,0.0,18.8799991607666,64.6875,32.04999923706055,75.73999786376953,19100.0,6.27,5.97,6.27,5.66,0.0,0.0,0.0,0.0,0.1875,190672000.0,0.0,0.0,0.0,0.0,0.0,0.0,0.0,6.35999870300293,3.203125,0.0,0.0,0.0,0.5599999999999996,0.45999999999999996,0.5599999999999996,0.33999999999999986,0.0,0.0,0.0,0.0,1
1996-06-30 00:00:00+00:00,1.0859379768371582,0.0398079449107163,0.0587001363493339,-0.0773312639948603,0.4055722524571521,0.069071221982417,0.5192185003306974,0.3475162418129714,1.0622231638605109,1246467200.0,0.0,0.0,0.0,0.0,0.0,0.0,0.0,13.68000030517578,67.109375,32.04999923706055,75.73999786376953,19100.0,6.91,6.69,6.91,6.3,0.0,0.0,0.0,0.0,0.3007819652557373,501155200.0,0.0,0.0,0.0,0.0,0.0,0.0,0.0,-5.199998855590822,2.421875,0.0,0.0,0.0,0.6400000000000006,0.7200000000000006,0.6400000000000006,0.6399999999999997,0.0,0.0,0.0,0.0,1
1996-09-30 00:00:00+00:00,1.125,-0.0372493397914393,0.430835975304522,-0.0338677834374498,-0.235776077191815,0.0111816451312082,-0.450684962220578,0.1366394653194181,-0.4654493619332066,765766400.0,0.0,0.0,0.0,0.0,0.0,0.0,0.0,16.950000762939453,68.625,32.04999923706055,75.73999786376953,19100.0,6.83,6.6,6.83,6.23,0.0,0.0,0.0,0.0,0.0390620231628418,-480700800.0,0.0,0.0,0.0,0.0,0.0,0.0,0.0,3.2700004577636737,1.515625,0.0,0.0,0.0,-0.08000000000000007,-0.09000000000000075,-0.08000000000000007,-0.0699999999999994,0.0,0.0,0.0,0.0,1
1996-12-31 00:00:00+00:00,1.5625,0.0028652418194316,-0.4299711815561959,0.0027574759528166,-0.7230596910440099,0.1634153369862424,-0.7097001441551919,0.2762590183759129,-0.7693656064290536,735024000.0,0.0,0.0,0.0,0.0,0.0,0.0,0.0,20.920000076293945,73.84375,32.04999923706055,75.73999786376953,19100.0,6.3,6.07,6.3,5.78,0.0,0.0,0.0,0.0,0.4375,-30742400.0,0.0,0.0,0.0,0.0,0.0,0.0,0.0,3.969999313354492,5.21875,0.0,0.0,0.0,-0.5300000000000002,-0.5299999999999994,-0.5300000000000002,-0.4500000000000002,0.0,0.0,0.0,0.0,1
1997-03-31 00:00:00+00:00,1.5859379768371582,-0.0166088254797288,-0.2827776887321687,0.0022218793602208,-0.4591221575885775,0.0449294590693267,-0.6141005153040092,0.1763808906931335,-0.6317475150998241,650785600.0,0.0,0.0,0.0,0.0,0.0,0.0,0.0,22.13999938964844,75.375,32.04999923706055,75.73999786376953,19100.0,6.69,6.54,6.69,6.22,0.0,0.0,0.0,0.0,0.023437976837158203,-84238400.0,0.0,0.0,0.0,0.0,0.0,0.0,0.0,1.2199993133544957,1.53125,0.0,0.0,0.0,0.39000000000000057,0.46999999999999975,0.39000000000000057,0.4399999999999995,0.0,0.0,0.0,0.0,1
1997-06-30 00:00:00+00:00,2.042968988418579,0.0127247906464769,-0.0403968283792416,0.0696025678917425,-0.4080676741343313,0.1641049241389632,-0.2525373025593859,0.2769962257796726,-0.4025733454400544,505753600.0,0.0,0.0,0.0,0.0,0.0,0.0,0.0,21.530000686645508,88.3125,32.04999923706055,75.73999786376953,19100.0,6.49,6.38,6.49,6.09,0.0,0.0,0.0,0.0,0.4570310115814209,-145032000.0,0.0,0.0,0.0,0.0,0.0,0.0,0.0,-0.6099987030029332,12.9375,0.0,0.0,0.0,-0.20000000000000018,-0.16000000000000014,-0.20000000000000018,-0.1299999999999999,0.0,0.0,0.0,0.0,1
1997-09-30 00:00:00+00:00,2.132812976837158,-0.02025110589636,0.0668147736739794,0.0534440752515937,-0.4313267660509264,0.0803562818591176,-0.5300332645713285,0.1960243460562759,-0.5027068606356919,586500800.0,0.0,0.0,0.0,0.0,0.0,0.0,0.0,22.90999984741211,94.375,32.04999923706055,75.73999786376953,19100.0,6.21,6.11,6.21,5.88,0.0,0.0,0.0,0.0,0.0898439884185791,80747200.0,0.0,0.0,0.0,0.0,0.0,0.0,0.0,1.3799991607666016,6.0625,0.0,0.0,0.0,-0.28000000000000025,-0.2699999999999996,-0.28000000000000025,-0.20999999999999996,0.0,0.0,0.0,0.0,1
1997-12-31 00:00:00+00:00,2.273437976837158,0.0563984600181127,-0.0054644808743169,-0.0372472505928104,-0.0750119074234279,0.0036214494056798,-0.1063082466448994,0.0943622181167565,-0.3295467488959057,344598400.0,0.0,0.0,0.0,0.0,0.0,0.0,0.0,24.010000228881836,97.0625,32.04999923706055,75.73999786376953,19100.0,5.81,5.77,5.81,5.72,0.0,0.0,0.0,0.0,0.140625,-241902400.0,0.0,0.0,0.0,0.0,0.0,0.0,0.0,1.1000003814697266,2.6875,0.0,0.0,0.0,-0.40000000000000036,-0.34000000000000075,-0.40000000000000036,-0.16000000000000014,0.0,0.0,0.0,0.0,1
1998-03-31 00:00:00+00:00,2.757812976837158,0.0514894342701303,0.5742478162406988,0.1041026517600736,0.849955645672285,0.1752847107697153,1.1588234279221434,0.2329545609537089,1.1133907437210906,509144000.0,0.0,0.0,0.0,0.0,0.0,0.0,0.0,24.219999313354492,109.9375,32.04999923706055,75.73999786376953,19100.0,5.65,5.61,5.65,5.56,0.0,0.0,0.0,0.0,0.484375,164545600.0,0.0,0.0,0.0,0.0,0.0,0.0,0.0,0.20999908447265625,12.875,0.0,0.0,0.0,-0.15999999999999925,-0.15999999999999925,-0.15999999999999925,-0.16000000000000014,0.0,0.0,0.0,0.0,1
1998-06-30 00:00:00+00:00,2.953125,-0.0016978273523084,0.0366395144545599,0.0591695938508672,-0.0841986738396096,0.2093956467798402,-0.0180855445078543,0.261424836651606,0.0701726937193656,460398400.0,0.0,0.0,0.0,0.0,0.0,0.0,0.0,19.709999084472656,113.3125,32.04999923706055,75.73999786376953,19100.0,5.5,5.52,5.5,5.52,0.0,0.0,0.0,0.0,0.1953120231628418,-48745600.0,0.0,0.0,0.0,0.0,0.0,0.0,0.0,-4.510000228881836,3.375,0.0,0.0,0.0,-0.15000000000000036,-0.09000000000000075,-0.15000000000000036,-0.040000000000000036,0.0,0.0,0.0,0.0,0
1998-09-30 00:00:00+00:00,2.953125,-0.0016978273523084,0.0366395144545599,0.0591695938508672,-0.0841986738396096,0.2093956467798402,-0.0180855445078543,0.261424836651606,0.0701726937193656,482144000.0,0.0,0.0,0.0,0.0,0.0,0.0,0.0,40.95000076293945,101.75,32.04999923706055,75.73999786376953,19100.0,4.81,4.62,4.81,4.67,0.0,0.0,0.0,0.0,0.0,21745600.0,0.0,0.0,0.0,0.0,0.0,0.0,0.0,21.240001678466797,-11.5625,0.0,0.0,0.0,-0.6900000000000004,-0.8999999999999995,-0.6900000000000004,-0.8499999999999996,0.0,0.0,0.0,0.0,0
1998-12-31 00:00:00+00:00,2.953125,-0.0016978273523084,0.0366395144545599,0.0591695938508672,-0.0841986738396096,0.2093956467798402,-0.0180855445078543,0.261424836651606,0.0701726937193656,482144000.0,0.0,0.0,0.0,0.0,0.0,0.0,0.0,24.420000076293945,123.3125,32.04999923706055,75.73999786376953,19100.0,4.65,4.45,4.65,4.51,0.0,0.0,0.0,0.0,0.0,0.0,0.0,0.0,0.0,0.0,0.0,0.0,0.0,-16.530000686645508,21.5625,0.0,0.0,0.0,-0.15999999999999925,-0.16999999999999993,-0.15999999999999925,-0.16000000000000014,0.0,0.0,0.0,0.0,0
1999-03-31 00:00:00+00:00,2.953125,-0.0016978273523084,0.0366395144545599,0.0591695938508672,-0.0841986738396096,0.2093956467798402,-0.0180855445078543,0.261424836651606,0.0701726937193656,459891200.0,0.0,0.0,0.0,0.0,0.0,0.0,0.0,23.260000228881836,128.375,32.04999923706055,75.73999786376953,19100.0,5.23,5.14,5.23,5.05,0.0,0.0,0.0,0.0,0.0,-22252800.0,0.0,0.0,0.0,0.0,0.0,0.0,0.0,-1.1599998474121094,5.0625,0.0,0.0,0.0,0.5800000000000001,0.6899999999999995,0.5800000000000001,0.54,0.0,0.0,0.0,0.0,0
1999-06-30 00:00:00+00:00,2.953125,-0.0016978273523084,0.0366395144545599,0.0591695938508672,-0.0841986738396096,0.2093956467798402,-0.0180855445078543,0.261424836651606,0.0701726937193656,474726400.0,0.0,0.0,0.0,0.0,0.0,0.0,0.0,21.09000015258789,137.0,32.04999923706055,75.73999786376953,19100.0,5.9,5.81,5.9,5.62,0.0,0.0,0.0,0.0,0.0,14835200.0,0.0,0.0,0.0,0.0,0.0,0.0,0.0,-2.1700000762939453,8.625,0.0,0.0,0.0,0.6699999999999999,0.6699999999999999,0.6699999999999999,0.5700000000000003,0.0,0.0,0.0,0.0,0
1999-09-30 00:00:00+00:00,2.953125,-0.0016978273523084,0.0366395144545599,0.0591695938508672,-0.0841986738396096,0.2093956467798402,-0.0180855445078543,0.261424836651606,0.0701726937193656,482144000.0,0.0,0.0,0.0,0.0,0.0,0.0,0.0,25.40999984741211,128.75,32.04999923706055,75.73999786376953,19100.0,5.92,5.8,5.92,5.66,0.0,0.0,0.0,0.0,0.0,7417600.0,0.0,0.0,0.0,0.0,0.0,0.0,0.0,4.319999694824219,-8.25,0.0,0.0,0.0,0.019999999999999574,-0.009999999999999787,0.019999999999999574,0.040000000000000036,0.0,0.0,0.0,0.0,0
1999-12-31 00:00:00+00:00,2.953125,-0.0016978273523084,0.0366395144545599,0.0591695938508672,-0.0841986738396096,0.2093956467798402,-0.0180855445078543,0.261424836651606,0.0701726937193656,474726400.0,0.0,0.0,0.0,0.0,0.0,0.0,0.0,24.63999938964844,146.875,32.04999923706055,75.73999786376953,19100.0,6.28,6.19,6.28,6.1,0.0,0.0,0.0,0.0,0.0,-7417600.0,0.0,0.0,0.0,0.0,0.0,0.0,0.0,-0.7700004577636683,18.125,0.0,0.0,0.0,0.3600000000000003,0.39000000000000057,0.3600000000000003,0.4399999999999995,0.0,0.0,0.0,0.0,0
2000-03-31 00:00:00+00:00,2.953125,-0.0016978273523084,0.0366395144545599,0.0591695938508672,-0.0841986738396096,0.2093956467798402,-0.0180855445078543,0.261424836651606,0.0701726937193656,474726400.0,0.0,0.0,0.0,0.0,0.0,0.0,0.0,24.11000061035156,150.375,32.04999923706055,75.73999786376953,19100.0,6.26,6.5,6.26,6.53,0.0,0.0,0.0,0.0,0.0,0.0,0.0,0.0,0.0,0.0,0.0,0.0,0.0,-0.5299987792968821,3.5,0.0,0.0,0.0,-0.020000000000000462,0.3099999999999996,-0.020000000000000462,0.4300000000000006,0.0,0.0,0.0,0.0,0
2000-06-30 00:00:00+00:00,2.953125,-0.0016978273523084,0.0366395144545599,0.0591695938508672,-0.0841986738396096,0.2093956467798402,-0.0180855445078543,0.261424836651606,0.0701726937193656,474726400.0,0.0,0.0,0.0,0.0,0.0,0.0,0.0,19.540000915527344,145.28125,32.04999923706055,75.73999786376953,19100.0,6.1,6.3,6.1,6.48,0.0,0.0,0.0,0.0,0.0,0.0,0.0,0.0,0.0,0.0,0.0,0.0,0.0,-4.569999694824215,-5.09375,0.0,0.0,0.0,-0.16000000000000014,-0.20000000000000018,-0.16000000000000014,-0.04999999999999982,0.0,0.0,0.0,0.0,0
2000-09-30 00:00:00+00:00,2.953125,-0.0016978273523084,0.0366395144545599,0.0591695938508672,-0.0841986738396096,0.2093956467798402,-0.0180855445078543,0.261424836651606,0.0701726937193656,474726400.0,0.0,0.0,0.0,0.0,0.0,0.0,0.0,20.56999969482422,143.625,30.86000061035156,75.73999786376953,19100.0,5.8,5.93,5.8,6.08,0.0,0.0,0.0,0.0,0.0,0.0,0.0,0.0,0.0,0.0,0.0,0.0,0.0,1.029998779296875,-1.65625,-1.189998626708988,0.0,0.0,-0.2999999999999998,-0.3700000000000001,-0.2999999999999998,-0.40000000000000036,0.0,0.0,0.0,0.0,0
2000-12-31 00:00:00+00:00,2.953125,-0.0016978273523084,0.0366395144545599,0.0591695938508672,-0.0841986738396096,0.2093956467798402,-0.0180855445078543,0.261424836651606,0.0701726937193656,474726400.0,0.0,0.0,0.0,0.0,0.0,0.0,0.0,26.850000381469727,131.1875,26.799999237060547,75.73999786376953,19100.0,5.24,5.17,5.24,5.35,0.0,0.0,0.0,0.0,0.0,0.0,0.0,0.0,0.0,0.0,0.0,0.0,0.0,6.280000686645508,-12.4375,-4.060001373291012,0.0,0.0,-0.5599999999999996,-0.7599999999999998,-0.5599999999999996,-0.7300000000000004,0.0,0.0,0.0,0.0,0
2001-03-31 00:00:00+00:00,2.953125,-0.0016978273523084,0.0366395144545599,0.0591695938508672,-0.0841986738396096,0.2093956467798402,-0.0180855445078543,0.261424836651606,0.0701726937193656,467308800.0,0.0,0.0,0.0,0.0,0.0,0.0,0.0,28.63999938964844,116.69000244140624,26.399999618530273,75.73999786376953,19100.0,4.89,4.64,4.89,4.34,0.0,0.0,0.0,0.0,0.0,-7417600.0,0.0,0.0,0.0,0.0,0.0,0.0,0.0,1.7899990081787145,-14.497497558593764,-0.39999961853027344,0.0,0.0,-0.35000000000000053,-0.5300000000000002,-0.35000000000000053,-1.0099999999999998,0.0,0.0,0.0,0.0,0
2001-06-30 00:00:00+00:00,2.953125,-0.0016978273523084,0.0366395144545599,0.0591695938508672,-0.0841986738396096,0.2093956467798402,-0.0180855445078543,0.261424836651606,0.0701726937193656,474726400.0,0.0,0.0,0.0,0.0,0.0,0.0,0.0,19.059999465942383,122.5999984741211,26.25,75.73999786376953,19100.0,5.28,4.81,5.28,4.08,0.0,0.0,0.0,0.0,0.0,7417600.0,0.0,0.0,0.0,0.0,0.0,0.0,0.0,-9.579999923706058,5.909996032714858,-0.14999961853027344,0.0,0.0,0.39000000000000057,0.16999999999999993,0.39000000000000057,-0.2599999999999998,0.0,0.0,0.0,0.0,0
2001-09-30 00:00:00+00:00,2.953125,-0.0016978273523084,0.0366395144545599,0.0591695938508672,-0.0841986738396096,0.2093956467798402,-0.0180855445078543,0.261424836651606,0.0701726937193656,459891200.0,0.0,0.0,0.0,0.0,0.0,0.0,0.0,31.93000030517578,104.44000244140624,23.43000030517578,75.73999786376953,19100.0,4.73,4.12,4.73,3.12,0.0,0.0,0.0,0.0,0.0,-14835200.0,0.0,0.0,0.0,0.0,0.0,0.0,0.0,12.870000839233398,-18.159996032714858,-2.8199996948242188,0.0,0.0,-0.5499999999999998,-0.6899999999999995,-0.5499999999999998,-0.96,0.0,0.0,0.0,0.0,0
2001-12-31 00:00:00+00:00,2.953125,-0.0016978273523084,0.0366395144545599,0.0591695938508672,-0.0841986738396096,0.2093956467798402,-0.0180855445078543,0.261424836651606,0.0701726937193656,482144000.0,0.0,0.0,0.0,0.0,0.0,0.0,0.0,23.799999237060547,114.3000030517578,19.84000015258789,75.73999786376953,19100.0,5.09,4.39,5.09,3.11,0.0,0.0,0.0,0.0,0.0,22252800.0,0.0,0.0,0.0,0.0,0.0,0.0,0.0,-8.130001068115234,9.860000610351562,-3.5900001525878906,0.0,0.0,0.35999999999999943,0.2699999999999996,0.35999999999999943,-0.010000000000000231,0.0,0.0,0.0,0.0,0
2002-03-31 00:00:00+00:00,2.953125,-0.0016978273523084,0.0366395144545599,0.0591695938508672,-0.0841986738396096,0.2093956467798402,-0.0180855445078543,0.261424836651606,0.0701726937193656,452473600.0,0.0,0.0,0.0,0.0,0.0,0.0,0.0,17.399999618530273,114.5199966430664,26.229999542236328,75.73999786376953,19100.0,5.28,4.74,5.28,3.56,0.0,0.0,0.0,0.0,0.0,-29670400.0,0.0,0.0,0.0,0.0,0.0,0.0,0.0,-6.399999618530273,0.21999359130860796,6.3899993896484375,0.0,0.0,0.1900000000000004,0.35000000000000053,0.1900000000000004,0.4500000000000002,0.0,0.0,0.0,0.0,0
2002-06-30 00:00:00+00:00,2.953125,-0.0016978273523084,0.0366395144545599,0.0591695938508672,-0.0841986738396096,0.2093956467798402,-0.0180855445078543,0.261424836651606,0.0701726937193656,482144000.0,0.0,0.0,0.0,0.0,0.0,0.0,0.0,25.399999618530273,98.95999908447266,26.86000061035156,75.73999786376953,19100.0,4.93,4.19,4.93,2.99,0.0,0.0,0.0,0.0,0.0,29670400.0,0.0,0.0,0.0,0.0,0.0,0.0,0.0,8.0,-15.55999755859375,0.6300010681152308,0.0,0.0,-0.35000000000000053,-0.5499999999999998,-0.35000000000000053,-0.5699999999999998,0.0,0.0,0.0,0.0,0
2002-09-30 00:00:00+00:00,2.953125,-0.0016978273523084,0.0366395144545599,0.0591695938508672,-0.0841986738396096,0.2093956467798402,-0.0180855445078543,0.261424836651606,0.0701726937193656,482144000.0,0.0,0.0,0.0,0.0,0.0,0.0,0.0,39.689998626708984,81.79000091552734,30.469999313354492,75.73999786376953,19100.0,3.87,2.94,3.87,2.0,0.0,0.0,0.0,0.0,0.0,0.0,0.0,0.0,0.0,0.0,0.0,0.0,0.0,14.289999008178711,-17.169998168945312,3.6099987030029332,0.0,0.0,-1.0599999999999996,-1.2500000000000004,-1.0599999999999996,-0.9900000000000002,0.0,0.0,0.0,0.0,0
2002-12-31 00:00:00+00:00,2.953125,-0.0016978273523084,0.0366395144545599,0.0591695938508672,-0.0841986738396096,0.2093956467798402,-0.0180855445078543,0.261424836651606,0.0701726937193656,482144000.0,0.0,0.0,0.0,0.0,0.0,0.0,0.0,28.6200008392334,88.2300033569336,31.200000762939453,75.73999786376953,19100.0,4.03,3.03,4.03,1.84,0.0,0.0,0.0,0.0,0.0,0.0,0.0,0.0,0.0,0.0,0.0,0.0,0.0,-11.069997787475586,6.44000244140625,0.7300014495849609,0.0,0.0,0.16000000000000014,0.08999999999999986,0.16000000000000014,-0.15999999999999992,0.0,0.0,0.0,0.0,0
2003-03-31 00:00:00+00:00,2.953125,-0.0016978273523084,0.0366395144545599,0.0591695938508672,-0.0841986738396096,0.2093956467798402,-0.0180855445078543,0.261424836651606,0.0701726937193656,474726400.0,0.0,0.0,0.0,0.0,0.0,0.0,0.0,29.149999618530273,84.73999786376953,31.040000915527344,75.73999786376953,19100.0,3.81,2.78,3.81,1.57,0.0,0.0,0.0,0.0,0.0,-7417600.0,0.0,0.0,0.0,0.0,0.0,0.0,0.0,0.529998779296875,-3.4900054931640625,-0.15999984741210938,0.0,0.0,-0.2200000000000002,-0.25,-0.2200000000000002,-0.27,0.0,0.0,0.0,0.0,0
2003-06-30 00:00:00+00:00,2.953125,-0.0016978273523084,0.0366395144545599,0.0591695938508672,-0.0841986738396096,0.2093956467798402,-0.0180855445078543,0.261424836651606,0.0701726937193656,474726400.0,0.0,0.0,0.0,0.0,0.0,0.0,0.0,19.520000457763672,97.62999725341795,30.190000534057617,75.73999786376953,19100.0,3.33,2.27,3.33,1.23,0.0,0.0,0.0,0.0,0.0,0.0,0.0,0.0,0.0,0.0,0.0,0.0,0.0,-9.629999160766602,12.889999389648423,-0.8500003814697266,0.0,0.0,-0.48,-0.5099999999999998,-0.48,-0.3400000000000001,0.0,0.0,0.0,0.0,0
2003-09-30 00:00:00+00:00,2.953125,-0.0016978273523084,0.0366395144545599,0.0591695938508672,-0.0841986738396096,0.2093956467798402,-0.0180855445078543,0.261424836651606,0.0701726937193656,482144000.0,0.0,0.0,0.0,0.0,0.0,0.0,0.0,22.719999313354492,99.9499969482422,29.200000762939453,75.73999786376953,19100.0,4.27,3.18,4.27,1.71,0.0,0.0,0.0,0.0,0.0,7417600.0,0.0,0.0,0.0,0.0,0.0,0.0,0.0,3.1999988555908203,2.319999694824247,-0.9899997711181641,0.0,0.0,0.9399999999999995,0.9100000000000001,0.9399999999999995,0.48,0.0,0.0,0.0,0.0,0
2003-12-31 00:00:00+00:00,2.953125,-0.0016978273523084,0.0366395144545599,0.0591695938508672,-0.0841986738396096,0.2093956467798402,-0.0180855445078543,0.261424836651606,0.0701726937193656,482144000.0,0.0,0.0,0.0,0.0,0.0,0.0,0.0,18.309999465942383,111.27999877929688,32.52000045776367,75.73999786376953,19100.0,4.27,3.27,4.27,1.91,0.0,0.0,0.0,0.0,0.0,0.0,0.0,0.0,0.0,0.0,0.0,0.0,0.0,-4.409999847412109,11.330001831054673,3.3199996948242188,0.0,0.0,0.0,0.08999999999999986,0.0,0.19999999999999996,0.0,0.0,0.0,0.0,0
2004-03-31 00:00:00+00:00,2.953125,-0.0016978273523084,0.0366395144545599,0.0591695938508672,-0.0841986738396096,0.2093956467798402,-0.0180855445078543,0.261424836651606,0.0701726937193656,474726400.0,0.0,0.0,0.0,0.0,0.0,0.0,0.0,16.739999771118164,113.0999984741211,35.7599983215332,75.73999786376953,19100.0,3.83,2.79,3.83,1.58,0.0,0.0,0.0,0.0,0.0,-7417600.0,0.0,0.0,0.0,0.0,0.0,0.0,0.0,-1.5699996948242188,1.8199996948242188,3.2399978637695312,0.0,0.0,-0.4399999999999995,-0.48,-0.4399999999999995,-0.32999999999999985,0.0,0.0,0.0,0.0,0
2004-06-30 00:00:00+00:00,2.953125,-0.0016978273523084,0.0366395144545599,0.0591695938508672,-0.0841986738396096,0.2093956467798402,-0.0180855445078543,0.261424836651606,0.0701726937193656,467308800.0,0.0,0.0,0.0,0.0,0.0,0.0,0.0,14.34000015258789,114.52999877929688,37.04999923706055,75.73999786376953,19100.0,4.73,3.93,4.73,2.76,0.0,0.0,0.0,0.0,0.0,-7417600.0,0.0,0.0,0.0,0.0,0.0,0.0,0.0,-2.3999996185302734,1.4300003051757812,1.2900009155273438,0.0,0.0,0.9000000000000004,1.1400000000000001,0.9000000000000004,1.1799999999999997,0.0,0.0,0.0,0.0,0
2004-09-30 00:00:00+00:00,2.953125,-0.0016978273523084,0.0366395144545599,0.0591695938508672,-0.0841986738396096,0.2093956467798402,-0.0180855445078543,0.261424836651606,0.0701726937193656,482144000.0,0.0,0.0,0.0,0.0,0.0,0.0,0.0,13.34000015258789,111.76000213623048,49.63999938964844,75.73999786376953,19100.0,4.13,3.36,4.13,2.53,0.0,0.0,0.0,0.0,0.0,14835200.0,0.0,0.0,0.0,0.0,0.0,0.0,0.0,-1.0,-2.769996643066392,12.59000015258789,0.0,0.0,-0.6000000000000005,-0.5700000000000003,-0.6000000000000005,-0.22999999999999998,0.0,0.0,0.0,0.0,0
2004-12-31 00:00:00+00:00,2.953125,-0.0016978273523084,0.0366395144545599,0.0591695938508672,-0.0841986738396096,0.2093956467798402,-0.0180855445078543,0.261424836651606,0.0701726937193656,474726400.0,0.0,0.0,0.0,0.0,0.0,0.0,0.0,13.289999961853027,120.87000274658205,43.45000076293945,75.73999786376953,19100.0,4.23,3.6,4.23,3.01,0.0,0.0,0.0,0.0,0.0,-7417600.0,0.0,0.0,0.0,0.0,0.0,0.0,0.0,-0.05000019073486328,9.110000610351562,-6.189998626708984,0.0,0.0,0.10000000000000053,0.2400000000000002,0.10000000000000053,0.48,0.0,0.0,0.0,0.0,0
2005-03-31 00:00:00+00:00,2.953125,-0.0016978273523084,0.0366395144545599,0.0591695938508672,-0.0841986738396096,0.2093956467798402,-0.0180855445078543,0.261424836651606,0.0701726937193656,459891200.0,0.0,0.0,0.0,0.0,0.0,0.0,0.0,14.020000457763672,117.95999908447266,55.400001525878906,75.73999786376953,19100.0,4.5,4.17,4.5,3.73,0.0,0.0,0.0,0.0,0.0,-14835200.0,0.0,0.0,0.0,0.0,0.0,0.0,0.0,0.7300004959106445,-2.910003662109389,11.950000762939453,0.0,0.0,0.2699999999999996,0.5699999999999998,0.2699999999999996,0.7200000000000002,0.0,0.0,0.0,0.0,0
2005-06-30 00:00:00+00:00,2.953125,-0.0016978273523084,0.0366395144545599,0.0591695938508672,-0.0841986738396096,0.2093956467798402,-0.0180855445078543,0.261424836651606,0.0701726937193656,482144000.0,0.0,0.0,0.0,0.0,0.0,0.0,0.0,12.039999961853027,119.18000030517578,56.5,75.73999786376953,19100.0,4.0,3.77,4.0,3.64,0.0,0.0,0.0,0.0,0.0,22252800.0,0.0,0.0,0.0,0.0,0.0,0.0,0.0,-1.9800004959106445,1.220001220703125,1.0999984741210938,0.0,0.0,-0.5,-0.3999999999999999,-0.5,-0.08999999999999986,0.0,0.0,0.0,0.0,0
2005-09-30 00:00:00+00:00,2.953125,-0.0016978273523084,0.0366395144545599,0.0591695938508672,-0.0841986738396096,0.2093956467798402,-0.0180855445078543,0.261424836651606,0.0701726937193656,474726400.0,0.0,0.0,0.0,0.0,0.0,0.0,0.0,11.920000076293944,123.04000091552734,66.23999786376953,75.73999786376953,19100.0,4.2,4.01,4.2,3.95,0.0,0.0,0.0,0.0,0.0,-7417600.0,0.0,0.0,0.0,0.0,0.0,0.0,0.0,-0.11999988555908381,3.8600006103515625,9.739997863769531,0.0,0.0,0.20000000000000018,0.23999999999999977,0.20000000000000018,0.31000000000000005,0.0,0.0,0.0,0.0,0
2005-12-31 00:00:00+00:00,2.953125,-0.0016978273523084,0.0366395144545599,0.0591695938508672,-0.0841986738396096,0.2093956467798402,-0.0180855445078543,0.261424836651606,0.0701726937193656,474726400.0,0.0,0.0,0.0,0.0,0.0,0.0,0.0,12.06999969482422,124.51000213623048,61.040000915527344,75.73999786376953,19100.0,4.47,4.39,4.47,4.4,0.0,0.0,0.0,0.0,0.0,0.0,0.0,0.0,0.0,0.0,0.0,0.0,0.0,0.149999618530277,1.4700012207031392,-5.1999969482421875,0.0,0.0,0.2699999999999996,0.3799999999999999,0.2699999999999996,0.4500000000000002,0.0,0.0,0.0,0.0,0
2006-03-31 00:00:00+00:00,2.953125,-0.0016978273523084,0.0366395144545599,0.0591695938508672,-0.0841986738396096,0.2093956467798402,-0.0180855445078543,0.261424836651606,0.0701726937193656,467308800.0,0.0,0.0,0.0,0.0,0.0,0.0,0.0,11.390000343322754,129.8300018310547,66.62999725341797,75.73999786376953,19100.0,4.72,4.72,4.72,4.73,0.0,0.0,0.0,0.0,0.0,-7417600.0,0.0,0.0,0.0,0.0,0.0,0.0,0.0,-0.6799993515014666,5.3199996948242045,5.589996337890625,0.0,0.0,0.25,0.33000000000000007,0.25,0.33000000000000007,0.0,0.0,0.0,0.0,0
2006-06-30 00:00:00+00:00,2.953125,-0.0016978273523084,0.0366395144545599,0.0591695938508672,-0.0841986738396096,0.2093956467798402,-0.0180855445078543,0.261424836651606,0.0701726937193656,474726400.0,0.0,0.0,0.0,0.0,0.0,0.0,0.0,13.079999923706056,127.27999877929688,73.9800033569336,75.73999786376953,19100.0,5.11,5.07,5.11,5.12,0.0,0.0,0.0,0.0,0.0,7417600.0,0.0,0.0,0.0,0.0,0.0,0.0,0.0,1.6899995803833026,-2.5500030517578125,7.350006103515625,0.0,0.0,0.39000000000000057,0.35000000000000053,0.39000000000000057,0.3899999999999997,0.0,0.0,0.0,0.0,0
2006-09-30 00:00:00+00:00,2.953125,-0.0016978273523084,0.0366395144545599,0.0591695938508672,-0.0841986738396096,0.2093956467798402,-0.0180855445078543,0.261424836651606,0.0701726937193656,482144000.0,0.0,0.0,0.0,0.0,0.0,0.0,0.0,11.979999542236328,133.5800018310547,62.90999984741211,75.73999786376953,19100.0,4.72,4.67,4.72,4.77,0.0,0.0,0.0,0.0,0.0,7417600.0,0.0,0.0,0.0,0.0,0.0,0.0,0.0,-1.1000003814697283,6.3000030517578125,-11.070003509521484,0.0,0.0,-0.39000000000000057,-0.40000000000000036,-0.39000000000000057,-0.35000000000000053,0.0,0.0,0.0,0.0,0
2006-12-31 00:00:00+00:00,2.953125,-0.0016978273523084,0.0366395144545599,0.0591695938508672,-0.0841986738396096,0.2093956467798402,-0.0180855445078543,0.261424836651606,0.0701726937193656,474726400.0,0.0,0.0,0.0,0.0,0.0,0.0,0.0,11.5600004196167,141.6199951171875,61.04999923706055,75.73999786376953,19100.0,4.56,4.53,4.56,4.67,0.0,0.0,0.0,0.0,0.0,-7417600.0,0.0,0.0,0.0,0.0,0.0,0.0,0.0,-0.4199991226196289,8.039993286132812,-1.8600006103515625,0.0,0.0,-0.16000000000000014,-0.13999999999999968,-0.16000000000000014,-0.09999999999999964,0.0,0.0,0.0,0.0,0
2007-03-31 00:00:00+00:00,2.953125,-0.0016978273523084,0.0366395144545599,0.0591695938508672,-0.0841986738396096,0.2093956467798402,-0.0180855445078543,0.261424836651606,0.0701726937193656,467308800.0,0.0,0.0,0.0,0.0,0.0,0.0,0.0,14.640000343322754,142.0,65.87000274658203,75.73999786376953,19100.0,4.56,4.48,4.56,4.57,0.0,0.0,0.0,0.0,0.0,-7417600.0,0.0,0.0,0.0,0.0,0.0,0.0,0.0,3.0799999237060547,0.3800048828125,4.820003509521484,0.0,0.0,0.0,-0.04999999999999982,0.0,-0.09999999999999964,0.0,0.0,0.0,0.0,0
2007-06-30 00:00:00+00:00,2.953125,-0.0016978273523084,0.0366395144545599,0.0591695938508672,-0.0841986738396096,0.2093956467798402,-0.0180855445078543,0.261424836651606,0.0701726937193656,474726400.0,0.0,0.0,0.0,0.0,0.0,0.0,0.0,16.229999542236328,150.42999267578125,70.68000030517578,75.73999786376953,19100.0,5.1,5.03,5.1,4.98,0.0,0.0,0.0,0.0,0.0,7417600.0,0.0,0.0,0.0,0.0,0.0,0.0,0.0,1.5899991989135742,8.42999267578125,4.80999755859375,0.0,0.0,0.54,0.5499999999999998,0.54,0.41000000000000014,0.0,0.0,0.0,0.0,0
2007-09-30 00:00:00+00:00,2.953125,-0.0016978273523084,0.0366395144545599,0.0591695938508672,-0.0841986738396096,0.2093956467798402,-0.0180855445078543,0.261424836651606,0.0701726937193656,482144000.0,0.0,0.0,0.0,0.0,0.0,0.0,0.0,18.0,152.5800018310547,81.66000366210938,79.16999816894531,19100.0,4.52,4.2,4.52,4.01,0.0,0.0,0.0,0.0,0.0,7417600.0,0.0,0.0,0.0,0.0,0.0,0.0,0.0,1.7700004577636719,2.1500091552734375,10.980003356933594,3.4300003051757812,0.0,-0.5800000000000001,-0.8300000000000001,-0.5800000000000001,-0.9700000000000006,0.0,0.0,0.0,0.0,0
2007-12-31 00:00:00+00:00,2.953125,-0.0016978273523084,0.0366395144545599,0.0591695938508672,-0.0841986738396096,0.2093956467798402,-0.0180855445078543,0.261424836651606,0.0701726937193656,482144000.0,0.0,0.0,0.0,0.0,0.0,0.0,0.0,22.5,146.2100067138672,95.9800033569336,93.8499984741211,19100.0,4.1,3.49,4.1,3.12,0.0,0.0,0.0,0.0,0.0,0.0,0.0,0.0,0.0,0.0,0.0,0.0,0.0,4.5,-6.3699951171875,14.319999694824219,14.680000305175781,0.0,-0.41999999999999993,-0.71,-0.41999999999999993,-0.8899999999999997,0.0,0.0,0.0,0.0,0
2008-03-31 00:00:00+00:00,2.953125,-0.0016978273523084,0.0366395144545599,0.0591695938508672,-0.0841986738396096,0.2093956467798402,-0.0180855445078543,0.261424836651606,0.0701726937193656,467308800.0,0.0,0.0,0.0,0.0,0.0,0.0,0.0,25.61000061035156,131.97000122070312,101.58000183105467,100.3000030517578,19100.0,3.51,2.48,3.51,1.62,0.0,0.0,0.0,0.0,0.0,-14835200.0,0.0,0.0,0.0,0.0,0.0,0.0,0.0,3.110000610351559,-14.240005493164062,5.5999984741210795,6.4500045776367045,0.0,-0.5899999999999999,-1.0100000000000002,-0.5899999999999999,-1.5,0.0,0.0,0.0,0.0,0
2008-06-30 00:00:00+00:00,2.953125,-0.0016978273523084,0.0366395144545599,0.0591695938508672,-0.0841986738396096,0.2093956467798402,-0.0180855445078543,0.261424836651606,0.0701726937193656,482144000.0,0.0,0.0,0.0,0.0,0.0,0.0,0.0,23.950000762939453,127.9800033569336,140.0,139.8300018310547,19100.0,4.1,3.49,4.1,2.77,0.0,0.0,0.0,0.0,0.0,14835200.0,0.0,0.0,0.0,0.0,0.0,0.0,0.0,-1.6599998474121058,-3.9899978637695312,38.41999816894533,39.52999877929689,0.0,0.5899999999999999,1.0100000000000002,0.5899999999999999,1.15,0.0,0.0,0.0,0.0,0
2008-09-30 00:00:00+00:00,2.953125,-0.0016978273523084,0.0366395144545599,0.0591695938508672,-0.0841986738396096,0.2093956467798402,-0.0180855445078543,0.261424836651606,0.0701726937193656,482144000.0,0.0,0.0,0.0,0.0,0.0,0.0,0.0,39.38999938964844,115.98999786376952,100.63999938964844,98.16999816894533,19100.0,3.69,2.88,3.69,2.08,0.0,0.0,0.0,0.0,0.0,0.0,0.0,0.0,0.0,0.0,0.0,0.0,0.0,15.439998626708984,-11.990005493164077,-39.36000061035156,-41.66000366210936,0.0,-0.4099999999999997,-0.6100000000000003,-0.4099999999999997,-0.69,0.0,0.0,0.0,0.0,0
2008-12-31 00:00:00+00:00,2.953125,-0.0016978273523084,0.0366395144545599,0.0591695938508672,-0.0841986738396096,0.2093956467798402,-0.0180855445078543,0.261424836651606,0.0701726937193656,482144000.0,0.0,0.0,0.0,0.0,0.0,0.0,0.0,40.0,90.23999786376952,44.599998474121094,45.59000015258789,19100.0,2.42,1.52,2.42,0.82,0.0,0.0,0.0,0.0,0.0,0.0,0.0,0.0,0.0,0.0,0.0,0.0,0.0,0.6100006103515625,-25.75,-56.040000915527344,-52.579998016357436,0.0,-1.27,-1.3599999999999999,-1.27,-1.2600000000000002,0.0,0.0,0.0,0.0,0
2009-03-31 00:00:00+00:00,2.953125,-0.0016978273523084,0.0366395144545599,0.0591695938508672,-0.0841986738396096,0.2093956467798402,-0.0180855445078543,0.261424836651606,0.0701726937193656,474726400.0,0.0,0.0,0.0,0.0,0.0,0.0,0.0,44.13999938964844,79.5199966430664,49.65999984741211,49.22999954223633,19100.0,2.82,1.82,2.82,0.93,0.0,0.0,0.0,0.0,0.0,-7417600.0,0.0,0.0,0.0,0.0,0.0,0.0,0.0,4.1399993896484375,-10.72000122070311,5.060001373291016,3.6399993896484375,0.0,0.3999999999999999,0.30000000000000004,0.3999999999999999,0.1100000000000001,0.0,0.0,0.0,0.0,0
2009-06-30 00:00:00+00:00,2.953125,-0.0016978273523084,0.0366395144545599,0.0591695938508672,-0.0841986738396096,0.2093956467798402,-0.0180855445078543,0.261424836651606,0.0701726937193656,467308800.0,0.0,0.0,0.0,0.0,0.0,0.0,0.0,26.350000381469727,91.9499969482422,69.88999938964844,69.30000305175781,19100.0,3.72,2.71,3.72,1.18,0.0,0.0,0.0,0.0,0.0,-7417600.0,0.0,0.0,0.0,0.0,0.0,0.0,0.0,-17.78999900817871,12.430000305175795,20.229999542236328,20.070003509521484,0.0,0.9000000000000004,0.8899999999999999,0.9000000000000004,0.2499999999999999,0.0,0.0,0.0,0.0,0
2009-09-30 00:00:00+00:00,2.953125,-0.0016978273523084,0.0366395144545599,0.0591695938508672,-0.0841986738396096,0.2093956467798402,-0.0180855445078543,0.261424836651606,0.0701726937193656,482144000.0,0.0,0.0,0.0,0.0,0.0,0.0,0.0,25.61000061035156,105.58999633789062,70.61000061035156,69.06999969482422,19100.0,3.4,2.37,3.4,0.96,0.0,0.0,0.0,0.0,0.0,14835200.0,0.0,0.0,0.0,0.0,0.0,0.0,0.0,-0.7399997711181676,13.639999389648423,0.720001220703125,-0.23000335693359375,0.0,-0.3200000000000003,-0.33999999999999986,-0.3200000000000003,-0.21999999999999997,0.0,0.0,0.0,0.0,0
2009-12-31 00:00:00+00:00,2.953125,-0.0016978273523084,0.0366395144545599,0.0591695938508672,-0.0841986738396096,0.2093956467798402,-0.0180855445078543,0.261424836651606,0.0701726937193656,482144000.0,0.0,0.0,0.0,0.0,0.0,0.0,0.0,21.68000030517578,111.44000244140624,79.36000061035156,77.93000030517578,19100.0,3.59,2.34,3.59,0.87,0.0,0.0,0.0,0.0,0.0,0.0,0.0,0.0,0.0,0.0,0.0,0.0,0.0,-3.9300003051757777,5.850006103515611,8.75,8.860000610351562,0.0,0.18999999999999995,-0.03000000000000025,0.18999999999999995,-0.08999999999999997,0.0,0.0,0.0,0.0,0
2010-03-31 00:00:00+00:00,2.953125,-0.0016978273523084,0.0366395144545599,0.0591695938508672,-0.0841986738396096,0.2093956467798402,-0.0180855445078543,0.261424836651606,0.0701726937193656,459891200.0,0.0,0.0,0.0,0.0,0.0,0.0,0.0,17.59000015258789,117.0,83.76000213623047,82.69999694824219,19100.0,3.73,2.43,3.73,0.96,0.0,0.0,0.0,0.0,0.0,-22252800.0,0.0,0.0,0.0,0.0,0.0,0.0,0.0,-4.090000152587891,5.559997558593764,4.400001525878906,4.769996643066406,0.0,0.14000000000000012,0.0900000000000003,0.14000000000000012,0.08999999999999997,0.0,0.0,0.0,0.0,0
2010-06-30 00:00:00+00:00,2.953125,-0.0016978273523084,0.0366395144545599,0.0591695938508672,-0.0841986738396096,0.2093956467798402,-0.0180855445078543,0.261424836651606,0.0701726937193656,474726400.0,0.0,0.0,0.0,0.0,0.0,0.0,0.0,34.540000915527344,103.22000122070312,75.62999725341797,75.01000213623047,19100.0,3.2,2.0,3.2,0.72,0.0,0.0,0.0,0.0,0.0,14835200.0,0.0,0.0,0.0,0.0,0.0,0.0,0.0,16.950000762939453,-13.779998779296875,-8.1300048828125,-7.689994812011719,0.0,-0.5299999999999998,-0.43000000000000016,-0.5299999999999998,-0.24,0.0,0.0,0.0,0.0,0
2010-09-30 00:00:00+00:00,2.953125,-0.0016978273523084,0.0366395144545599,0.0591695938508672,-0.0841986738396096,0.2093956467798402,-0.0180855445078543,0.261424836651606,0.0701726937193656,482144000.0,0.0,0.0,0.0,0.0,0.0,0.0,0.0,23.700000762939453,114.12999725341795,79.97000122070312,82.30999755859375,19100.0,2.65,1.41,2.65,0.48,0.0,0.0,0.0,0.0,0.0,7417600.0,0.0,0.0,0.0,0.0,0.0,0.0,0.0,-10.84000015258789,10.90999603271483,4.340003967285156,7.299995422363281,0.0,-0.5500000000000003,-0.5900000000000001,-0.5500000000000003,-0.24,0.0,0.0,0.0,0.0,0
2010-12-31 00:00:00+00:00,2.953125,-0.0016978273523084,0.0366395144545599,0.0591695938508672,-0.0841986738396096,0.2093956467798402,-0.0180855445078543,0.261424836651606,0.0701726937193656,474726400.0,0.0,0.0,0.0,0.0,0.0,0.0,0.0,17.75,125.75,91.37999725341795,94.75,19100.0,3.29,1.93,3.29,0.62,0.0,0.0,0.0,0.0,0.0,-7417600.0,0.0,0.0,0.0,0.0,0.0,0.0,0.0,-5.950000762939453,11.620002746582045,11.40999603271483,12.44000244140625,0.0,0.6400000000000001,0.52,0.6400000000000001,0.14,0.0,0.0,0.0,0.0,0
2011-03-31 00:00:00+00:00,2.953125,-0.0016978273523084,0.0366395144545599,0.0591695938508672,-0.0841986738396096,0.2093956467798402,-0.0180855445078543,0.261424836651606,0.0701726937193656,467308800.0,0.0,0.0,0.0,0.0,0.0,0.0,0.0,17.739999771118164,132.58999633789062,106.72000122070312,117.36000061035156,19100.0,3.41,2.11,3.41,0.7,0.0,0.0,0.0,0.0,0.0,-7417600.0,0.0,0.0,0.0,0.0,0.0,0.0,0.0,-0.010000228881835938,6.839996337890625,15.34000396728517,22.610000610351562,0.0,0.1200000000000001,0.17999999999999994,0.1200000000000001,0.07999999999999996,0.0,0.0,0.0,0.0,0
2011-06-30 00:00:00+00:00,2.953125,-0.0016978273523084,0.0366395144545599,0.0591695938508672,-0.0841986738396096,0.2093956467798402,-0.0180855445078543,0.261424836651606,0.0701726937193656,474726400.0,0.0,0.0,0.0,0.0,0.0,0.0,0.0,16.520000457763672,131.97000122070312,95.41999816894533,112.4800033569336,19100.0,3.0,1.58,3.0,0.41,0.0,0.0,0.0,0.0,0.0,7417600.0,0.0,0.0,0.0,0.0,0.0,0.0,0.0,-1.2199993133544922,-0.6199951171875,-11.300003051757798,-4.879997253417969,0.0,-0.41000000000000014,-0.5299999999999998,-0.41000000000000014,-0.29,0.0,0.0,0.0,0.0,0
2011-09-30 00:00:00+00:00,2.953125,-0.0016978273523084,0.0366395144545599,0.0591695938508672,-0.0841986738396096,0.2093956467798402,-0.0180855445078543,0.261424836651606,0.0701726937193656,474726400.0,0.0,0.0,0.0,0.0,0.0,0.0,0.0,42.959999084472656,113.1500015258789,79.19999694824219,102.76000213623048,19100.0,1.98,0.9,1.98,0.21,0.0,0.0,0.0,0.0,0.0,0.0,0.0,0.0,0.0,0.0,0.0,0.0,0.0,26.439998626708984,-18.81999969482422,-16.22000122070314,-9.72000122070311,0.0,-1.02,-0.68,-1.02,-0.19999999999999998,0.0,0.0,0.0,0.0,0
2011-12-31 00:00:00+00:00,2.953125,-0.0016978273523084,0.0366395144545599,0.0591695938508672,-0.0841986738396096,0.2093956467798402,-0.0180855445078543,0.261424836651606,0.0701726937193656,474726400.0,0.0,0.0,0.0,0.0,0.0,0.0,0.0,23.399999618530273,125.5,98.83000183105467,107.37999725341795,19100.0,1.98,0.89,1.98,0.26,0.0,0.0,0.0,0.0,0.0,0.0,0.0,0.0,0.0,0.0,0.0,0.0,0.0,-19.559999465942383,12.349998474121094,19.630004882812486,4.619995117187472,0.0,0.0,-0.010000000000000009,0.0,0.05000000000000002,0.0,0.0,0.0,0.0,0
2012-03-31 00:00:00+00:00,2.953125,-0.0016978273523084,0.0366395144545599,0.0591695938508672,-0.0841986738396096,0.2093956467798402,-0.0180855445078543,0.261424836651606,0.0701726937193656,467308800.0,0.0,0.0,0.0,0.0,0.0,0.0,0.0,15.5,140.80999755859375,103.0199966430664,122.87999725341795,19100.0,2.17,1.02,2.17,0.34,0.0,0.0,0.0,0.0,0.0,-7417600.0,0.0,0.0,0.0,0.0,0.0,0.0,0.0,-7.899999618530273,15.30999755859375,4.189994812011733,15.5,0.0,0.18999999999999995,0.13,0.18999999999999995,0.08000000000000002,0.0,0.0,0.0,0.0,0
2012-06-30 00:00:00+00:00,2.953125,-0.0016978273523084,0.0366395144545599,0.0591695938508672,-0.0841986738396096,0.2093956467798402,-0.0180855445078543,0.261424836651606,0.0701726937193656,474726400.0,0.0,0.0,0.0,0.0,0.0,0.0,0.0,17.079999923706055,136.10000610351562,84.95999908447266,97.8000030517578,19100.0,1.62,0.71,1.62,0.29,0.0,0.0,0.0,0.0,0.0,7417600.0,0.0,0.0,0.0,0.0,0.0,0.0,0.0,1.5799999237060547,-4.709991455078125,-18.05999755859375,-25.079994201660156,0.0,-0.5499999999999998,-0.31000000000000005,-0.5499999999999998,-0.050000000000000044,0.0,0.0,0.0,0.0,0
2012-09-30 00:00:00+00:00,2.953125,-0.0016978273523084,0.0366395144545599,0.0591695938508672,-0.0841986738396096,0.2093956467798402,-0.0180855445078543,0.261424836651606,0.0701726937193656,482144000.0,0.0,0.0,0.0,0.0,0.0,0.0,0.0,15.729999542236328,143.97000122070312,92.19000244140624,112.38999938964844,19100.0,1.72,0.67,1.72,0.26,0.0,0.0,0.0,0.0,0.0,7417600.0,0.0,0.0,0.0,0.0,0.0,0.0,0.0,-1.3500003814697266,7.8699951171875,7.2300033569335795,14.58999633789064,0.0,0.09999999999999987,-0.039999999999999925,0.09999999999999987,-0.02999999999999997,0.0,0.0,0.0,0.0,0
2012-12-31 00:00:00+00:00,2.953125,-0.0016978273523084,0.0366395144545599,0.0591695938508672,-0.0841986738396096,0.2093956467798402,-0.0180855445078543,0.261424836651606,0.0701726937193656,467308800.0,0.0,0.0,0.0,0.0,0.0,0.0,0.0,18.020000457763672,142.41000366210938,91.81999969482422,111.11000061035156,19100.0,1.72,0.7,1.72,0.26,0.0,0.0,0.0,0.0,0.0,-14835200.0,0.0,0.0,0.0,0.0,0.0,0.0,0.0,2.2900009155273438,-1.55999755859375,-0.37000274658201704,-1.279998779296875,0.0,0.0,0.029999999999999916,0.0,0.0,0.0,0.0,0.0,0.0,0
2013-03-31 00:00:00+00:00,2.953125,-0.0016978273523084,0.0366395144545599,0.0591695938508672,-0.0841986738396096,0.2093956467798402,-0.0180855445078543,0.261424836651606,0.0701726937193656,452473600.0,0.0,0.0,0.0,0.0,0.0,0.0,0.0,12.699999809265137,156.6699981689453,97.2300033569336,110.0199966430664,19100.0,1.96,0.82,1.96,0.26,0.0,0.0,0.0,0.0,0.0,-14835200.0,0.0,0.0,0.0,0.0,0.0,0.0,0.0,-5.320000648498535,14.259994506835938,5.410003662109375,-1.0900039672851562,0.0,0.24,0.12,0.24,0.0,0.0,0.0,0.0,0.0,0
2013-06-30 00:00:00+00:00,2.953125,-0.0016978273523084,0.0366395144545599,0.0591695938508672,-0.0841986738396096,0.2093956467798402,-0.0180855445078543,0.261424836651606,0.0701726937193656,482144000.0,0.0,0.0,0.0,0.0,0.0,0.0,0.0,16.860000610351562,160.4199981689453,96.55999755859376,102.16000366210938,19100.0,2.3,1.2,2.3,0.33,0.0,0.0,0.0,0.0,0.0,29670400.0,0.0,0.0,0.0,0.0,0.0,0.0,0.0,4.160000801086426,3.75,-0.6700057983398295,-7.859992980957031,0.0,0.33999999999999986,0.38,0.33999999999999986,0.07,0.0,0.0,0.0,0.0,0
2013-09-30 00:00:00+00:00,2.953125,-0.0016978273523084,0.0366395144545599,0.0591695938508672,-0.0841986738396096,0.2093956467798402,-0.0180855445078543,0.261424836651606,0.0701726937193656,482144000.0,0.0,0.0,0.0,0.0,0.0,0.0,0.0,16.600000381469727,168.00999450683594,102.33000183105467,108.37000274658205,19100.0,2.81,1.6,2.81,0.4,0.0,0.0,0.0,0.0,0.0,0.0,0.0,0.0,0.0,0.0,0.0,0.0,0.0,-0.26000022888183594,7.589996337890625,5.770004272460909,6.2099990844726705,0.0,0.5100000000000002,0.40000000000000013,0.5100000000000002,0.07,0.0,0.0,0.0,0.0,0
2013-12-31 00:00:00+00:00,2.953125,-0.0016978273523084,0.0366395144545599,0.0591695938508672,-0.0841986738396096,0.2093956467798402,-0.0180855445078543,0.261424836651606,0.0701726937193656,482144000.0,0.0,0.0,0.0,0.0,0.0,0.0,0.0,13.720000267028809,184.69000244140625,98.41999816894533,110.8000030517578,19100.0,2.9,1.58,2.9,0.34,0.0,0.0,0.0,0.0,0.0,0.0,0.0,0.0,0.0,0.0,0.0,0.0,0.0,-2.880000114440918,16.680007934570312,-3.9100036621093466,2.430000305175753,0.0,0.08999999999999986,-0.020000000000000018,0.08999999999999986,-0.06,0.0,0.0,0.0,0.0,0
2014-03-31 00:00:00+00:00,2.953125,-0.0016978273523084,0.0366395144545599,0.0591695938508672,-0.0841986738396096,0.2093956467798402,-0.0180855445078543,0.261424836651606,0.0701726937193656,474726400.0,0.0,0.0,0.0,0.0,0.0,0.0,0.0,13.880000114440918,187.0099945068359,101.58000183105467,107.76000213623048,19100.0,2.72,1.64,2.72,0.4,0.0,0.0,0.0,0.0,0.0,-7417600.0,0.0,0.0,0.0,0.0,0.0,0.0,0.0,0.15999984741210938,2.319992065429659,3.1600036621093466,-3.0400009155273153,0.0,-0.17999999999999972,0.05999999999999983,-0.17999999999999972,0.06,0.0,0.0,0.0,0.0,0
2014-06-30 00:00:00+00:00,2.953125,-0.0016978273523084,0.0366395144545599,0.0591695938508672,-0.0841986738396096,0.2093956467798402,-0.0180855445078543,0.261424836651606,0.0701726937193656,474726400.0,0.0,0.0,0.0,0.0,0.0,0.0,0.0,11.56999969482422,195.72000122070312,105.37000274658205,112.36000061035156,19100.0,2.6,1.68,2.6,0.45,0.0,0.0,0.0,0.0,0.0,0.0,0.0,0.0,0.0,0.0,0.0,0.0,0.0,-2.3100004196166974,8.710006713867216,3.790000915527372,4.5999984741210795,0.0,-0.1200000000000001,0.040000000000000036,-0.1200000000000001,0.04999999999999999,0.0,0.0,0.0,0.0,0
2014-09-30 00:00:00+00:00,2.953125,-0.0016978273523084,0.0366395144545599,0.0591695938508672,-0.0841986738396096,0.2093956467798402,-0.0180855445078543,0.261424836651606,0.0701726937193656,482144000.0,0.0,0.0,0.0,0.0,0.0,0.0,0.0,16.309999465942383,197.02000427246097,91.16000366210938,94.66999816894533,19100.0,2.53,1.77,2.53,0.57,0.0,0.0,0.0,0.0,0.0,7417600.0,0.0,0.0,0.0,0.0,0.0,0.0,0.0,4.739999771118162,1.300003051757841,-14.20999908447267,-17.690002441406236,0.0,-0.07000000000000028,0.09000000000000008,-0.07000000000000028,0.11999999999999994,0.0,0.0,0.0,0.0,0
2014-12-31 00:00:00+00:00,2.953125,-0.0016978273523084,0.0366395144545599,0.0591695938508672,-0.0841986738396096,0.2093956467798402,-0.0180855445078543,0.261424836651606,0.0701726937193656,482144000.0,0.0,0.0,0.0,0.0,0.0,0.0,0.0,19.200000762939453,205.5399932861328,53.27000045776367,57.33000183105469,19100.0,2.21,1.64,2.21,0.64,0.0,0.0,0.0,0.0,0.0,0.0,0.0,0.0,0.0,0.0,0.0,0.0,0.0,2.8900012969970703,8.519989013671847,-37.8900032043457,-37.33999633789064,0.0,-0.31999999999999984,-0.13000000000000012,-0.31999999999999984,0.07000000000000006,0.0,0.0,0.0,0.0,0
2015-03-31 00:00:00+00:00,2.953125,-0.0016978273523084,0.0366395144545599,0.0591695938508672,-0.0841986738396096,0.2093956467798402,-0.0180855445078543,0.261424836651606,0.0701726937193656,474726400.0,0.0,0.0,0.0,0.0,0.0,0.0,0.0,15.289999961853027,206.42999267578125,47.599998474121094,55.11000061035156,19100.0,2.04,1.52,2.04,0.64,0.0,0.0,0.0,0.0,0.0,-7417600.0,0.0,0.0,0.0,0.0,0.0,0.0,0.0,-3.910000801086426,0.8899993896484375,-5.670001983642578,-2.220001220703125,0.0,-0.16999999999999993,-0.11999999999999988,-0.16999999999999993,0.0,0.0,0.0,0.0,0.0,0
2015-06-30 00:00:00+00:00,2.953125,-0.0016978273523084,0.0366395144545599,0.0591695938508672,-0.0841986738396096,0.2093956467798402,-0.0180855445078543,0.261424836651606,0.0701726937193656,467308800.0,0.0,0.0,0.0,0.0,0.0,0.0,0.0,18.229999542236328,205.8500061035156,59.470001220703125,63.59000015258789,19100.0,2.36,1.68,2.36,0.69,0.0,0.0,0.0,0.0,0.0,-7417600.0,0.0,0.0,0.0,0.0,0.0,0.0,0.0,2.939999580383301,-0.5799865722656534,11.870002746582031,8.479999542236328,0.0,0.31999999999999984,0.15999999999999992,0.31999999999999984,0.04999999999999993,0.0,0.0,0.0,0.0,0
2015-09-30 00:00:00+00:00,2.953125,-0.0016978273523084,0.0366395144545599,0.0591695938508672,-0.0841986738396096,0.2093956467798402,-0.0180855445078543,0.261424836651606,0.0701726937193656,482144000.0,0.0,0.0,0.0,0.0,0.0,0.0,0.0,24.5,191.6300048828125,45.09000015258789,48.369998931884766,19100.0,2.17,1.49,2.17,0.71,0.0,0.0,0.0,0.0,0.0,14835200.0,0.0,0.0,0.0,0.0,0.0,0.0,0.0,6.270000457763672,-14.220001220703097,-14.380001068115234,-15.220001220703125,0.0,-0.18999999999999995,-0.18999999999999995,-0.18999999999999995,0.020000000000000018,0.0,0.0,0.0,0.0,0
2015-12-31 00:00:00+00:00,2.953125,-0.0016978273523084,0.0366395144545599,0.0591695938508672,-0.0841986738396096,0.2093956467798402,-0.0180855445078543,0.261424836651606,0.0701726937193656,482144000.0,0.0,0.0,0.0,0.0,0.0,0.0,0.0,18.209999084472656,203.8699951171875,37.040000915527344,37.279998779296875,19100.0,2.24,1.7,2.24,0.98,0.0,0.0,0.0,0.0,0.0,0.0,0.0,0.0,0.0,0.0,0.0,0.0,0.0,-6.290000915527344,12.239990234375,-8.049999237060547,-11.09000015258789,0.0,0.07000000000000028,0.20999999999999996,0.07000000000000028,0.27,0.0,0.0,0.0,0.0,0
2016-03-31 00:00:00+00:00,2.953125,-0.0016978273523084,0.0366395144545599,0.0591695938508672,-0.0841986738396096,0.2093956467798402,-0.0180855445078543,0.261424836651606,0.0701726937193656,459891200.0,0.0,0.0,0.0,0.0,0.0,0.0,0.0,13.949999809265137,205.52000427246097,38.34000015258789,39.599998474121094,19100.0,1.89,1.38,1.89,0.88,0.0,0.0,0.0,0.0,0.0,-22252800.0,0.0,0.0,0.0,0.0,0.0,0.0,0.0,-4.2599992752075195,1.650009155273466,1.2999992370605469,2.3199996948242188,0.0,-0.3500000000000003,-0.32000000000000006,-0.3500000000000003,-0.09999999999999998,0.0,0.0,0.0,0.0,0
2016-06-30 00:00:00+00:00,2.953125,-0.0016978273523084,0.0366395144545599,0.0591695938508672,-0.0841986738396096,0.2093956467798402,-0.0180855445078543,0.261424836651606,0.0701726937193656,482144000.0,0.0,0.0,0.0,0.0,0.0,0.0,0.0,15.630000114440918,209.47999572753903,48.33000183105469,49.68000030517578,19100.0,1.64,1.17,1.64,0.73,0.0,0.0,0.0,0.0,0.0,22252800.0,0.0,0.0,0.0,0.0,0.0,0.0,0.0,1.6800003051757812,3.959991455078068,9.990001678466797,10.080001831054688,0.0,-0.25,-0.20999999999999996,-0.25,-0.15000000000000002,0.0,0.0,0.0,0.0,0
2016-09-30 00:00:00+00:00,2.953125,-0.0016978273523084,0.0366395144545599,0.0591695938508672,-0.0841986738396096,0.2093956467798402,-0.0180855445078543,0.261424836651606,0.0701726937193656,474726400.0,0.0,0.0,0.0,0.0,0.0,0.0,0.0,13.289999961853027,216.3000030517578,48.2400016784668,49.060001373291016,19100.0,1.63,1.18,1.63,0.77,0.0,0.0,0.0,0.0,0.0,-7417600.0,0.0,0.0,0.0,0.0,0.0,0.0,0.0,-2.3400001525878906,6.820007324218778,-0.09000015258789062,-0.6199989318847656,0.0,-0.010000000000000009,0.010000000000000009,-0.010000000000000009,0.040000000000000036,0.0,0.0,0.0,0.0,0
2016-12-31 00:00:00+00:00,2.953125,-0.0016978273523084,0.0366395144545599,0.0591695938508672,-0.0841986738396096,0.2093956467798402,-0.0180855445078543,0.261424836651606,0.0701726937193656,474726400.0,0.0,0.0,0.0,0.0,0.0,0.0,0.0,14.039999961853027,223.52999877929688,53.720001220703125,56.130001068115234,19100.0,2.49,1.96,2.49,1.2,0.0,0.0,0.0,0.0,0.0,0.0,0.0,0.0,0.0,0.0,0.0,0.0,0.0,0.75,7.2299957275390625,5.479999542236328,7.069999694824219,0.0,0.8600000000000003,0.78,0.8600000000000003,0.42999999999999994,0.0,0.0,0.0,0.0,0
2017-03-31 00:00:00+00:00,2.953125,-0.0016978273523084,0.0366395144545599,0.0591695938508672,-0.0841986738396096,0.2093956467798402,-0.0180855445078543,0.261424836651606,0.0701726937193656,467308800.0,0.0,0.0,0.0,0.0,0.0,0.0,0.0,12.369999885559082,235.7400054931641,50.599998474121094,52.83000183105469,19100.0,2.48,2.01,2.48,1.31,0.0,0.0,0.0,0.0,0.0,-7417600.0,0.0,0.0,0.0,0.0,0.0,0.0,0.0,-1.6700000762939453,12.210006713867216,-3.1200027465820312,-3.299999237060547,0.0,-0.010000000000000231,0.04999999999999982,-0.010000000000000231,0.1100000000000001,0.0,0.0,0.0,0.0,0
2017-06-30 00:00:00+00:00,2.953125,-0.0016978273523084,0.0366395144545599,0.0591695938508672,-0.0841986738396096,0.2093956467798402,-0.0180855445078543,0.261424836651606,0.0701726937193656,474726400.0,0.0,0.0,0.0,0.0,0.0,0.0,0.0,11.18000030517578,241.8000030517578,46.040000915527344,47.91999816894531,19100.0,2.19,1.77,2.19,1.34,0.0,0.0,0.0,0.0,0.0,7417600.0,0.0,0.0,0.0,0.0,0.0,0.0,0.0,-1.1899995803833026,6.059997558593722,-4.55999755859375,-4.910003662109375,0.0,-0.29000000000000004,-0.23999999999999977,-0.29000000000000004,0.030000000000000027,0.0,0.0,0.0,0.0,0
2017-09-30 00:00:00+00:00,2.953125,-0.0016978273523084,0.0366395144545599,0.0591695938508672,-0.0841986738396096,0.2093956467798402,-0.0180855445078543,0.261424836651606,0.0701726937193656,474726400.0,0.0,0.0,0.0,0.0,0.0,0.0,0.0,9.510000228881836,251.22999572753903,51.66999816894531,57.540000915527344,19100.0,2.2,1.8,2.2,1.38,0.0,0.0,0.0,0.0,0.0,0.0,0.0,0.0,0.0,0.0,0.0,0.0,0.0,-1.6700000762939435,9.429992675781222,5.629997253417969,9.620002746582031,0.0,0.010000000000000231,0.030000000000000027,0.010000000000000231,0.039999999999999813,0.0,0.0,0.0,0.0,0
2017-12-31 00:00:00+00:00,2.953125,-0.0016978273523084,0.0366395144545599,0.0591695938508672,-0.0841986738396096,0.2093956467798402,-0.0180855445078543,0.261424836651606,0.0701726937193656,474726400.0,0.0,0.0,0.0,0.0,0.0,0.0,0.0,11.039999961853027,266.8599853515625,60.41999816894531,66.5999984741211,14470.0,2.4,2.18,2.4,1.84,0.0,0.0,0.0,0.0,0.0,0.0,0.0,0.0,0.0,0.0,0.0,0.0,0.0,1.5299997329711914,15.629989624023466,8.75,9.05999755859375,-4630.0,0.19999999999999973,0.3800000000000001,0.19999999999999973,0.4600000000000002,0.0,0.0,0.0,0.0,0
2018-03-31 00:00:00+00:00,2.953125,-0.0016978273523084,0.0366395144545599,0.0591695938508672,-0.0841986738396096,0.2093956467798402,-0.0180855445078543,0.261424836651606,0.0701726937193656,459891200.0,0.0,0.0,0.0,0.0,0.0,0.0,0.0,19.969999313354492,263.1499938964844,64.94000244140625,70.2699966430664,7389.91015625,2.84,2.63,2.84,2.28,0.0,0.0,0.0,0.0,0.0,-14835200.0,0.0,0.0,0.0,0.0,0.0,0.0,0.0,8.929999351501465,-3.709991455078125,4.5200042724609375,3.6699981689453125,-7080.08984375,0.43999999999999995,0.44999999999999973,0.43999999999999995,0.4399999999999997,0.0,0.0,0.0,0.0,0
2018-06-30 00:00:00+00:00,2.953125,-0.0016978273523084,0.0366395144545599,0.0591695938508672,-0.0841986738396096,0.2093956467798402,-0.0180855445078543,0.261424836651606,0.0701726937193656,482144000.0,0.0,0.0,0.0,0.0,0.0,0.0,0.0,16.09000015258789,271.2799987792969,74.1500015258789,79.44000244140625,5885.8798828125,2.91,2.78,2.91,2.53,0.0,0.0,0.0,0.0,0.0,22252800.0,0.0,0.0,0.0,0.0,0.0,0.0,0.0,-3.8799991607666016,8.1300048828125,9.209999084472656,9.170005798339844,-1504.0302734375,0.07000000000000028,0.1499999999999999,0.07000000000000028,0.25,0.0,0.0,0.0,0.0,0
2018-09-30 00:00:00+00:00,2.953125,-0.0016978273523084,0.0366395144545599,0.0591695938508672,-0.0841986738396096,0.2093956467798402,-0.0180855445078543,0.261424836651606,0.0701726937193656,482144000.0,0.0,0.0,0.0,0.0,0.0,0.0,0.0,12.119999885559082,290.7200012207031,73.25,82.72000122070312,6647.7998046875,3.0,2.89,3.0,2.77,0.0,0.0,0.0,0.0,0.0,0.0,0.0,0.0,0.0,0.0,0.0,0.0,0.0,-3.9700002670288086,19.44000244140625,-0.9000015258789062,3.279998779296875,761.919921875,0.08999999999999986,0.11000000000000032,0.08999999999999986,0.2400000000000002,0.0,0.0,0.0,0.0,0
2018-12-31 00:00:00+00:00,2.953125,-0.0016978273523084,0.0366395144545599,0.0591695938508672,-0.0841986738396096,0.2093956467798402,-0.0180855445078543,0.261424836651606,0.0701726937193656,474726400.0,0.0,0.0,0.0,0.0,0.0,0.0,0.0,25.420000076293945,249.9199981689453,45.40999984741211,53.79999923706055,3650.0,2.83,2.68,2.83,2.68,0.0,0.0,0.0,0.0,0.0,-7417600.0,0.0,0.0,0.0,0.0,0.0,0.0,0.0,13.300000190734863,-40.80000305175781,-27.84000015258789,-28.920001983642578,-2997.7998046875,-0.16999999999999993,-0.20999999999999996,-0.16999999999999993,-0.08999999999999986,0.0,0.0,0.0,0.0,0
2019-03-31 00:00:00+00:00,2.953125,-0.0016978273523084,0.0366395144545599,0.0591695938508672,-0.0841986738396096,0.2093956467798402,-0.0180855445078543,0.261424836651606,0.0701726937193656,459891200.0,0.0,0.0,0.0,0.0,0.0,0.0,0.0,13.710000038146973,282.4800109863281,60.13999938964844,68.38999938964844,4079.360107421875,2.57,2.37,2.57,2.41,0.0,0.0,0.0,0.0,0.0,-14835200.0,0.0,0.0,0.0,0.0,0.0,0.0,0.0,-11.710000038146973,32.56001281738281,14.729999542236328,14.59000015258789,429.360107421875,-0.26000000000000023,-0.31000000000000005,-0.26000000000000023,-0.27,0.0,0.0,0.0,0.0,0
2019-06-30 00:00:00+00:00,2.953125,-0.0016978273523084,0.0366395144545599,0.0591695938508672,-0.0841986738396096,0.2093956467798402,-0.0180855445078543,0.261424836651606,0.0701726937193656,474726400.0,0.0,0.0,0.0,0.0,0.0,0.0,0.0,15.079999923706056,293.0,58.470001220703125,66.55000305175781,11763.7900390625,2.07,1.83,2.07,1.81,0.0,0.0,0.0,0.0,0.0,14835200.0,0.0,0.0,0.0,0.0,0.0,0.0,0.0,1.3699998855590838,10.519989013671875,-1.6699981689453125,-1.839996337890625,7684.429931640625,-0.5,-0.54,-0.5,-0.6000000000000001,0.0,0.0,0.0,0.0,0
2019-09-30 00:00:00+00:00,2.953125,-0.0016978273523084,0.0366395144545599,0.0591695938508672,-0.0841986738396096,0.2093956467798402,-0.0180855445078543,0.261424836651606,0.0701726937193656,482144000.0,0.0,0.0,0.0,0.0,0.0,0.0,0.0,16.239999771118164,296.7699890136719,54.06999969482422,60.779998779296875,8335.0,1.7,1.57,1.7,1.65,0.0,0.0,0.0,0.0,0.0,7417600.0,0.0,0.0,0.0,0.0,0.0,0.0,0.0,1.1599998474121076,3.769989013671875,-4.400001525878906,-5.7700042724609375,-3428.7900390625,-0.3699999999999999,-0.26,-0.3699999999999999,-0.16000000000000014,0.0,0.0,0.0,0.0,0
2019-12-31 00:00:00+00:00,2.953125,-0.0016978273523084,0.0366395144545599,0.0591695938508672,-0.0841986738396096,0.2093956467798402,-0.0180855445078543,0.261424836651606,0.0701726937193656,482144000.0,0.0,0.0,0.0,0.0,0.0,0.0,0.0,13.779999732971191,321.8599853515625,61.060001373291016,66.0,7210.0,1.86,1.68,1.86,1.61,0.0,0.0,0.0,0.0,0.0,0.0,0.0,0.0,0.0,0.0,0.0,0.0,0.0,-2.4600000381469727,25.089996337890625,6.990001678466797,5.220001220703125,-1125.0,0.16000000000000014,0.10999999999999988,0.16000000000000014,-0.039999999999999813,0.0,0.0,0.0,0.0,0
2020-03-31 00:00:00+00:00,2.953125,-0.0016978273523084,0.0366395144545599,0.0591695938508672,-0.0841986738396096,0.2093956467798402,-0.0180855445078543,0.261424836651606,0.0701726937193656,482144000.0,0.0,0.0,0.0,0.0,0.0,0.0,0.0,53.540000915527344,257.75,20.479999542236328,22.739999771118164,6475.0,0.87,0.59,0.87,0.45,0.0,0.0,0.0,0.0,0.0,0.0,0.0,0.0,0.0,0.0,0.0,0.0,0.0,39.76000118255615,-64.1099853515625,-40.58000183105469,-43.260000228881836,-735.0,-0.9900000000000001,-1.0899999999999999,-0.9900000000000001,-1.1600000000000001,0.0,0.0,0.0,0.0,0
2020-06-30 00:00:00+00:00,2.953125,-0.0016978273523084,0.0366395144545599,0.0591695938508672,-0.0841986738396096,0.2093956467798402,-0.0180855445078543,0.261424836651606,0.0701726937193656,467308800.0,0.0,0.0,0.0,0.0,0.0,0.0,0.0,30.43000030517578,308.3599853515625,39.27000045776367,41.150001525878906,9185.0,0.73,0.34,0.73,0.19,0.0,0.0,0.0,0.0,0.0,-14835200.0,0.0,0.0,0.0,0.0,0.0,0.0,0.0,-23.110000610351562,50.6099853515625,18.790000915527344,18.410001754760742,2710.0,-0.14,-0.24999999999999994,-0.14,-0.26,0.0,0.0,0.0,0.0,0
2020-09-30 00:00:00+00:00,2.953125,-0.0016978273523084,0.0366395144545599,0.0591695938508672,-0.0841986738396096,0.2093956467798402,-0.0180855445078543,0.261424836651606,0.0701726937193656,482144000.0,0.0,0.0,0.0,0.0,0.0,0.0,0.0,26.3700008392334,334.8900146484375,40.220001220703125,40.95000076293945,10770.0,0.68,0.27,0.68,0.13,0.0,0.0,0.0,0.0,0.0,14835200.0,0.0,0.0,0.0,0.0,0.0,0.0,0.0,-4.059999465942383,26.530029296875,0.9500007629394531,-0.20000076293945312,1585.0,-0.04999999999999993,-0.07,-0.04999999999999993,-0.06,0.0,0.0,0.0,0.0,0
2020-12-31 00:00:00+00:00,2.953125,-0.0016978273523084,0.0366395144545599,0.0591695938508672,-0.0841986738396096,0.2093956467798402,-0.0180855445078543,0.261424836651606,0.0701726937193656,482144000.0,0.0,0.0,0.0,0.0,0.0,0.0,0.0,22.75,373.8800048828125,48.52000045776367,51.79999923706055,29385.0,0.93,0.39,0.93,0.14,0.0,0.0,0.0,0.0,0.0,0.0,0.0,0.0,0.0,0.0,0.0,0.0,0.0,-3.6200008392333984,38.989990234375,8.299999237060547,10.849998474121094,18615.0,0.25,0.12,0.25,0.010000000000000009,0.0,0.0,0.0,0.0,0
2021-03-31 00:00:00+00:00,2.953125,-0.0016978273523084,0.0366395144545599,0.0591695938508672,-0.0841986738396096,0.2093956467798402,-0.0180855445078543,0.261424836651606,0.0701726937193656,459891200.0,0.0,0.0,0.0,0.0,0.0,0.0,0.0,19.399999618530273,396.3299865722656,59.15999984741211,63.540000915527344,59285.0,1.61,0.82,1.61,0.15,0.0,0.0,0.0,0.0,0.0,-22252800.0,0.0,0.0,0.0,0.0,0.0,0.0,0.0,-3.3500003814697266,22.449981689453125,10.639999389648438,11.740001678466797,29900.0,0.68,0.42999999999999994,0.68,0.009999999999999981,0.0,0.0,0.0,0.0,0
2021-06-30 00:00:00+00:00,2.953125,-0.0016978273523084,0.0366395144545599,0.0591695938508672,-0.0841986738396096,0.2093956467798402,-0.0180855445078543,0.261424836651606,0.0701726937193656,474726400.0,0.0,0.0,0.0,0.0,0.0,0.0,0.0,15.829999923706056,428.05999755859375,73.47000122070312,75.12999725341797,34725.0,1.52,0.84,1.52,0.2,0.0,0.0,0.0,0.0,0.0,14835200.0,0.0,0.0,0.0,0.0,0.0,0.0,0.0,-3.569999694824217,31.730010986328125,14.310001373291016,11.589996337890625,-24560.0,-0.09000000000000008,0.020000000000000018,-0.09000000000000008,0.05000000000000002,0.0,0.0,0.0,0.0,0
2021-09-30 00:00:00+00:00,2.953125,-0.0016978273523084,0.0366395144545599,0.0591695938508672,-0.0841986738396096,0.2093956467798402,-0.0180855445078543,0.261424836651606,0.0701726937193656,482144000.0,0.0,0.0,0.0,0.0,0.0,0.0,0.0,23.13999938964844,429.1400146484375,75.02999877929688,78.5199966430664,43615.0,1.37,0.86,1.37,0.24,0.0,0.0,0.0,0.0,0.0,7417600.0,0.0,0.0,0.0,0.0,0.0,0.0,0.0,7.309999465942385,1.08001708984375,1.55999755859375,3.3899993896484375,8890.0,-0.1499999999999999,0.020000000000000018,-0.1499999999999999,0.03999999999999998,0.0,0.0,0.0,0.0,0
2021-12-31 00:00:00+00:00,2.953125,-0.0016978273523084,0.0366395144545599,0.0591695938508672,-0.0841986738396096,0.2093956467798402,-0.0180855445078543,0.261424836651606,0.0701726937193656,474726400.0,0.0,0.0,0.0,0.0,0.0,0.0,0.0,17.219999313354492,474.9599914550781,75.20999908447266,77.77999877929688,47977.03125,1.47,1.23,1.47,0.68,0.0,0.0,0.0,0.0,0.0,-7417600.0,0.0,0.0,0.0,0.0,0.0,0.0,0.0,-5.920000076293949,45.819976806640625,0.18000030517578125,-0.7399978637695312,4362.03125,0.09999999999999987,0.37,0.09999999999999987,0.44000000000000006,0.0,0.0,0.0,0.0,0
2022-03-31 00:00:00+00:00,2.953125,-0.0016978273523084,0.0366395144545599,0.0591695938508672,-0.0841986738396096,0.2093956467798402,-0.0180855445078543,0.261424836651606,0.0701726937193656,467308800.0,0.0,0.0,0.0,0.0,0.0,0.0,0.0,20.559999465942383,451.6400146484375,100.27999877929688,107.91000366210938,45735.0,2.13,2.11,2.13,1.91,0.0,0.0,0.0,0.0,0.0,-7417600.0,0.0,0.0,0.0,0.0,0.0,0.0,0.0,3.3400001525878906,-23.319976806640625,25.06999969482422,30.1300048828125,-2242.03125,0.6599999999999999,0.8799999999999999,0.6599999999999999,1.23,0.0,0.0,0.0,0.0,0
2022-06-30 00:00:00+00:00,2.953125,-0.0016978273523084,0.0366395144545599,0.0591695938508672,-0.0841986738396096,0.2093956467798402,-0.0180855445078543,0.261424836651606,0.0701726937193656,467308800.0,0.0,0.0,0.0,0.0,0.0,0.0,0.0,28.709999084472656,377.25,105.76000213623048,114.80999755859376,18760.0,3.14,3.19,3.14,3.0,0.0,0.0,0.0,0.0,0.0,0.0,0.0,0.0,0.0,0.0,0.0,0.0,0.0,8.149999618530273,-74.3900146484375,5.480003356933608,6.899993896484389,-26975.0,1.0100000000000002,1.08,1.0100000000000002,1.09,0.0,0.0,0.0,0.0,0
2022-09-30 00:00:00+00:00,2.953125,-0.0016978273523084,0.0366395144545599,0.0591695938508672,-0.0841986738396096,0.2093956467798402,-0.0180855445078543,0.261424836651606,0.0701726937193656,474726400.0,0.0,0.0,0.0,0.0,0.0,0.0,0.0,31.6200008392334,357.17999267578125,79.48999786376953,87.95999908447266,19698.599609375,3.52,3.7,3.52,3.86,0.0,0.0,0.0,0.0,0.0,7417600.0,0.0,0.0,0.0,0.0,0.0,0.0,0.0,2.910001754760742,-20.07000732421875,-26.27000427246095,-26.849998474121108,938.599609375,0.3799999999999999,0.5100000000000002,0.3799999999999999,0.8599999999999999,0.0,0.0,0.0,0.0,0
2022-12-31 00:00:00+00:00,2.953125,-0.0016978273523084,0.0366395144545599,0.0591695938508672,-0.0841986738396096,0.2093956467798402,-0.0180855445078543,0.261424836651606,0.0701726937193656,474726400.0,0.0,0.0,0.0,0.0,0.0,0.0,0.0,21.670000076293945,382.4299926757813,80.26000213623047,85.91000366210938,16498.080078125,3.62,3.76,3.62,4.29,0.0,0.0,0.0,0.0,0.0,0.0,0.0,0.0,0.0,0.0,0.0,0.0,0.0,-9.950000762939453,25.250000000000057,0.7700042724609375,-2.0499954223632812,-3200.51953125,0.10000000000000009,0.05999999999999961,0.10000000000000009,0.43000000000000016,0.0,0.0,0.0,0.0,0
2023-03-31 00:00:00+00:00,2.953125,-0.0016978273523084,0.0366395144545599,0.0591695938508672,-0.0841986738396096,0.2093956467798402,-0.0180855445078543,0.261424836651606,0.0701726937193656,467308800.0,0.0,0.0,0.0,0.0,0.0,0.0,0.0,18.700000762939453,409.3900146484375,75.66999816894531,79.7699966430664,28476.5,3.66,3.82,3.66,4.3,0.0,0.0,0.0,0.0,0.0,-7417600.0,0.0,0.0,0.0,0.0,0.0,0.0,0.0,-2.969999313354492,26.960021972656193,-4.590003967285156,-6.140007019042969,11978.419921875,0.040000000000000036,0.06000000000000005,0.040000000000000036,0.009999999999999787,0.0,0.0,0.0,0.0,0
2023-06-30 00:00:00+00:00,2.953125,-0.0016978273523084,0.0366395144545599,0.0591695938508672,-0.0841986738396096,0.2093956467798402,-0.0180855445078543,0.261424836651606,0.0701726937193656,467308800.0,0.0,0.0,0.0,0.0,0.0,0.0,0.0,13.59000015258789,443.2799987792969,70.63999938964844,74.9000015258789,30128.509765625,3.75,3.95,3.75,4.64,0.0,0.0,0.0,0.0,0.0,0.0,0.0,0.0,0.0,0.0,0.0,0.0,0.0,-5.1100006103515625,33.889984130859375,-5.029998779296875,-4.8699951171875,1652.009765625,0.08999999999999986,0.13000000000000034,0.08999999999999986,0.33999999999999986,0.0,0.0,0.0,0.0,0
2023-09-30 00:00:00+00:00,2.953125,-0.0016978273523084,0.0366395144545599,0.0591695938508672,-0.0841986738396096,0.2093956467798402,-0.0180855445078543,0.261424836651606,0.0701726937193656,474726400.0,0.0,0.0,0.0,0.0,0.0,0.0,0.0,17.520000457763672,427.4800109863281,90.79000091552734,95.30999755859376,26869.689453125,4.38,4.49,4.38,5.02,0.0,0.0,0.0,0.0,0.0,7417600.0,0.0,0.0,0.0,0.0,0.0,0.0,0.0,3.9300003051757812,-15.79998779296875,20.150001525878906,20.409996032714858,-3258.8203125,0.6299999999999999,0.54,0.6299999999999999,0.3799999999999999,0.0,0.0,0.0,0.0,0
2023-12-31 00:00:00+00:00,2.953125,-0.0016978273523084,0.0366395144545599,0.0591695938508672,-0.0841986738396096,0.2093956467798402,-0.0180855445078543,0.261424836651606,0.0701726937193656,482144000.0,0.0,0.0,0.0,0.0,0.0,0.0,0.0,12.449999809265137,475.30999755859375,71.6500015258789,77.04000091552734,42679.73828125,4.02,4.0,4.02,4.46,0.0,0.0,0.0,0.0,0.0,7417600.0,0.0,0.0,0.0,0.0,0.0,0.0,0.0,-5.070000648498535,47.829986572265625,-19.139999389648438,-18.26999664306642,15810.048828125,-0.3600000000000003,-0.4900000000000002,-0.3600000000000003,-0.5599999999999996,0.0,0.0,0.0,0.0,1
2024-03-31 00:00:00+00:00,146.75999450683594,0.0045665356468381,0.0218106812021564,0.0001453483752166,-0.1264792251214646,0.0474452274358762,-0.070829457993067,0.1465535007592429,-0.0981079267708232,374808300.0,1.82,1.6515,0.1685,10.2028,0.1310753521702921,-0.0175885547391808,0.1003644795643036,13.010000228881836,523.0700073242188,83.16999816894531,87.4800033569336,71296.171875,4.21,4.2,4.21,4.59,0.4864692818544968,0.3263590620227947,0.0,0.0,143.80686950683594,-107335700.0,1.82,1.6515,0.1685,10.2028,0.1310753521702921,-0.0175885547391808,0.1003644795643036,0.5600004196166992,47.760009765625,11.519996643066406,10.44000244140625,28616.43359375,0.1900000000000004,0.20000000000000018,0.1900000000000004,0.1299999999999999,0.4864692818544968,0.3263590620227947,0.0,0.0,0
2024-06-30 00:00:00+00:00,145.32000732421875,-0.0166938534504913,1.6355093467574666,0.0219050492748205,1.812450865638266,0.0313250906429141,2.383202374379884,0.06726470652772,2.711681585233969,169841600.0,1.46,1.3553,0.1047,7.7252,0.1299063604387994,-0.0283887678203399,0.0995082194861885,12.4399995803833,544.219970703125,81.54000091552734,86.41000366210938,61024.23046875,4.31,4.32,4.31,4.74,0.0329362355743266,0.0098954663958256,0.0,0.0,-1.4399871826171875,-204966700.0,-0.3600000000000001,-0.2962,-0.06380000000000001,-2.4776,-0.00116899173149268,-0.0108002130811591,-0.0008562600781150953,-0.5700006484985352,21.14996337890625,-1.6299972534179688,-1.0699996948242188,-10271.94140625,0.09999999999999964,0.1200000000000001,0.09999999999999964,0.15000000000000036,-0.45353304628017016,-0.3164635956269691,0.0,0.0,1
2024-09-30 00:00:00+00:00,150.50999450683594,-0.0102956584070089,-0.1654824925058995,-0.0092747103866038,-0.2001665963006492,0.0277570477806162,-0.2172285288997935,0.0496998962443205,-0.1739890107758817,136024000.0,1.59,1.4938,0.0962,6.44,0.131795210124278,-0.025094220098074,0.0988859414853375,16.729999542236328,573.760009765625,68.16999816894531,71.7699966430664,63745.0,3.72,3.5,3.72,3.62,0.0,0.1833146772618846,0.11846153846153847,0.11730769230769231,5.1899871826171875,-33817600.0,0.13000000000000012,0.13850000000000007,-0.008500000000000008,-1.2851999999999997,0.0018888496854785886,0.0032945477222658982,-0.0006222780008510037,4.289999961853027,29.5400390625,-13.370002746582031,-14.640007019042969,2720.76953125,-0.5899999999999994,-0.8200000000000003,-0.5899999999999994,-1.12,-0.0329362355743266,0.173419210866059,0.11846153846153847,0.11730769230769231,0
2024-12-31 00:00:00+00:00,149.9199981689453,-0.0279903084091183,0.0310068142413612,0.0128931140306846,-0.179979133349867,0.0131037842243331,0.0140963490680652,0.04135898599562,0.0356440576023847,148136200.0,1.48,1.3963,0.0837,5.9944,0.1264681364310198,-0.0363934944907791,0.0955845472352602,15.109999656677246,606.7899780273438,69.9000015258789,73.19000244140625,107825.0,4.36,4.23,4.36,4.26,0.4322798911391409,0.0,0.12606060606060607,0.15636363636363634,-0.589996337890625,12112200.0,-0.1100000000000001,-0.09749999999999992,-0.012499999999999997,-0.44560000000000066,-0.005327073693258189,-0.011299274392705103,-0.0033013942500772914,-1.619999885559082,33.02996826171875,1.7300033569335938,1.4200057983398438,44080.0,0.6400000000000001,0.7300000000000004,0.6400000000000001,0.6399999999999997,0.4322798911391409,-0.1833146772618846,0.007599067599067602,0.039055944055944036,0
